profile_id,device_info,os,browser,screen,device_type
Windows | UnknownOS | chrome 62.0 | UnknownScreen,Windows,,chrome 62.0,,desktop
UnknownDevice | Linux | chrome 62.0 | 1920x1080,,Linux,chrome 62.0,1920x1080,desktop
BLADE A602 Build/MRA58K | UnknownOS | chrome 62.0 for android | UnknownScreen,BLADE A602 Build/MRA58K,,chrome 62.0 for android,,mobile
XT1635-02 Build/NPN26.118-22-2 | UnknownOS | chrome 62.0 for android | UnknownScreen,XT1635-02 Build/NPN26.118-22-2,,chrome 62.0 for android,,mobile
Windows | Windows 10 | chrome 62.0 | 1024x768,Windows,Windows 10,chrome 62.0,1024x768,desktop
UnknownDevice | Android | chrome 62.0 | 2560x1440,,Android,chrome 62.0,2560x1440,mobile
Windows | UnknownOS | firefox 57.0 | UnknownScreen,Windows,,firefox 57.0,,desktop
UnknownDevice | UnknownOS | mobile safari 11.0 | UnknownScreen,,,mobile safari 11.0,,mobile
UnknownDevice | UnknownOS | chrome 62.0 for ios | UnknownScreen,,,chrome 62.0 for ios,,mobile
rv:52.0 | Windows 10 | firefox | 1440x900,rv:52.0,Windows 10,firefox,1440x900,desktop
UnknownDevice | UnknownOS | chrome 62.0 | UnknownScreen,,,chrome 62.0,,desktop
UnknownDevice | UnknownOS | mobile safari generic | UnknownScreen,,,mobile safari generic,,mobile
Windows | Windows 10 | edge 14.0 | 1280x1024,Windows,Windows 10,edge 14.0,1280x1024,desktop
Blade V6 Plus Build/MRA58K | UnknownOS | chrome 62.0 for android | UnknownScreen,Blade V6 Plus Build/MRA58K,,chrome 62.0 for android,,mobile
Windows | Windows 10 | chrome 62.0 | 1366x768,Windows,Windows 10,chrome 62.0,1366x768,desktop
BLL-L23 Build/HUAWEIBLL-L23 | UnknownOS | chrome 62.0 for android | UnknownScreen,BLL-L23 Build/HUAWEIBLL-L23,,chrome 62.0 for android,,mobile
iOS Device | iOS 9.3.5 | mobile safari 9.0 | 2048x1536,iOS Device,iOS 9.3.5,mobile safari 9.0,2048x1536,mobile
KYOCERA-C6742A Build/LMY47V | Android 5.1.1 | chrome generic | 960x540,KYOCERA-C6742A Build/LMY47V,Android 5.1.1,chrome generic,960x540,mobile
D5306 Build/19.4.A.0.182 | UnknownOS | chrome 62.0 for android | UnknownScreen,D5306 Build/19.4.A.0.182,,chrome 62.0 for android,,mobile
Trident/7.0 | UnknownOS | ie 11.0 for desktop | UnknownScreen,Trident/7.0,,ie 11.0 for desktop,,desktop
UnknownDevice | UnknownOS | firefox 57.0 | UnknownScreen,,,firefox 57.0,,desktop
MacOS | Mac OS X 10_10_5 | safari generic | 2560x1600,MacOS,Mac OS X 10_10_5,safari generic,2560x1600,desktop
Moto E (4) Build/NMA26.42-19 | UnknownOS | chrome generic | UnknownScreen,Moto E (4) Build/NMA26.42-19,,chrome generic,,mobile
E2306 Build/26.3.A.1.33 | UnknownOS | chrome 62.0 for android | UnknownScreen,E2306 Build/26.3.A.1.33,,chrome 62.0 for android,,mobile
SM-J700M Build/MMB29K | UnknownOS | chrome 62.0 for android | UnknownScreen,SM-J700M Build/MMB29K,,chrome 62.0 for android,,mobile
LG-H420 Build/LRX21Y | UnknownOS | other | UnknownScreen,LG-H420 Build/LRX21Y,,other,,mobile
UnknownDevice | UnknownOS | opera 49.0 | UnknownScreen,,,opera 49.0,,desktop
GT-I9060M Build/KTU84P | UnknownOS | chrome 62.0 for android | UnknownScreen,GT-I9060M Build/KTU84P,,chrome 62.0 for android,,mobile
rv:38.0 | UnknownOS | firefox | UnknownScreen,rv:38.0,,firefox,,desktop
iOS Device | iOS 10.3.3 | mobile safari 10.0 | 1136x640,iOS Device,iOS 10.3.3,mobile safari 10.0,1136x640,mobile
SM-J700M Build/MMB29K | UnknownOS | chrome 61.0 for android | UnknownScreen,SM-J700M Build/MMB29K,,chrome 61.0 for android,,mobile
SM-E500M Build/KTU84P | UnknownOS | chrome 62.0 for android | UnknownScreen,SM-E500M Build/KTU84P,,chrome 62.0 for android,,mobile
Windows | Windows 7 | chrome 62.0 | 1920x1200,Windows,Windows 7,chrome 62.0,1920x1200,desktop
Windows | Windows 10 | edge 15.0 | UnknownScreen,Windows,Windows 10,edge 15.0,,desktop
UnknownDevice | UnknownOS | chrome 49.0 | UnknownScreen,,,chrome 49.0,,desktop
Windows | UnknownOS | edge 14.0 | UnknownScreen,Windows,,edge 14.0,,desktop
UnknownDevice | UnknownOS | chrome | UnknownScreen,,,chrome,,desktop
Moto G Play Build/MPIS24.241-15.3-26 | UnknownOS | chrome 62.0 for android | UnknownScreen,Moto G Play Build/MPIS24.241-15.3-26,,chrome 62.0 for android,,mobile
iOS Device | iOS 10.2.0 | mobile safari 10.0 | 1136x640,iOS Device,iOS 10.2.0,mobile safari 10.0,1136x640,mobile
SGP521 | UnknownOS | chrome 62.0 for android | UnknownScreen,SGP521,,chrome 62.0 for android,,mobile
Windows | UnknownOS | edge 15.0 | UnknownScreen,Windows,,edge 15.0,,desktop
Trident/7.0 | Windows 7 | ie 11.0 for desktop | UnknownScreen,Trident/7.0,Windows 7,ie 11.0 for desktop,,desktop
SM-G531H Build/LMY48B | UnknownOS | chrome 57.0 for android | UnknownScreen,SM-G531H Build/LMY48B,,chrome 57.0 for android,,mobile
UnknownDevice | UnknownOS | chrome 56.0 | UnknownScreen,,,chrome 56.0,,desktop
MacOS | Mac OS X 10_11_6 | chrome 62.0 | 2560x1600,MacOS,Mac OS X 10_11_6,chrome 62.0,2560x1600,desktop
SM-G935F Build/MMB29K | UnknownOS | chrome 62.0 for android | UnknownScreen,SM-G935F Build/MMB29K,,chrome 62.0 for android,,mobile
LG-X180g Build/LMY47I | UnknownOS | chrome 46.0 for android | UnknownScreen,LG-X180g Build/LMY47I,,chrome 46.0 for android,,mobile
Windows | Windows 7 | chrome 62.0 | 1280x1024,Windows,Windows 7,chrome 62.0,1280x1024,desktop
es-us | UnknownOS | android webview 4.0 | UnknownScreen,es-us,,android webview 4.0,,mobile
Moto E (4) Plus Build/NMA26.42-69 | UnknownOS | chrome generic | UnknownScreen,Moto E (4) Plus Build/NMA26.42-69,,chrome generic,,mobile
Windows | Windows 7 | chrome 62.0 | 1920x1080,Windows,Windows 7,chrome 62.0,1920x1080,desktop
Windows | Windows 10 | edge 14.0 | 1920x1080,Windows,Windows 10,edge 14.0,1920x1080,desktop
7055A Build/KVT49L | UnknownOS | chrome 62.0 for android | UnknownScreen,7055A Build/KVT49L,,chrome 62.0 for android,,mobile
iOS Device | iOS 11.1.2 | mobile safari 11.0 | 1334x750,iOS Device,iOS 11.1.2,mobile safari 11.0,1334x750,mobile
UnknownDevice | Android | chrome 62.0 | 1280x720,,Android,chrome 62.0,1280x720,mobile
MacOS | Mac OS X 10_12_3 | chrome 62.0 | 1440x900,MacOS,Mac OS X 10_12_3,chrome 62.0,1440x900,desktop
Windows | Windows 10 | edge 15.0 | 1600x900,Windows,Windows 10,edge 15.0,1600x900,desktop
UnknownDevice | UnknownOS | mobile safari 10.0 | UnknownScreen,,,mobile safari 10.0,,mobile
iOS Device | iOS 11.1.2 | mobile safari 11.0 | 2208x1242,iOS Device,iOS 11.1.2,mobile safari 11.0,2208x1242,mobile
LG-K410 Build/LRX22G | UnknownOS | chrome 62.0 for android | UnknownScreen,LG-K410 Build/LRX22G,,chrome 62.0 for android,,mobile
LG-H870 Build/NRD90U | UnknownOS | chrome 62.0 for android | UnknownScreen,LG-H870 Build/NRD90U,,chrome 62.0 for android,,mobile
Windows | Windows 10 | chrome 62.0 | UnknownScreen,Windows,Windows 10,chrome 62.0,,desktop
Moto G (5) Plus Build/NPN25.137-72 | UnknownOS | android webview 4.0 | UnknownScreen,Moto G (5) Plus Build/NPN25.137-72,,android webview 4.0,,mobile
Windows | Windows 10 | chrome 62.0 | 1920x1080,Windows,Windows 10,chrome 62.0,1920x1080,desktop
Moto G (5) Build/NPP25.137-72 | UnknownOS | chrome generic | UnknownScreen,Moto G (5) Build/NPP25.137-72,,chrome generic,,mobile
iOS Device | iOS 11.1.0 | mobile safari 11.0 | 2048x1536,iOS Device,iOS 11.1.0,mobile safari 11.0,2048x1536,mobile
ALE-L23 Build/HuaweiALE-L23 | UnknownOS | chrome 46.0 for android | UnknownScreen,ALE-L23 Build/HuaweiALE-L23,,chrome 46.0 for android,,mobile
M4 SS4450 Build/MRA58K | UnknownOS | other | UnknownScreen,M4 SS4450 Build/MRA58K,,other,,mobile
LG-K580 Build/MRA58K | UnknownOS | chrome 62.0 for android | UnknownScreen,LG-K580 Build/MRA58K,,chrome 62.0 for android,,mobile
Trident/7.0 | Windows 10 | ie 11.0 for desktop | 1680x1050,Trident/7.0,Windows 10,ie 11.0 for desktop,1680x1050,desktop
Moto G (4) Build/NPJ25.93-14.5 | UnknownOS | chrome generic | UnknownScreen,Moto G (4) Build/NPJ25.93-14.5,,chrome generic,,mobile
SM-T710 Build/NRD90M | UnknownOS | chrome 62.0 for android | UnknownScreen,SM-T710 Build/NRD90M,,chrome 62.0 for android,,mobile
SAMSUNG | UnknownOS | chrome generic | UnknownScreen,SAMSUNG,,chrome generic,,mobile
Windows | UnknownOS | chrome 61.0 | UnknownScreen,Windows,,chrome 61.0,,desktop
ONE TOUCH 4033A Build/JDQ39 | UnknownOS | chrome 62.0 for android | UnknownScreen,ONE TOUCH 4033A Build/JDQ39,,chrome 62.0 for android,,mobile
F5121 Build/34.3.A.0.228 | UnknownOS | chrome 62.0 for android | UnknownScreen,F5121 Build/34.3.A.0.228,,chrome 62.0 for android,,mobile
iOS Device | iOS 11.0.1 | mobile safari 11.0 | 2732x2048,iOS Device,iOS 11.0.1,mobile safari 11.0,2732x2048,mobile
Blade V6 Build/LRX22G | UnknownOS | chrome 62.0 for android | UnknownScreen,Blade V6 Build/LRX22G,,chrome 62.0 for android,,mobile
SM-J510MN Build/MMB29M | UnknownOS | chrome 62.0 for android | UnknownScreen,SM-J510MN Build/MMB29M,,chrome 62.0 for android,,mobile
Moto G (4) Build/NPJS25.93-14-10 | UnknownOS | chrome generic | UnknownScreen,Moto G (4) Build/NPJS25.93-14-10,,chrome generic,,mobile
SAMSUNG SM-J700M Build/MMB29K | UnknownOS | samsung browser 6.2 | UnknownScreen,SAMSUNG SM-J700M Build/MMB29K,,samsung browser 6.2,,mobile
SM-G935F Build/NRD90M | UnknownOS | chrome 62.0 for android | UnknownScreen,SM-G935F Build/NRD90M,,chrome 62.0 for android,,mobile
Windows | Windows Vista | firefox 52.0 | 1280x800,Windows,Windows Vista,firefox 52.0,1280x800,desktop
SM-G531H Build/LMY48B | UnknownOS | chrome 62.0 for android | UnknownScreen,SM-G531H Build/LMY48B,,chrome 62.0 for android,,mobile
Moto C Build/NRD90M.063 | UnknownOS | chrome 62.0 for android | UnknownScreen,Moto C Build/NRD90M.063,,chrome 62.0 for android,,mobile
MacOS | Mac OS X 10_13_1 | chrome 62.0 | 5120x2880,MacOS,Mac OS X 10_13_1,chrome 62.0,5120x2880,desktop
Windows | Windows 7 | chrome 62.0 | 1366x768,Windows,Windows 7,chrome 62.0,1366x768,desktop
Windows | Windows 8.1 | chrome 62.0 | 1366x768,Windows,Windows 8.1,chrome 62.0,1366x768,desktop
LG-D693n Build/LRX22G | UnknownOS | chrome 60.0 for android | UnknownScreen,LG-D693n Build/LRX22G,,chrome 60.0 for android,,mobile
HUAWEI RIO-L03 Build/HUAWEIRIO-L03 | UnknownOS | chrome 62.0 for android | UnknownScreen,HUAWEI RIO-L03 Build/HUAWEIRIO-L03,,chrome 62.0 for android,,mobile
SAMSUNG SM-N910A Build/MMB29M | Android 6.0.1 | samsung browser 6.2 | 2560x1440,SAMSUNG SM-N910A Build/MMB29M,Android 6.0.1,samsung browser 6.2,2560x1440,mobile
SM-G532M Build/MMB29T | UnknownOS | chrome 60.0 for android | UnknownScreen,SM-G532M Build/MMB29T,,chrome 60.0 for android,,mobile
Windows | Windows 7 | firefox 57.0 | 1366x768,Windows,Windows 7,firefox 57.0,1366x768,desktop
iOS Device | iOS 11.2.0 | mobile safari 11.0 | 1334x750,iOS Device,iOS 11.2.0,mobile safari 11.0,1334x750,mobile
LG-D331 Build/LRX22G | UnknownOS | chrome 60.0 for android | UnknownScreen,LG-D331 Build/LRX22G,,chrome 60.0 for android,,mobile
Windows | Windows 10 | edge 15.0 | 1920x1080,Windows,Windows 10,edge 15.0,1920x1080,desktop
Windows | Windows 8 | chrome 62.0 | UnknownScreen,Windows,Windows 8,chrome 62.0,,desktop
Windows | Windows 8.1 | chrome 62.0 | 1920x1080,Windows,Windows 8.1,chrome 62.0,1920x1080,desktop
LG-H500 Build/LRX21Y | UnknownOS | chrome 59.0 for android | UnknownScreen,LG-H500 Build/LRX21Y,,chrome 59.0 for android,,mobile
UnknownDevice | UnknownOS | chrome 61.0 | UnknownScreen,,,chrome 61.0,,desktop
SM-A510M Build/NRD90M | UnknownOS | chrome 62.0 for android | UnknownScreen,SM-A510M Build/NRD90M,,chrome 62.0 for android,,mobile
Blade V6 Max Build/MRA58K | UnknownOS | chrome 62.0 for android | UnknownScreen,Blade V6 Max Build/MRA58K,,chrome 62.0 for android,,mobile
iOS Device | iOS 10.3.3 | mobile safari 10.0 | 1334x750,iOS Device,iOS 10.3.3,mobile safari 10.0,1334x750,mobile
iOS Device | iOS 11.1.2 | mobile safari 11.0 | 2224x1668,iOS Device,iOS 11.1.2,mobile safari 11.0,2224x1668,mobile
Windows | Windows 8.1 | chrome 62.0 | 1600x900,Windows,Windows 8.1,chrome 62.0,1600x900,desktop
MotoG3 Build/MPIS24.65-33.1-2-16 | UnknownOS | chrome 62.0 for android | UnknownScreen,MotoG3 Build/MPIS24.65-33.1-2-16,,chrome 62.0 for android,,mobile
Windows | Windows 10 | firefox 57.0 | 1600x900,Windows,Windows 10,firefox 57.0,1600x900,desktop
iOS Device | iOS 11.1.1 | mobile safari 11.0 | 1334x750,iOS Device,iOS 11.1.1,mobile safari 11.0,1334x750,mobile
Trident/7.0 | Windows 10 | ie 11.0 for desktop | UnknownScreen,Trident/7.0,Windows 10,ie 11.0 for desktop,,desktop
UnknownDevice | UnknownOS | safari generic | UnknownScreen,,,safari generic,,desktop
MotoG3-TE | UnknownOS | chrome 62.0 for android | UnknownScreen,MotoG3-TE,,chrome 62.0 for android,,mobile
UnknownDevice | UnknownOS | mobile safari 9.0 | UnknownScreen,,,mobile safari 9.0,,mobile
Hisense F20 Build/MMB29M | UnknownOS | chrome 62.0 for android | UnknownScreen,Hisense F20 Build/MMB29M,,chrome 62.0 for android,,mobile
SM-G532M Build/MMB29T | UnknownOS | Samsung/SM-G532M | UnknownScreen,SM-G532M Build/MMB29T,,Samsung/SM-G532M,,mobile
SM-A710M Build/LMY47X | UnknownOS | chrome 60.0 for android | UnknownScreen,SM-A710M Build/LMY47X,,chrome 60.0 for android,,mobile
iOS Device | iOS 11.0.1 | mobile safari 11.0 | 2048x1536,iOS Device,iOS 11.0.1,mobile safari 11.0,2048x1536,mobile
LG-H320 Build/LRX21Y | UnknownOS | chrome 51.0 for android | UnknownScreen,LG-H320 Build/LRX21Y,,chrome 51.0 for android,,mobile
SM-G550T Build/MMB29K | Android 6.0.1 | chrome 59.0 for android | 1280x720,SM-G550T Build/MMB29K,Android 6.0.1,chrome 59.0 for android,1280x720,mobile
Windows | Windows 10 | chrome 62.0 | 1600x900,Windows,Windows 10,chrome 62.0,1600x900,desktop
SM-G530H Build/LRX22G | UnknownOS | chrome 62.0 for android | UnknownScreen,SM-G530H Build/LRX22G,,chrome 62.0 for android,,mobile
SAMSUNG SM-T810 Build/NRD90M | UnknownOS | samsung browser 6.2 | UnknownScreen,SAMSUNG SM-T810 Build/NRD90M,,samsung browser 6.2,,mobile
HUAWEI TAG-L13 Build/HUAWEITAG-L13 | UnknownOS | chrome 62.0 for android | UnknownScreen,HUAWEI TAG-L13 Build/HUAWEITAG-L13,,chrome 62.0 for android,,mobile
GT-I9060M Build/KTU84P | UnknownOS | chrome 60.0 for android | UnknownScreen,GT-I9060M Build/KTU84P,,chrome 60.0 for android,,mobile
ALE-L23 Build/HuaweiALE-L23 | UnknownOS | chrome 62.0 for android | UnknownScreen,ALE-L23 Build/HuaweiALE-L23,,chrome 62.0 for android,,mobile
SM-G570M Build/MMB29K | UnknownOS | chrome 62.0 for android | UnknownScreen,SM-G570M Build/MMB29K,,chrome 62.0 for android,,mobile
iOS Device | iOS 11.0.3 | mobile safari 11.0 | 2001x1125,iOS Device,iOS 11.0.3,mobile safari 11.0,2001x1125,mobile
SM-J200M Build/LMY47X | UnknownOS | chrome 62.0 for android | UnknownScreen,SM-J200M Build/LMY47X,,chrome 62.0 for android,,mobile
BLADE V8 SE Build/NRD90M | UnknownOS | chrome 62.0 for android | UnknownScreen,BLADE V8 SE Build/NRD90M,,chrome 62.0 for android,,mobile
LG-H542 Build/MRA58K | UnknownOS | chrome 52.0 for android | UnknownScreen,LG-H542 Build/MRA58K,,chrome 52.0 for android,,mobile
iOS Device | iOS 11.1.2 | mobile safari generic | 1334x750,iOS Device,iOS 11.1.2,mobile safari generic,1334x750,mobile
Windows | Windows 10 | edge 15.0 | 1366x768,Windows,Windows 10,edge 15.0,1366x768,desktop
SM-P350 Build/MMB29M | UnknownOS | chrome 62.0 for android | UnknownScreen,SM-P350 Build/MMB29M,,chrome 62.0 for android,,mobile
UnknownDevice | UnknownOS | chrome 51.0 | UnknownScreen,,,chrome 51.0,,desktop
HTC Desire 650 Build/MMB29M | UnknownOS | chrome 60.0 for android | UnknownScreen,HTC Desire 650 Build/MMB29M,,chrome 60.0 for android,,mobile
Pixel Build/OPR3.170623.013 | Android 8.0.0 | UnknownBrowser | UnknownScreen,Pixel Build/OPR3.170623.013,Android 8.0.0,,,mobile
Windows | Windows 10 | chrome 62.0 | 1280x800,Windows,Windows 10,chrome 62.0,1280x800,desktop
SM-J710MN Build/MMB29K | UnknownOS | chrome 62.0 for android | UnknownScreen,SM-J710MN Build/MMB29K,,chrome 62.0 for android,,mobile
SM-J120H Build/LMY47V | UnknownOS | chrome 61.0 for android | UnknownScreen,SM-J120H Build/LMY47V,,chrome 61.0 for android,,mobile
MacOS | Mac OS X 10_12_6 | safari generic | 1440x900,MacOS,Mac OS X 10_12_6,safari generic,1440x900,desktop
MacOS | Mac OS X 10_12_4 | safari generic | 3360x2100,MacOS,Mac OS X 10_12_4,safari generic,3360x2100,desktop
SM-J510MN Build/MMB29M | UnknownOS | chrome 61.0 for android | UnknownScreen,SM-J510MN Build/MMB29M,,chrome 61.0 for android,,mobile
Windows | UnknownOS | edge 16.0 | UnknownScreen,Windows,,edge 16.0,,desktop
SAMSUNG SM-G950U Build/NRD90M | Android 7.0 | samsung browser 6.2 | 2220x1080,SAMSUNG SM-G950U Build/NRD90M,Android 7.0,samsung browser 6.2,2220x1080,mobile
rv:57.0 | UnknownOS | firefox 57.0 | UnknownScreen,rv:57.0,,firefox 57.0,,desktop
Moto G (5) Plus Build/NPNS25.137-15-11 | UnknownOS | chrome generic | UnknownScreen,Moto G (5) Plus Build/NPNS25.137-15-11,,chrome generic,,mobile
MacOS | Mac OS X 10_12_6 | chrome 61.0 | 2880x1800,MacOS,Mac OS X 10_12_6,chrome 61.0,2880x1800,desktop
SM-G925I Build/LMY47X | UnknownOS | chrome 62.0 for android | UnknownScreen,SM-G925I Build/LMY47X,,chrome 62.0 for android,,mobile
Lenovo K33b36 Build/NRD90N | UnknownOS | chrome 62.0 for android | UnknownScreen,Lenovo K33b36 Build/NRD90N,,chrome 62.0 for android,,mobile
UnknownDevice | Android | chrome 61.0 | 1366x768,,Android,chrome 61.0,1366x768,mobile
SM-J320M Build/LMY47V | UnknownOS | chrome 62.0 for android | UnknownScreen,SM-J320M Build/LMY47V,,chrome 62.0 for android,,mobile
SM-G930U Build/NRD90M | UnknownOS | chrome 62.0 for android | UnknownScreen,SM-G930U Build/NRD90M,,chrome 62.0 for android,,mobile
CAM-L03 Build/HUAWEICAM-L03 | UnknownOS | chrome 62.0 for android | UnknownScreen,CAM-L03 Build/HUAWEICAM-L03,,chrome 62.0 for android,,mobile
Moto Z2 Play Build/NPS26.118-19 | UnknownOS | chrome 62.0 for android | UnknownScreen,Moto Z2 Play Build/NPS26.118-19,,chrome 62.0 for android,,mobile
MacOS | Mac OS X 10_10_5 | safari generic | 1280x800,MacOS,Mac OS X 10_10_5,safari generic,1280x800,desktop
Windows | Windows 7 | chrome 61.0 | 1920x1080,Windows,Windows 7,chrome 61.0,1920x1080,desktop
Ilium LT500 Build/LMY47O | UnknownOS | chrome 60.0 for android | UnknownScreen,Ilium LT500 Build/LMY47O,,chrome 60.0 for android,,mobile
MacOS | Mac OS X 10_11_6 | safari generic | 1280x800,MacOS,Mac OS X 10_11_6,safari generic,1280x800,desktop
Y635-L03 Build/HuaweiY635-L03 | UnknownOS | chrome 62.0 for android | UnknownScreen,Y635-L03 Build/HuaweiY635-L03,,chrome 62.0 for android,,mobile
Windows | Windows 7 | chrome 62.0 | 1680x1050,Windows,Windows 7,chrome 62.0,1680x1050,desktop
HUAWEI VNS-L23 Build/HUAWEIVNS-L23 | UnknownOS | chrome 62.0 for android | UnknownScreen,HUAWEI VNS-L23 Build/HUAWEIVNS-L23,,chrome 62.0 for android,,mobile
MacOS | Mac OS X 10_11_6 | chrome 62.0 | 1440x900,MacOS,Mac OS X 10_11_6,chrome 62.0,1440x900,desktop
Windows | Windows 10 | firefox 57.0 | 1280x1024,Windows,Windows 10,firefox 57.0,1280x1024,desktop
HTC Desire 626s Build/LMY47O | UnknownOS | chrome 61.0 for android | UnknownScreen,HTC Desire 626s Build/LMY47O,,chrome 61.0 for android,,mobile
SM-J510MN Build/MMB29M | UnknownOS | chrome 60.0 for android | UnknownScreen,SM-J510MN Build/MMB29M,,chrome 60.0 for android,,mobile
MacOS | Mac OS X 10_12_6 | chrome 62.0 | 1440x900,MacOS,Mac OS X 10_12_6,chrome 62.0,1440x900,desktop
LG-H500 Build/LRX21Y | UnknownOS | chrome 61.0 for android | UnknownScreen,LG-H500 Build/LRX21Y,,chrome 61.0 for android,,mobile
Windows | Windows 10 | chrome 62.0 | 1440x900,Windows,Windows 10,chrome 62.0,1440x900,desktop
SM-A720F Build/MMB29K | UnknownOS | chrome 62.0 for android | UnknownScreen,SM-A720F Build/MMB29K,,chrome 62.0 for android,,mobile
MacOS | Mac OS X 10_11_6 | safari generic | 1440x900,MacOS,Mac OS X 10_11_6,safari generic,1440x900,desktop
Trident/7.0 | Windows 7 | ie 11.0 for desktop | 1920x1080,Trident/7.0,Windows 7,ie 11.0 for desktop,1920x1080,desktop
iOS Device | iOS 11.2.0 | mobile safari 11.0 | 2208x1242,iOS Device,iOS 11.2.0,mobile safari 11.0,2208x1242,mobile
Windows | Windows 10 | chrome 62.0 | 1280x1024,Windows,Windows 10,chrome 62.0,1280x1024,desktop
rv:11.0 | UnknownOS | ie 11.0 for desktop | UnknownScreen,rv:11.0,,ie 11.0 for desktop,,desktop
iOS Device | iOS 10.3.3 | mobile safari 10.0 | 2048x1536,iOS Device,iOS 10.3.3,mobile safari 10.0,2048x1536,mobile
rv:11.0 | Windows 7 | ie 11.0 for desktop | 1600x900,rv:11.0,Windows 7,ie 11.0 for desktop,1600x900,desktop
XT1064 Build/MPB24.65-34-3 | UnknownOS | chrome 62.0 for android | UnknownScreen,XT1064 Build/MPB24.65-34-3,,chrome 62.0 for android,,mobile
Windows | Windows 10 | chrome 62.0 | 2160x1440,Windows,Windows 10,chrome 62.0,2160x1440,desktop
Windows | Windows 7 | ie 11.0 for desktop | UnknownScreen,Windows,Windows 7,ie 11.0 for desktop,,desktop
Trident/7.0 | Windows 7 | ie 11.0 for desktop | 1280x1024,Trident/7.0,Windows 7,ie 11.0 for desktop,1280x1024,desktop
iOS Device | iOS 11.1.2 | mobile safari 11.0 | 2048x1536,iOS Device,iOS 11.1.2,mobile safari 11.0,2048x1536,mobile
rv:57.0 | UnknownOS | firefox | UnknownScreen,rv:57.0,,firefox,,desktop
D5803 Build/23.5.A.1.291 | UnknownOS | chrome 62.0 for android | UnknownScreen,D5803 Build/23.5.A.1.291,,chrome 62.0 for android,,mobile
GT-I8190L Build/JZO54K | UnknownOS | chrome 59.0 for android | UnknownScreen,GT-I8190L Build/JZO54K,,chrome 59.0 for android,,mobile
Z981 Build/MMB29M | Android 6.0.1 | chrome 62.0 for android | 1920x1080,Z981 Build/MMB29M,Android 6.0.1,chrome 62.0 for android,1920x1080,mobile
SM-G900V | UnknownOS | chrome 62.0 for android | UnknownScreen,SM-G900V,,chrome 62.0 for android,,mobile
ZEIA8 | UnknownOS | chrome 62.0 for android | UnknownScreen,ZEIA8,,chrome 62.0 for android,,mobile
Windows | Windows 10 | chrome 62.0 | 1152x864,Windows,Windows 10,chrome 62.0,1152x864,desktop
SM-N920P Build/NRD90M | Android 7.0 | chrome 62.0 for android | UnknownScreen,SM-N920P Build/NRD90M,Android 7.0,chrome 62.0 for android,,mobile
iOS Device | iOS 11.0.3 | mobile safari 11.0 | 2208x1242,iOS Device,iOS 11.0.3,mobile safari 11.0,2208x1242,mobile
SM-N910H | UnknownOS | chrome 62.0 for android | UnknownScreen,SM-N910H,,chrome 62.0 for android,,mobile
iOS Device | iOS 11.1.2 | mobile safari generic | 2208x1242,iOS Device,iOS 11.1.2,mobile safari generic,2208x1242,mobile
iOS Device | iOS 9.3.5 | mobile safari 9.0 | 1024x768,iOS Device,iOS 9.3.5,mobile safari 9.0,1024x768,mobile
LG-H840 Build/NRD90U | UnknownOS | chrome 62.0 for android | UnknownScreen,LG-H840 Build/NRD90U,,chrome 62.0 for android,,mobile
UnknownDevice | UnknownOS | chrome 58.0 | UnknownScreen,,,chrome 58.0,,desktop
SM-P600 Build/LMY47X | UnknownOS | chrome 62.0 for android | UnknownScreen,SM-P600 Build/LMY47X,,chrome 62.0 for android,,mobile
HTC U11 Build/NMF26X | UnknownOS | chrome 62.0 for android | UnknownScreen,HTC U11 Build/NMF26X,,chrome 62.0 for android,,mobile
Trident/7.0 | Windows 10 | ie 11.0 for tablet | 1920x1080,Trident/7.0,Windows 10,ie 11.0 for tablet,1920x1080,desktop
Ilium L910 Build/MRA58K | UnknownOS | chrome 62.0 for android | UnknownScreen,Ilium L910 Build/MRA58K,,chrome 62.0 for android,,mobile
rv:41.0 | UnknownOS | firefox | UnknownScreen,rv:41.0,,firefox,,desktop
SAMSUNG | Android | Samsung/SCH | 1920x1080,SAMSUNG,Android,Samsung/SCH,1920x1080,mobile
iOS Device | iOS | mobile safari 8.0 | 1136x640,iOS Device,iOS,mobile safari 8.0,1136x640,mobile
iOS Device | iOS 11.1.2 | mobile safari 11.0 | 2436x1125,iOS Device,iOS 11.1.2,mobile safari 11.0,2436x1125,mobile
Windows | Windows 8 | firefox 57.0 | 1366x768,Windows,Windows 8,firefox 57.0,1366x768,desktop
LG-H542 Build/MRA58K | UnknownOS | chrome 54.0 for android | UnknownScreen,LG-H542 Build/MRA58K,,chrome 54.0 for android,,mobile
Moto G Play Build/MPIS24.241-15.3-7 | UnknownOS | chrome 58.0 for android | UnknownScreen,Moto G Play Build/MPIS24.241-15.3-7,,chrome 58.0 for android,,mobile
Windows | Windows Vista | aol | 1024x768,Windows,Windows Vista,aol,1024x768,desktop
Windows | UnknownOS | chrome 63.0 | UnknownScreen,Windows,,chrome 63.0,,desktop
SM-G531H Build/LMY48B | UnknownOS | chrome 55.0 for android | UnknownScreen,SM-G531H Build/LMY48B,,chrome 55.0 for android,,mobile
D5306 Build/19.4.A.0.182 | UnknownOS | chrome 54.0 for android | UnknownScreen,D5306 Build/19.4.A.0.182,,chrome 54.0 for android,,mobile
MacOS | Mac OS X 10_9_5 | chrome 61.0 | 1920x1200,MacOS,Mac OS X 10_9_5,chrome 61.0,1920x1200,desktop
Windows | Windows 10 | chrome 62.0 | 1280x768,Windows,Windows 10,chrome 62.0,1280x768,desktop
rv:11.0 | Windows 7 | ie 11.0 for desktop | 1440x900,rv:11.0,Windows 7,ie 11.0 for desktop,1440x900,desktop
SM-A520F Build/NRD90M | UnknownOS | chrome 62.0 for android | UnknownScreen,SM-A520F Build/NRD90M,,chrome 62.0 for android,,mobile
Trident/7.0 | Windows 10 | ie 11.0 for desktop | 1366x768,Trident/7.0,Windows 10,ie 11.0 for desktop,1366x768,desktop
iOS Device | iOS 11.0.1 | mobile safari 11.0 | 2208x1242,iOS Device,iOS 11.0.1,mobile safari 11.0,2208x1242,mobile
iOS Device | iOS 10.2.1 | mobile safari 10.0 | 1136x640,iOS Device,iOS 10.2.1,mobile safari 10.0,1136x640,mobile
XT1003 | UnknownOS | chrome 62.0 for android | UnknownScreen,XT1003,,chrome 62.0 for android,,mobile
SM-T230 Build/KOT49H | UnknownOS | chrome 62.0 for android | UnknownScreen,SM-T230 Build/KOT49H,,chrome 62.0 for android,,mobile
UnknownDevice | UnknownOS | firefox | UnknownScreen,,,firefox,,desktop
Windows | UnknownOS | firefox 56.0 | UnknownScreen,Windows,,firefox 56.0,,desktop
UnknownDevice | UnknownOS | chrome 63.0 | UnknownScreen,,,chrome 63.0,,desktop
SM-J510FN | UnknownOS | chrome 62.0 for android | UnknownScreen,SM-J510FN,,chrome 62.0 for android,,mobile
7055A Build/KVT49L | UnknownOS | chrome 59.0 for android | UnknownScreen,7055A Build/KVT49L,,chrome 59.0 for android,,mobile
Lenovo | UnknownOS | chrome 62.0 for android | UnknownScreen,Lenovo,,chrome 62.0 for android,,mobile
SM-G935T Build/NRD90M | UnknownOS | chrome 62.0 for android | UnknownScreen,SM-G935T Build/NRD90M,,chrome 62.0 for android,,mobile
MacOS | Mac OS X 10_13_2 | chrome 63.0 | 1280x800,MacOS,Mac OS X 10_13_2,chrome 63.0,1280x800,desktop
5010S Build/MRA58K | UnknownOS | chrome 62.0 for android | UnknownScreen,5010S Build/MRA58K,,chrome 62.0 for android,,mobile
UnknownDevice | Android | chrome 63.0 | 1280x720,,Android,chrome 63.0,1280x720,mobile
M4 SS4450 Build/MRA58K | UnknownOS | chrome 55.0 for android | UnknownScreen,M4 SS4450 Build/MRA58K,,chrome 55.0 for android,,mobile
Windows | Windows 10 | edge 16.0 | 1920x1080,Windows,Windows 10,edge 16.0,1920x1080,desktop
LG-M700 Build/NMF26X | UnknownOS | chrome 58.0 for android | UnknownScreen,LG-M700 Build/NMF26X,,chrome 58.0 for android,,mobile
5054N | UnknownOS | chrome 61.0 for android | UnknownScreen,5054N,,chrome 61.0 for android,,mobile
F3213 Build/36.1.A.1.86 | UnknownOS | chrome 62.0 for android | UnknownScreen,F3213 Build/36.1.A.1.86,,chrome 62.0 for android,,mobile
CAM-L03 Build/HUAWEICAM-L03 | UnknownOS | chrome 60.0 for android | UnknownScreen,CAM-L03 Build/HUAWEICAM-L03,,chrome 60.0 for android,,mobile
LG-H870 Build/NRD90U | UnknownOS | chrome 61.0 for android | UnknownScreen,LG-H870 Build/NRD90U,,chrome 61.0 for android,,mobile
ALE-L23 Build/HuaweiALE-L23 | UnknownOS | chrome 51.0 for android | UnknownScreen,ALE-L23 Build/HuaweiALE-L23,,chrome 51.0 for android,,mobile
SM-J701M Build/NRD90M | UnknownOS | chrome 62.0 for android | UnknownScreen,SM-J701M Build/NRD90M,,chrome 62.0 for android,,mobile
rv:52.0 | Windows 7 | firefox 52.0 | 1920x1080,rv:52.0,Windows 7,firefox 52.0,1920x1080,desktop
Windows | Windows 10 | chrome 63.0 | 1920x1080,Windows,Windows 10,chrome 63.0,1920x1080,desktop
SM-G610M Build/MMB29K | UnknownOS | chrome 62.0 for android | UnknownScreen,SM-G610M Build/MMB29K,,chrome 62.0 for android,,mobile
HUAWEI CUN-L03 Build/HUAWEICUN-L03 | UnknownOS | chrome 50.0 for android | UnknownScreen,HUAWEI CUN-L03 Build/HUAWEICUN-L03,,chrome 50.0 for android,,mobile
Windows | Windows 10 | edge 15.0 | 1680x1050,Windows,Windows 10,edge 15.0,1680x1050,desktop
MacOS | Mac OS X 10_11_6 | safari generic | 2560x1600,MacOS,Mac OS X 10_11_6,safari generic,2560x1600,desktop
MDDRJS | Windows 7 | ie 11.0 for desktop | 1440x900,MDDRJS,Windows 7,ie 11.0 for desktop,1440x900,desktop
SM-G955F Build/NRD90M | UnknownOS | chrome 62.0 for android | UnknownScreen,SM-G955F Build/NRD90M,,chrome 62.0 for android,,mobile
UnknownDevice | Linux | chrome 62.0 | 1366x768,,Linux,chrome 62.0,1366x768,desktop
LG-H650 Build/MRA58K | UnknownOS | chrome 62.0 for android | UnknownScreen,LG-H650 Build/MRA58K,,chrome 62.0 for android,,mobile
SAMSUNG-SGH-I337 Build/KOT49H | UnknownOS | chrome 62.0 for android | UnknownScreen,SAMSUNG-SGH-I337 Build/KOT49H,,chrome 62.0 for android,,mobile
LG-K220 Build/MXB48T | UnknownOS | chrome 62.0 for android | UnknownScreen,LG-K220 Build/MXB48T,,chrome 62.0 for android,,mobile
UnknownDevice | UnknownOS | edge 15.0 | UnknownScreen,,,edge 15.0,,desktop
UnknownDevice | UnknownOS | chrome 60.0 | UnknownScreen,,,chrome 60.0,,desktop
SAMSUNG SM-G531H Build/LMY48B | UnknownOS | Samsung/SM-G531H | UnknownScreen,SAMSUNG SM-G531H Build/LMY48B,,Samsung/SM-G531H,,mobile
SM-G928G Build/NRD90M | UnknownOS | chrome 63.0 for android | UnknownScreen,SM-G928G Build/NRD90M,,chrome 63.0 for android,,mobile
iOS Device | iOS 11.1.0 | mobile safari 11.0 | 2224x1668,iOS Device,iOS 11.1.0,mobile safari 11.0,2224x1668,mobile
Hisense L675 Build/MRA58K | UnknownOS | chrome 60.0 for android | UnknownScreen,Hisense L675 Build/MRA58K,,chrome 60.0 for android,,mobile
iOS Device | iOS 10.2.1 | mobile safari 10.0 | 2001x1125,iOS Device,iOS 10.2.1,mobile safari 10.0,2001x1125,mobile
HUAWEI CUN-L03 Build/HUAWEICUN-L03 | UnknownOS | chrome 62.0 for android | UnknownScreen,HUAWEI CUN-L03 Build/HUAWEICUN-L03,,chrome 62.0 for android,,mobile
ALE-L23 Build/HuaweiALE-L23 | UnknownOS | chrome 63.0 for android | UnknownScreen,ALE-L23 Build/HuaweiALE-L23,,chrome 63.0 for android,,mobile
PRA-LX3 Build/HUAWEIPRA-LX3 | UnknownOS | chrome 62.0 for android | UnknownScreen,PRA-LX3 Build/HUAWEIPRA-LX3,,chrome 62.0 for android,,mobile
Windows | Windows 7 | chrome 62.0 | 1600x900,Windows,Windows 7,chrome 62.0,1600x900,desktop
Windows NT 6.2 | UnknownOS | ie | UnknownScreen,Windows NT 6.2,,ie,,desktop
Windows | Windows 7 | firefox 57.0 | 1280x1024,Windows,Windows 7,firefox 57.0,1280x1024,desktop
Windows | Windows 7 | chrome 55.0 | 1920x1080,Windows,Windows 7,chrome 55.0,1920x1080,desktop
MotoG3 Build/MPIS24.107-55-2-17 | UnknownOS | chrome 58.0 for android | UnknownScreen,MotoG3 Build/MPIS24.107-55-2-17,,chrome 58.0 for android,,mobile
rv:52.0 | UnknownOS | firefox | UnknownScreen,rv:52.0,,firefox,,desktop
MacOS | Mac OS X 10_12_1 | safari generic | 1920x1080,MacOS,Mac OS X 10_12_1,safari generic,1920x1080,desktop
Windows | Windows 10 | chrome 62.0 | 2736x1824,Windows,Windows 10,chrome 62.0,2736x1824,desktop
QTAIR7 Build/LMY47D | Android | chrome 62.0 for android | 1920x1200,QTAIR7 Build/LMY47D,Android,chrome 62.0 for android,1920x1200,mobile
Moto Z2 Play Build/NPS26.74-16-1 | UnknownOS | chrome 62.0 for android | UnknownScreen,Moto Z2 Play Build/NPS26.74-16-1,,chrome 62.0 for android,,mobile
F3113 Build/33.3.A.1.97 | UnknownOS | chrome 62.0 for android | UnknownScreen,F3113 Build/33.3.A.1.97,,chrome 62.0 for android,,mobile
SM-G930V Build/NRD90M | Android 7.0 | chrome 62.0 for android | 1920x1080,SM-G930V Build/NRD90M,Android 7.0,chrome 62.0 for android,1920x1080,mobile
SM-J111M Build/LMY47V | UnknownOS | chrome 62.0 for android | UnknownScreen,SM-J111M Build/LMY47V,,chrome 62.0 for android,,mobile
WAS-LX3 Build/HUAWEIWAS-LX3 | UnknownOS | chrome 62.0 for android | UnknownScreen,WAS-LX3 Build/HUAWEIWAS-LX3,,chrome 62.0 for android,,mobile
ILIUM | UnknownOS | chrome 59.0 for android | UnknownScreen,ILIUM,,chrome 59.0 for android,,mobile
MacOS | Mac OS X 10_13_1 | chrome 63.0 | 2880x1800,MacOS,Mac OS X 10_13_1,chrome 63.0,2880x1800,desktop
MacOS | Mac OS X 10_13_1 | chrome 62.0 | 1920x1080,MacOS,Mac OS X 10_13_1,chrome 62.0,1920x1080,desktop
Android 5.1 | UnknownOS | other | UnknownScreen,Android 5.1,,other,,mobile
XT1058 Build/LPAS23.12-21.7-1 | UnknownOS | chrome 62.0 for android | UnknownScreen,XT1058 Build/LPAS23.12-21.7-1,,chrome 62.0 for android,,mobile
iOS Device | iOS 11.1.2 | mobile safari 11.0 | 1136x640,iOS Device,iOS 11.1.2,mobile safari 11.0,1136x640,mobile
SAMSUNG | UnknownOS | samsung browser 6.2 | UnknownScreen,SAMSUNG,,samsung browser 6.2,,mobile
SM-G950F Build/NRD90M | UnknownOS | chrome 62.0 for android | UnknownScreen,SM-G950F Build/NRD90M,,chrome 62.0 for android,,mobile
Windows | Windows 10 | chrome 62.0 | 3200x1800,Windows,Windows 10,chrome 62.0,3200x1800,desktop
SKY_5.0LM | UnknownOS | chrome 62.0 for android | UnknownScreen,SKY_5.0LM,,chrome 62.0 for android,,mobile
SM-A320Y Build/NRD90M | UnknownOS | chrome 62.0 for android | UnknownScreen,SM-A320Y Build/NRD90M,,chrome 62.0 for android,,mobile
iOS Device | iOS 11.1.1 | mobile safari 11.0 | 1136x640,iOS Device,iOS 11.1.1,mobile safari 11.0,1136x640,mobile
HUAWEI | UnknownOS | chrome 62.0 for android | UnknownScreen,HUAWEI,,chrome 62.0 for android,,mobile
SM-J700M Build/MMB29K | UnknownOS | chrome 63.0 for android | UnknownScreen,SM-J700M Build/MMB29K,,chrome 63.0 for android,,mobile
VerykoolS5030 | UnknownOS | chrome 61.0 for android | UnknownScreen,VerykoolS5030,,chrome 61.0 for android,,mobile
SM-J320P Build/LMY47X | UnknownOS | chrome 63.0 for android | UnknownScreen,SM-J320P Build/LMY47X,,chrome 63.0 for android,,mobile
Ilium X710 Build/MRA58K | UnknownOS | chrome 62.0 for android | UnknownScreen,Ilium X710 Build/MRA58K,,chrome 62.0 for android,,mobile
Windows | Windows 10 | edge 16.0 | UnknownScreen,Windows,Windows 10,edge 16.0,,desktop
LG-D693n Build/LRX22G | UnknownOS | chrome 59.0 for android | UnknownScreen,LG-D693n Build/LRX22G,,chrome 59.0 for android,,mobile
SLA-L03 Build/HUAWEISLA-L03 | UnknownOS | chrome 63.0 for android | UnknownScreen,SLA-L03 Build/HUAWEISLA-L03,,chrome 63.0 for android,,mobile
MacOS | Mac OS X 10_11_6 | safari generic | 1920x1080,MacOS,Mac OS X 10_11_6,safari generic,1920x1080,desktop
Trident/7.0 | Windows 10 | ie 11.0 for tablet | UnknownScreen,Trident/7.0,Windows 10,ie 11.0 for tablet,,desktop
iOS Device | iOS 11.1.1 | mobile safari 11.0 | 2208x1242,iOS Device,iOS 11.1.1,mobile safari 11.0,2208x1242,mobile
iOS Device | iOS 10.3.1 | mobile safari 10.0 | 2048x1536,iOS Device,iOS 10.3.1,mobile safari 10.0,2048x1536,mobile
iOS Device | iOS 10.3.2 | mobile safari 10.0 | 2048x1536,iOS Device,iOS 10.3.2,mobile safari 10.0,2048x1536,mobile
Windows | Windows 10 | chrome 63.0 | 1366x768,Windows,Windows 10,chrome 63.0,1366x768,desktop
Lenovo A2016b30 Build/MRA58K | UnknownOS | chrome 62.0 for android | UnknownScreen,Lenovo A2016b30 Build/MRA58K,,chrome 62.0 for android,,mobile
Windows | Windows XP | firefox 52.0 | 1280x768,Windows,Windows XP,firefox 52.0,1280x768,desktop
LG-H871 | Android 7.0 | firefox | 2672x1440,LG-H871,Android 7.0,firefox,2672x1440,mobile
iOS Device | iOS 10.3.1 | mobile safari 10.0 | 1334x750,iOS Device,iOS 10.3.1,mobile safari 10.0,1334x750,mobile
LG-K500 Build/MMB29M | UnknownOS | chrome 62.0 for android | UnknownScreen,LG-K500 Build/MMB29M,,chrome 62.0 for android,,mobile
XT1032 Build/LPBS23.13-56-2 | UnknownOS | chrome 62.0 for android | UnknownScreen,XT1032 Build/LPBS23.13-56-2,,chrome 62.0 for android,,mobile
SM-G955U Build/NRD90M | Android 7.0 | chrome 62.0 for android | 2220x1080,SM-G955U Build/NRD90M,Android 7.0,chrome 62.0 for android,2220x1080,mobile
LG-D693n Build/LRX22G | UnknownOS | chrome | UnknownScreen,LG-D693n Build/LRX22G,,chrome,,mobile
UnknownDevice | UnknownOS | chrome 57.0 | UnknownScreen,,,chrome 57.0,,desktop
SM-G532M Build/MMB29T | UnknownOS | chrome 52.0 for android | UnknownScreen,SM-G532M Build/MMB29T,,chrome 52.0 for android,,mobile
Windows | Windows 10 | edge 14.0 | UnknownScreen,Windows,Windows 10,edge 14.0,,desktop
XT1032 Build/KXB21.14-L1.40 | UnknownOS | chrome generic | UnknownScreen,XT1032 Build/KXB21.14-L1.40,,chrome generic,,mobile
Windows | Windows 10 | edge 15.0 | 1280x1024,Windows,Windows 10,edge 15.0,1280x1024,desktop
rv:57.0 | Mac OS X 10.11 | firefox 57.0 | 1280x800,rv:57.0,Mac OS X 10.11,firefox 57.0,1280x800,desktop
LG-X180g Build/LMY47I | UnknownOS | chrome 60.0 for android | UnknownScreen,LG-X180g Build/LMY47I,,chrome 60.0 for android,,mobile
Blade | UnknownOS | chrome 62.0 for android | UnknownScreen,Blade,,chrome 62.0 for android,,mobile
UnknownDevice | UnknownOS | chrome 55.0 | UnknownScreen,,,chrome 55.0,,desktop
SM-J700M Build/LMY48B | UnknownOS | chrome 62.0 for android | UnknownScreen,SM-J700M Build/LMY48B,,chrome 62.0 for android,,mobile
LG-X210 Build/LMY47I | UnknownOS | chrome 62.0 for android | UnknownScreen,LG-X210 Build/LMY47I,,chrome 62.0 for android,,mobile
Moto G (5) Plus Build/NPN25.137-72 | UnknownOS | chrome generic | UnknownScreen,Moto G (5) Plus Build/NPN25.137-72,,chrome generic,,mobile
LG-M700 Build/NMF26X | UnknownOS | chrome 62.0 for android | UnknownScreen,LG-M700 Build/NMF26X,,chrome 62.0 for android,,mobile
MacOS | Mac OS X 10_13_1 | safari generic | 5120x2880,MacOS,Mac OS X 10_13_1,safari generic,5120x2880,desktop
SM-T713 Build/NRD90M | UnknownOS | chrome 62.0 for android | UnknownScreen,SM-T713 Build/NRD90M,,chrome 62.0 for android,,mobile
HUAWEI VNS-L53 Build/HUAWEIVNS-L53 | UnknownOS | chrome 61.0 for android | UnknownScreen,HUAWEI VNS-L53 Build/HUAWEIVNS-L53,,chrome 61.0 for android,,mobile
MacOS | Mac OS X 10_13_1 | safari generic | 2560x1600,MacOS,Mac OS X 10_13_1,safari generic,2560x1600,desktop
XT1040 | UnknownOS | chrome 62.0 for android | UnknownScreen,XT1040,,chrome 62.0 for android,,mobile
iOS Device | iOS 10.3.1 | mobile safari generic | 1334x750,iOS Device,iOS 10.3.1,mobile safari generic,1334x750,mobile
LG-X180g Build/LMY47I | UnknownOS | chrome 61.0 for android | UnknownScreen,LG-X180g Build/LMY47I,,chrome 61.0 for android,,mobile
Windows | Windows 8.1 | chrome 63.0 | 1600x900,Windows,Windows 8.1,chrome 63.0,1600x900,desktop
Moto G Play Build/MPIS24.241-15.3-7 | UnknownOS | chrome 62.0 for android | UnknownScreen,Moto G Play Build/MPIS24.241-15.3-7,,chrome 62.0 for android,,mobile
E6853 | UnknownOS | chrome 62.0 for android | UnknownScreen,E6853,,chrome 62.0 for android,,mobile
F8331 | UnknownOS | chrome 62.0 for android | UnknownScreen,F8331,,chrome 62.0 for android,,mobile
LG-M154 | UnknownOS | chrome 63.0 for android | UnknownScreen,LG-M154,,chrome 63.0 for android,,mobile
MacOS | Mac OS X 10_13_1 | chrome 62.0 | 1440x900,MacOS,Mac OS X 10_13_1,chrome 62.0,1440x900,desktop
8050G Build/LMY47I | UnknownOS | chrome 46.0 for android | UnknownScreen,8050G Build/LMY47I,,chrome 46.0 for android,,mobile
HELIO | UnknownOS | chrome 59.0 for android | UnknownScreen,HELIO,,chrome 59.0 for android,,mobile
MotoG3 Build/MPI24.65-33.1-2 | UnknownOS | chrome 63.0 for android | UnknownScreen,MotoG3 Build/MPI24.65-33.1-2,,chrome 63.0 for android,,mobile
rv:55.0 | Windows 7 | firefox 55.0 | 1366x768,rv:55.0,Windows 7,firefox 55.0,1366x768,desktop
Lenovo TB-7703X Build/S100 | UnknownOS | chrome 63.0 for android | UnknownScreen,Lenovo TB-7703X Build/S100,,chrome 63.0 for android,,mobile
Trident/7.0 | Windows 7 | ie 11.0 for desktop | 1600x900,Trident/7.0,Windows 7,ie 11.0 for desktop,1600x900,desktop
LT30p | UnknownOS | chrome 50.0 for android | UnknownScreen,LT30p,,chrome 50.0 for android,,mobile
SM-J500M Build/LMY48B | UnknownOS | chrome 62.0 for android | UnknownScreen,SM-J500M Build/LMY48B,,chrome 62.0 for android,,mobile
Moto G (4) Build/NPJ25.93-14 | UnknownOS | chrome generic | UnknownScreen,Moto G (4) Build/NPJ25.93-14,,chrome generic,,mobile
MHA-L09 Build/HUAWEIMHA-L09 | UnknownOS | chrome 62.0 for android | UnknownScreen,MHA-L09 Build/HUAWEIMHA-L09,,chrome 62.0 for android,,mobile
MacOS | Mac OS X 10_13_1 | safari generic | 2880x1800,MacOS,Mac OS X 10_13_1,safari generic,2880x1800,desktop
Windows | Windows 10 | chrome 61.0 | 1366x768,Windows,Windows 10,chrome 61.0,1366x768,desktop
Mi A1 Build/N2G47H | UnknownOS | opera | UnknownScreen,Mi A1 Build/N2G47H,,opera,,mobile
SAMSUNG-SM-G935A Build/NRD90M | Android 7.0 | chrome 62.0 for android | 1920x1080,SAMSUNG-SM-G935A Build/NRD90M,Android 7.0,chrome 62.0 for android,1920x1080,mobile
LG-X220 Build/LMY47I | UnknownOS | chrome 50.0 for android | UnknownScreen,LG-X220 Build/LMY47I,,chrome 50.0 for android,,mobile
BLADE V8 Build/NRD90M | UnknownOS | chrome 58.0 for android | UnknownScreen,BLADE V8 Build/NRD90M,,chrome 58.0 for android,,mobile
MacOS | Mac OS X 10_13_2 | safari generic | 2560x1600,MacOS,Mac OS X 10_13_2,safari generic,2560x1600,desktop
TA-1038 | UnknownOS | chrome 63.0 for android | UnknownScreen,TA-1038,,chrome 63.0 for android,,mobile
SM-J100VPP Build/LMY48B | Android 5.1.1 | chrome 63.0 for android | 801x480,SM-J100VPP Build/LMY48B,Android 5.1.1,chrome 63.0 for android,801x480,mobile
Pixel XL Build/OPM1.171019.011 | Android 8.1.0 | chrome 63.0 for android | 2562x1442,Pixel XL Build/OPM1.171019.011,Android 8.1.0,chrome 63.0 for android,2562x1442,mobile
Linux x86_64 | UnknownOS | firefox 57.0 | UnknownScreen,Linux x86_64,,firefox 57.0,,desktop
Windows | Windows 7 | chrome 62.0 | 1728x972,Windows,Windows 7,chrome 62.0,1728x972,desktop
Linux x86_64 | Linux | firefox 57.0 | 1366x768,Linux x86_64,Linux,firefox 57.0,1366x768,desktop
Windows | Windows 10 | firefox 57.0 | 1920x1080,Windows,Windows 10,firefox 57.0,1920x1080,desktop
CAM-L03 Build/HUAWEICAM-L03 | UnknownOS | chrome 63.0 for android | UnknownScreen,CAM-L03 Build/HUAWEICAM-L03,,chrome 63.0 for android,,mobile
SM-G570M Build/MMB29K | UnknownOS | chrome 63.0 for android | UnknownScreen,SM-G570M Build/MMB29K,,chrome 63.0 for android,,mobile
Blade V6 Plus Build/MRA58K | UnknownOS | chrome 63.0 for android | UnknownScreen,Blade V6 Plus Build/MRA58K,,chrome 63.0 for android,,mobile
LG-D693n Build/LRX22G | UnknownOS | chrome generic | UnknownScreen,LG-D693n Build/LRX22G,,chrome generic,,mobile
SM-G531H Build/LMY48B | UnknownOS | chrome 60.0 for android | UnknownScreen,SM-G531H Build/LMY48B,,chrome 60.0 for android,,mobile
iOS Device | iOS 11.0.2 | mobile safari 11.0 | 2208x1242,iOS Device,iOS 11.0.2,mobile safari 11.0,2208x1242,mobile
GT-I9500 | UnknownOS | chrome 63.0 for android | UnknownScreen,GT-I9500,,chrome 63.0 for android,,mobile
LG-K240 Build/MXB48T | UnknownOS | chrome 62.0 for android | UnknownScreen,LG-K240 Build/MXB48T,,chrome 62.0 for android,,mobile
Windows | Windows 10 | firefox 57.0 | 1366x768,Windows,Windows 10,firefox 57.0,1366x768,desktop
rv:48.0 | Mac | firefox 48.0 | 1440x900,rv:48.0,Mac,firefox 48.0,1440x900,desktop
Moto G (5) Build/NPP25.137-82 | UnknownOS | chrome generic | UnknownScreen,Moto G (5) Build/NPP25.137-82,,chrome generic,,mobile
SM-G930V Build/NRD90M | Android 7.0 | chrome 60.0 for android | 1920x1080,SM-G930V Build/NRD90M,Android 7.0,chrome 60.0 for android,1920x1080,mobile
MacOS | Mac OS X 10_10_5 | safari generic | 2560x1440,MacOS,Mac OS X 10_10_5,safari generic,2560x1440,desktop
MacOS | Mac OS X 10_13_1 | safari generic | 1366x768,MacOS,Mac OS X 10_13_1,safari generic,1366x768,desktop
Windows | Windows 10 | ie 11.0 for desktop | 1680x1050,Windows,Windows 10,ie 11.0 for desktop,1680x1050,desktop
Moto E (4) Build/NDQS26.69-23-2-3 | UnknownOS | chrome generic | UnknownScreen,Moto E (4) Build/NDQS26.69-23-2-3,,chrome generic,,mobile
UnknownDevice | UnknownOS | firefox 52.0 | UnknownScreen,,,firefox 52.0,,desktop
SM-J730GM Build/NRD90M | UnknownOS | chrome 62.0 for android | UnknownScreen,SM-J730GM Build/NRD90M,,chrome 62.0 for android,,mobile
iOS Device | iOS 11.2.0 | mobile safari 11.0 | 1136x640,iOS Device,iOS 11.2.0,mobile safari 11.0,1136x640,mobile
Hisense L675 Build/MRA58K | UnknownOS | chrome 59.0 for android | UnknownScreen,Hisense L675 Build/MRA58K,,chrome 59.0 for android,,mobile
F3313 Build/37.0.A.2.108 | UnknownOS | chrome 62.0 for android | UnknownScreen,F3313 Build/37.0.A.2.108,,chrome 62.0 for android,,mobile
iOS Device | iOS 9.3.5 | mobile safari 9.0 | 1136x640,iOS Device,iOS 9.3.5,mobile safari 9.0,1136x640,mobile
SM-J700M Build/MMB29K | UnknownOS | chrome 60.0 for android | UnknownScreen,SM-J700M Build/MMB29K,,chrome 60.0 for android,,mobile
SAMSUNG SM-G532M Build/MMB29T | UnknownOS | Samsung/SM-G532M | UnknownScreen,SAMSUNG SM-G532M Build/MMB29T,,Samsung/SM-G532M,,mobile
Windows | Windows Vista | chrome 49.0 | 1440x900,Windows,Windows Vista,chrome 49.0,1440x900,desktop
SM-G610M Build/MMB29K | UnknownOS | other | UnknownScreen,SM-G610M Build/MMB29K,,other,,mobile
TRT-L53 Build/HUAWEITRT-L53 | UnknownOS | chrome 63.0 for android | UnknownScreen,TRT-L53 Build/HUAWEITRT-L53,,chrome 63.0 for android,,mobile
XT1563 Build/MPDS24.107-52-5 | UnknownOS | chrome 60.0 for android | UnknownScreen,XT1563 Build/MPDS24.107-52-5,,chrome 60.0 for android,,mobile
SM-J500M Build/MMB29M | UnknownOS | chrome 50.0 for android | UnknownScreen,SM-J500M Build/MMB29M,,chrome 50.0 for android,,mobile
MacOS | Mac OS X 10_13_1 | safari generic | 1280x800,MacOS,Mac OS X 10_13_1,safari generic,1280x800,desktop
SM-J500M Build/LMY48B | UnknownOS | chrome 63.0 for android | UnknownScreen,SM-J500M Build/LMY48B,,chrome 63.0 for android,,mobile
MacOS | Mac | chrome 63.0 | 1920x1080,MacOS,Mac,chrome 63.0,1920x1080,desktop
Trident/7.0 | Windows 8.1 | ie 11.0 for desktop | 1680x1050,Trident/7.0,Windows 8.1,ie 11.0 for desktop,1680x1050,desktop
XT1635-02 Build/NPN26.118-22-2 | UnknownOS | chrome 63.0 for android | UnknownScreen,XT1635-02 Build/NPN26.118-22-2,,chrome 63.0 for android,,mobile
Moto G Play Build/MPIS24.241-15.3-7 | UnknownOS | chrome 63.0 for android | UnknownScreen,Moto G Play Build/MPIS24.241-15.3-7,,chrome 63.0 for android,,mobile
HUAWEI G7-L03 Build/HuaweiG7-L03 | UnknownOS | chrome 62.0 for android | UnknownScreen,HUAWEI G7-L03 Build/HuaweiG7-L03,,chrome 62.0 for android,,mobile
EVA-L09 Build/HUAWEIEVA-L09 | UnknownOS | chrome 60.0 for android | UnknownScreen,EVA-L09 Build/HUAWEIEVA-L09,,chrome 60.0 for android,,mobile
SM-N910C Build/MMB29K | UnknownOS | chrome 61.0 for android | UnknownScreen,SM-N910C Build/MMB29K,,chrome 61.0 for android,,mobile
SM-G925I Build/NRD90M | UnknownOS | other | UnknownScreen,SM-G925I Build/NRD90M,,other,,mobile
4027A Build/KOT49H | UnknownOS | chrome 54.0 for android | UnknownScreen,4027A Build/KOT49H,,chrome 54.0 for android,,mobile
SM-G955F Build/NRD90M | UnknownOS | chrome 63.0 for android | UnknownScreen,SM-G955F Build/NRD90M,,chrome 63.0 for android,,mobile
SM-A310M Build/LMY47X | UnknownOS | chrome 62.0 for android | UnknownScreen,SM-A310M Build/LMY47X,,chrome 62.0 for android,,mobile
SM-G610M Build/MMB29K | UnknownOS | chrome 50.0 for android | UnknownScreen,SM-G610M Build/MMB29K,,chrome 50.0 for android,,mobile
SAMSUNG SM-G935F Build/NRD90M | UnknownOS | samsung browser 6.2 | UnknownScreen,SAMSUNG SM-G935F Build/NRD90M,,samsung browser 6.2,,mobile
HTC Desire 10 lifestyle Build/MMB29M | UnknownOS | chrome 62.0 for android | UnknownScreen,HTC Desire 10 lifestyle Build/MMB29M,,chrome 62.0 for android,,mobile
SM-E500M Build/KTU84P | UnknownOS | chrome 63.0 for android | UnknownScreen,SM-E500M Build/KTU84P,,chrome 63.0 for android,,mobile
Windows | Windows 10 | edge 16.0 | 1600x900,Windows,Windows 10,edge 16.0,1600x900,desktop
iOS Device | iOS 11.0.3 | mobile safari 11.0 | 1334x750,iOS Device,iOS 11.0.3,mobile safari 11.0,1334x750,mobile
iOS Device | iOS 10.3.1 | mobile safari 10.0 | 2208x1242,iOS Device,iOS 10.3.1,mobile safari 10.0,2208x1242,mobile
Windows | Windows 7 | chrome 63.0 | 1600x900,Windows,Windows 7,chrome 63.0,1600x900,desktop
SAMSUNG SM-G570M Build/MMB29K | UnknownOS | samsung browser 6.2 | UnknownScreen,SAMSUNG SM-G570M Build/MMB29K,,samsung browser 6.2,,mobile
iOS Device | iOS 11.2.0 | mobile safari 11.0 | 2436x1125,iOS Device,iOS 11.2.0,mobile safari 11.0,2436x1125,mobile
SM-G935F Build/NRD90M | UnknownOS | android webview 4.0 | UnknownScreen,SM-G935F Build/NRD90M,,android webview 4.0,,mobile
Windows | Windows 7 | chrome 63.0 | 1440x900,Windows,Windows 7,chrome 63.0,1440x900,desktop
SAMSUNG SM-G530H Build/LRX22G | UnknownOS | other | UnknownScreen,SAMSUNG SM-G530H Build/LRX22G,,other,,mobile
Windows | Windows 10 | chrome 63.0 | 1400x1050,Windows,Windows 10,chrome 63.0,1400x1050,desktop
MacOS | Mac OS X 10_13_2 | safari generic | 2560x1440,MacOS,Mac OS X 10_13_2,safari generic,2560x1440,desktop
LG-X240 Build/MRA58K | UnknownOS | chrome 62.0 for android | UnknownScreen,LG-X240 Build/MRA58K,,chrome 62.0 for android,,mobile
iOS Device | iOS 11.1.2 | mobile safari generic | 2048x1536,iOS Device,iOS 11.1.2,mobile safari generic,2048x1536,mobile
Windows | Windows 10 | chrome 63.0 | 2560x1080,Windows,Windows 10,chrome 63.0,2560x1080,desktop
Windows | Windows 10 | firefox 57.0 | 3840x2160,Windows,Windows 10,firefox 57.0,3840x2160,desktop
Windows | Windows 10 | chrome 63.0 | 1600x900,Windows,Windows 10,chrome 63.0,1600x900,desktop
VS987 Build/NRD90U | Android 7.0 | chrome 63.0 for android | 2560x1440,VS987 Build/NRD90U,Android 7.0,chrome 63.0 for android,2560x1440,mobile
Moto G (5) Build/NPP25.137-38 | UnknownOS | chrome generic | UnknownScreen,Moto G (5) Build/NPP25.137-38,,chrome generic,,mobile
WAS-LX3 Build/HUAWEIWAS-LX3 | UnknownOS | chrome 63.0 for android | UnknownScreen,WAS-LX3 Build/HUAWEIWAS-LX3,,chrome 63.0 for android,,mobile
HUAWEI Y625-U13 Build/HUAWEIY625-U13 | UnknownOS | chrome 56.0 for android | UnknownScreen,HUAWEI Y625-U13 Build/HUAWEIY625-U13,,chrome 56.0 for android,,mobile
SM-J100MU | UnknownOS | chrome 61.0 for android | UnknownScreen,SM-J100MU,,chrome 61.0 for android,,mobile
SAMSUNG SM-G610M Build/MMB29K | UnknownOS | samsung browser 6.2 | UnknownScreen,SAMSUNG SM-G610M Build/MMB29K,,samsung browser 6.2,,mobile
E6833 | UnknownOS | chrome 62.0 for android | UnknownScreen,E6833,,chrome 62.0 for android,,mobile
5010G Build/MRA58K | UnknownOS | chrome 52.0 for android | UnknownScreen,5010G Build/MRA58K,,chrome 52.0 for android,,mobile
SM-G920T1 | UnknownOS | chrome 56.0 for android | UnknownScreen,SM-G920T1,,chrome 56.0 for android,,mobile
MacOS | Mac OS X 10_12_6 | safari generic | 1920x1080,MacOS,Mac OS X 10_12_6,safari generic,1920x1080,desktop
SM-G935F Build/NRD90M | UnknownOS | chrome 63.0 for android | UnknownScreen,SM-G935F Build/NRD90M,,chrome 63.0 for android,,mobile
SM-G935V Build/NRD90M | Android 7.0 | chrome 63.0 for android | 1920x1080,SM-G935V Build/NRD90M,Android 7.0,chrome 63.0 for android,1920x1080,mobile
MacOS | Mac OS X 10_12_6 | safari generic | 1280x800,MacOS,Mac OS X 10_12_6,safari generic,1280x800,desktop
REX | UnknownOS | chrome 62.0 for android | UnknownScreen,REX,,chrome 62.0 for android,,mobile
SM-G920V | Android 5.1.1 | chrome 63.0 for android | 2560x1440,SM-G920V,Android 5.1.1,chrome 63.0 for android,2560x1440,mobile
SM-A320Y Build/NRD90M | UnknownOS | chrome 63.0 for android | UnknownScreen,SM-A320Y Build/NRD90M,,chrome 63.0 for android,,mobile
SM-J120H Build/LMY47V | UnknownOS | chrome 59.0 for android | UnknownScreen,SM-J120H Build/LMY47V,,chrome 59.0 for android,,mobile
Trident/7.0 | Windows 8.1 | Microsoft/Windows | 1920x1080,Trident/7.0,Windows 8.1,Microsoft/Windows,1920x1080,mobile
SAMSUNG-SM-G920A Build/NRD90M | Android 7.0 | chrome 63.0 for android | 2560x1440,SAMSUNG-SM-G920A Build/NRD90M,Android 7.0,chrome 63.0 for android,2560x1440,mobile
Windows | Windows 7 | firefox 57.0 | 1680x1050,Windows,Windows 7,firefox 57.0,1680x1050,desktop
SM-G950F Build/NRD90M | UnknownOS | chrome 63.0 for android | UnknownScreen,SM-G950F Build/NRD90M,,chrome 63.0 for android,,mobile
Trident/7.0 | Windows 10 | ie 11.0 for desktop | 1920x1080,Trident/7.0,Windows 10,ie 11.0 for desktop,1920x1080,desktop
Moto E (4) Build/NMA26.42-69 | UnknownOS | chrome generic | UnknownScreen,Moto E (4) Build/NMA26.42-69,,chrome generic,,mobile
KFAPWI Build/KTU84M | Android | chrome generic | 2560x1600,KFAPWI Build/KTU84M,Android,chrome generic,2560x1600,mobile
Windows | Windows 7 | chrome 63.0 | 1920x1080,Windows,Windows 7,chrome 63.0,1920x1080,desktop
MacOS | Mac OS X 10_12_6 | chrome 63.0 | 1920x1080,MacOS,Mac OS X 10_12_6,chrome 63.0,1920x1080,desktop
Trident/7.0 | UnknownOS | ie 11.0 for tablet | UnknownScreen,Trident/7.0,,ie 11.0 for tablet,,desktop
Windows | Windows 7 | chrome 63.0 | 1600x1200,Windows,Windows 7,chrome 63.0,1600x1200,desktop
CRO-L03 Build/HUAWEICRO-L03 | UnknownOS | chrome 62.0 for android | UnknownScreen,CRO-L03 Build/HUAWEICRO-L03,,chrome 62.0 for android,,mobile
Hisense F23 Build/NRD90M | UnknownOS | chrome 63.0 for android | UnknownScreen,Hisense F23 Build/NRD90M,,chrome 63.0 for android,,mobile
Moto C Plus Build/NRD90M.05.034 | UnknownOS | chrome 59.0 for android | UnknownScreen,Moto C Plus Build/NRD90M.05.034,,chrome 59.0 for android,,mobile
Windows | Windows 10 | chrome 62.0 | 1920x1200,Windows,Windows 10,chrome 62.0,1920x1200,desktop
Redmi Note 4 Build/NRD90M | UnknownOS | chrome 58.0 for android | UnknownScreen,Redmi Note 4 Build/NRD90M,,chrome 58.0 for android,,mobile
SM-G900P Build/MMB29M | Android 6.0.1 | chrome 62.0 for android | 1920x1080,SM-G900P Build/MMB29M,Android 6.0.1,chrome 62.0 for android,1920x1080,mobile
SM-A710M Build/LMY47X | UnknownOS | chrome 63.0 for android | UnknownScreen,SM-A710M Build/LMY47X,,chrome 63.0 for android,,mobile
8050G Build/LMY47I | UnknownOS | chrome 59.0 for android | UnknownScreen,8050G Build/LMY47I,,chrome 59.0 for android,,mobile
MacOS | Mac OS X 10_10_5 | chrome 63.0 | 1280x800,MacOS,Mac OS X 10_10_5,chrome 63.0,1280x800,desktop
rv:11.0 | Windows 7 | ie 11.0 for desktop | 1024x768,rv:11.0,Windows 7,ie 11.0 for desktop,1024x768,desktop
SM-J105B Build/LMY47V | UnknownOS | chrome 62.0 for android | UnknownScreen,SM-J105B Build/LMY47V,,chrome 62.0 for android,,mobile
LG-X210 Build/LMY47I | UnknownOS | chrome 63.0 for android | UnknownScreen,LG-X210 Build/LMY47I,,chrome 63.0 for android,,mobile
LG-H320 Build/LRX21Y | UnknownOS | chrome 56.0 for android | UnknownScreen,LG-H320 Build/LRX21Y,,chrome 56.0 for android,,mobile
LG-H500 Build/LRX21Y | UnknownOS | chrome 56.0 for android | UnknownScreen,LG-H500 Build/LRX21Y,,chrome 56.0 for android,,mobile
Windows | Windows 7 | chrome 63.0 | 1366x768,Windows,Windows 7,chrome 63.0,1366x768,desktop
moto x4 Build/NPW26.83-18-2-0-4 | UnknownOS | chrome 63.0 for android | UnknownScreen,moto x4 Build/NPW26.83-18-2-0-4,,chrome 63.0 for android,,mobile
Windows | Windows 10 | chrome 63.0 | 1805x1015,Windows,Windows 10,chrome 63.0,1805x1015,desktop
Ilium X210 Build/LMY47I | UnknownOS | chrome 63.0 for android | UnknownScreen,Ilium X210 Build/LMY47I,,chrome 63.0 for android,,mobile
UnknownDevice | UnknownOS | mobile safari uiwebview | UnknownScreen,,,mobile safari uiwebview,,mobile
SM-S902L | Android 4.4.2 | chrome 63.0 for android | 1920x1080,SM-S902L,Android 4.4.2,chrome 63.0 for android,1920x1080,mobile
MacOS | Mac OS X 10_9_5 | safari generic | 2560x1600,MacOS,Mac OS X 10_9_5,safari generic,2560x1600,desktop
Windows | UnknownOS | opera 49.0 | UnknownScreen,Windows,,opera 49.0,,desktop
5056A Build/MMB29M | UnknownOS | chrome 63.0 for android | UnknownScreen,5056A Build/MMB29M,,chrome 63.0 for android,,mobile
UnknownDevice | UnknownOS | chrome 63.0 for ios | UnknownScreen,,,chrome 63.0 for ios,,mobile
Trident/7.0 | Windows 8.1 | ie 11.0 for desktop | UnknownScreen,Trident/7.0,Windows 8.1,ie 11.0 for desktop,,desktop
5056A Build/MMB29M | UnknownOS | chrome 52.0 for android | UnknownScreen,5056A Build/MMB29M,,chrome 52.0 for android,,mobile
Lenovo K33b36 Build/MMB29M | UnknownOS | chrome 63.0 for android | UnknownScreen,Lenovo K33b36 Build/MMB29M,,chrome 63.0 for android,,mobile
Blade A510 Build/MRA58K | UnknownOS | chrome 61.0 for android | UnknownScreen,Blade A510 Build/MRA58K,,chrome 61.0 for android,,mobile
Lenovo A6020l37 Build/LMY47V | UnknownOS | chrome 62.0 for android | UnknownScreen,Lenovo A6020l37 Build/LMY47V,,chrome 62.0 for android,,mobile
SM-J320M Build/LMY47V | UnknownOS | chrome 55.0 for android | UnknownScreen,SM-J320M Build/LMY47V,,chrome 55.0 for android,,mobile
Windows | UnknownOS | firefox generic | UnknownScreen,Windows,,firefox generic,,desktop
Windows | UnknownOS | chrome 56.0 | UnknownScreen,Windows,,chrome 56.0,,desktop
Linux i686 | UnknownOS | firefox 47.0 | UnknownScreen,Linux i686,,firefox 47.0,,desktop
G3423 | UnknownOS | chrome 63.0 for android | UnknownScreen,G3423,,chrome 63.0 for android,,mobile
Redmi 4X Build/N2G47H | UnknownOS | chrome 62.0 for android | UnknownScreen,Redmi 4X Build/N2G47H,,chrome 62.0 for android,,mobile
F3113 Build/33.2.A.3.81 | UnknownOS | chrome 62.0 for android | UnknownScreen,F3113 Build/33.2.A.3.81,,chrome 62.0 for android,,mobile
SAMSUNG SM-G920P Build/NRD90M | Android 7.0 | samsung browser 6.2 | 2560x1440,SAMSUNG SM-G920P Build/NRD90M,Android 7.0,samsung browser 6.2,2560x1440,mobile
LG-M250 Build/NRD90U | UnknownOS | chrome 62.0 for android | UnknownScreen,LG-M250 Build/NRD90U,,chrome 62.0 for android,,mobile
MacOS | Mac OS X 10_10_5 | safari generic | 1920x1080,MacOS,Mac OS X 10_10_5,safari generic,1920x1080,desktop
MacOS | Mac OS X 10_13_1 | chrome 62.0 | 4096x2304,MacOS,Mac OS X 10_13_1,chrome 62.0,4096x2304,desktop
Ilium X510 Build/MRA58K | UnknownOS | chrome 63.0 for android | UnknownScreen,Ilium X510 Build/MRA58K,,chrome 63.0 for android,,mobile
Windows | Windows 7 | chrome 63.0 | 1280x1024,Windows,Windows 7,chrome 63.0,1280x1024,desktop
LG-K373 | UnknownOS | chrome 61.0 for android | UnknownScreen,LG-K373,,chrome 61.0 for android,,mobile
MacOS | Mac OS X 10_12_6 | chrome 63.0 | 2880x1800,MacOS,Mac OS X 10_12_6,chrome 63.0,2880x1800,desktop
Ilium LT510 Build/MRA58K | UnknownOS | chrome 59.0 for android | UnknownScreen,Ilium LT510 Build/MRA58K,,chrome 59.0 for android,,mobile
HTC Desire 530 Build/MMB29M | UnknownOS | chrome 63.0 for android | UnknownScreen,HTC Desire 530 Build/MMB29M,,chrome 63.0 for android,,mobile
rv:57.0 | UnknownOS | Generic/Android | UnknownScreen,rv:57.0,,Generic/Android,,mobile
MacOS | Mac OS X 10_12_6 | safari generic | 2880x1800,MacOS,Mac OS X 10_12_6,safari generic,2880x1800,desktop
LG-D855 Build/LRX21R | UnknownOS | chrome 62.0 for android | UnknownScreen,LG-D855 Build/LRX21R,,chrome 62.0 for android,,mobile
SM-N910T Build/MMB29M | Android 6.0.1 | chrome 62.0 for android | 2560x1440,SM-N910T Build/MMB29M,Android 6.0.1,chrome 62.0 for android,2560x1440,mobile
Moto Z2 Play Build/NPSS26.118-19-6 | UnknownOS | chrome 62.0 for android | UnknownScreen,Moto Z2 Play Build/NPSS26.118-19-6,,chrome 62.0 for android,,mobile
HTC One_M8 Build/MRA58K | UnknownOS | chrome 63.0 for android | UnknownScreen,HTC One_M8 Build/MRA58K,,chrome 63.0 for android,,mobile
SM-G610M Build/MMB29K | UnknownOS | chrome 63.0 for android | UnknownScreen,SM-G610M Build/MMB29K,,chrome 63.0 for android,,mobile
LG-H840 Build/NRD90U | UnknownOS | chrome 63.0 for android | UnknownScreen,LG-H840 Build/NRD90U,,chrome 63.0 for android,,mobile
F5121 Build/34.3.A.0.238 | UnknownOS | chrome 63.0 for android | UnknownScreen,F5121 Build/34.3.A.0.238,,chrome 63.0 for android,,mobile
SM-T560 Build/KTU84P | UnknownOS | chrome 63.0 for android | UnknownScreen,SM-T560 Build/KTU84P,,chrome 63.0 for android,,mobile
SM-A500M Build/KTU84P | UnknownOS | chrome 62.0 for android | UnknownScreen,SM-A500M Build/KTU84P,,chrome 62.0 for android,,mobile
SM-G531H Build/LMY48B | UnknownOS | chrome 61.0 for android | UnknownScreen,SM-G531H Build/LMY48B,,chrome 61.0 for android,,mobile
MacOS | Mac | chrome 60.0 | 1440x900,MacOS,Mac,chrome 60.0,1440x900,desktop
SM-G531H Build/LMY48B | UnknownOS | chrome 63.0 for android | UnknownScreen,SM-G531H Build/LMY48B,,chrome 63.0 for android,,mobile
M4 SS4456 Build/LMY47V | UnknownOS | chrome 62.0 for android | UnknownScreen,M4 SS4456 Build/LMY47V,,chrome 62.0 for android,,mobile
LG-K410 Build/LRX22G | UnknownOS | chrome 63.0 for android | UnknownScreen,LG-K410 Build/LRX22G,,chrome 63.0 for android,,mobile
LG-K580 Build/MRA58K | UnknownOS | chrome 63.0 for android | UnknownScreen,LG-K580 Build/MRA58K,,chrome 63.0 for android,,mobile
SAMSUNG-SM-G935A Build/NRD90M | Android 7.0 | chrome 63.0 for android | 1920x1080,SAMSUNG-SM-G935A Build/NRD90M,Android 7.0,chrome 63.0 for android,1920x1080,mobile
MacOS | Mac OS X 10_12_3 | safari generic | 1440x900,MacOS,Mac OS X 10_12_3,safari generic,1440x900,desktop
SM-A720F Build/MMB29K | UnknownOS | android webview 4.0 | UnknownScreen,SM-A720F Build/MMB29K,,android webview 4.0,,mobile
Windows | UnknownOS | chrome 55.0 | UnknownScreen,Windows,,chrome 55.0,,desktop
MacOS | Mac OS X 10_10_5 | chrome 62.0 | 1280x800,MacOS,Mac OS X 10_10_5,chrome 62.0,1280x800,desktop
LG-K580 Build/MRA58K | UnknownOS | chrome 61.0 for android | UnknownScreen,LG-K580 Build/MRA58K,,chrome 61.0 for android,,mobile
iOS Device | iOS 11.2.0 | mobile safari generic | 2208x1242,iOS Device,iOS 11.2.0,mobile safari generic,2208x1242,mobile
HTC Desire 626s Build/LMY47O | UnknownOS | chrome 58.0 for android | UnknownScreen,HTC Desire 626s Build/LMY47O,,chrome 58.0 for android,,mobile
SAMSUNG-SM-G930A Build/NRD90M | Android 7.0 | android webview 4.0 | 1280x720,SAMSUNG-SM-G930A Build/NRD90M,Android 7.0,android webview 4.0,1280x720,mobile
SM-G930F Build/NRD90M | UnknownOS | chrome 63.0 for android | UnknownScreen,SM-G930F Build/NRD90M,,chrome 63.0 for android,,mobile
5054S Build/LMY47V | UnknownOS | chrome 43.0 for android | UnknownScreen,5054S Build/LMY47V,,chrome 43.0 for android,,mobile
CHC-U03 Build/HuaweiCHC-U03 | UnknownOS | chrome 59.0 for android | UnknownScreen,CHC-U03 Build/HuaweiCHC-U03,,chrome 59.0 for android,,mobile
SM-J500M Build/MMB29M | UnknownOS | chrome 62.0 for android | UnknownScreen,SM-J500M Build/MMB29M,,chrome 62.0 for android,,mobile
MacOS | Mac OS X 10_9_5 | chrome 62.0 | 1440x900,MacOS,Mac OS X 10_9_5,chrome 62.0,1440x900,desktop
iOS Device | iOS 11.0.3 | mobile safari 11.0 | 1136x640,iOS Device,iOS 11.0.3,mobile safari 11.0,1136x640,mobile
XT1064 | UnknownOS | chrome 63.0 for android | UnknownScreen,XT1064,,chrome 63.0 for android,,mobile
Ilium LT510 Build/MRA58K | UnknownOS | chrome 50.0 for android | UnknownScreen,Ilium LT510 Build/MRA58K,,chrome 50.0 for android,,mobile
SM-J327T1 Build/NRD90M | UnknownOS | chrome 60.0 for android | UnknownScreen,SM-J327T1 Build/NRD90M,,chrome 60.0 for android,,mobile
Blade V6 Build/LRX22G | UnknownOS | chrome 63.0 for android | UnknownScreen,Blade V6 Build/LRX22G,,chrome 63.0 for android,,mobile
SM-G530H Build/LRX22G | UnknownOS | chrome 60.0 for android | UnknownScreen,SM-G530H Build/LRX22G,,chrome 60.0 for android,,mobile
SM-G955U Build/NRD90M | Android 7.0 | chrome 62.0 for android | UnknownScreen,SM-G955U Build/NRD90M,Android 7.0,chrome 62.0 for android,,mobile
Windows | Windows 7 | chrome 63.0 | 2048x1152,Windows,Windows 7,chrome 63.0,2048x1152,desktop
Windows | Windows 10 | firefox 57.0 | UnknownScreen,Windows,Windows 10,firefox 57.0,,desktop
LG-K500 Build/MMB29M | UnknownOS | chrome 63.0 for android | UnknownScreen,LG-K500 Build/MMB29M,,chrome 63.0 for android,,mobile
Windows | Windows 7 | firefox 57.0 | 1920x1080,Windows,Windows 7,firefox 57.0,1920x1080,desktop
LG-H840 Build/MMB29M | UnknownOS | chrome 62.0 for android | UnknownScreen,LG-H840 Build/MMB29M,,chrome 62.0 for android,,mobile
SM-A300H Build/LRX22G | UnknownOS | chrome 63.0 for android | UnknownScreen,SM-A300H Build/LRX22G,,chrome 63.0 for android,,mobile
iOS Device | iOS 11.2.1 | mobile safari 11.0 | 2208x1242,iOS Device,iOS 11.2.1,mobile safari 11.0,2208x1242,mobile
SM-J120H Build/LMY47V | UnknownOS | chrome 56.0 for android | UnknownScreen,SM-J120H Build/LMY47V,,chrome 56.0 for android,,mobile
iOS Device | iOS 11.1.2 | mobile safari generic | 2436x1125,iOS Device,iOS 11.1.2,mobile safari generic,2436x1125,mobile
HUAWEI NXT-L09 Build/HUAWEINXT-L09 | UnknownOS | chrome 62.0 for android | UnknownScreen,HUAWEI NXT-L09 Build/HUAWEINXT-L09,,chrome 62.0 for android,,mobile
Lenovo K33b36 Build/MMB29M | UnknownOS | chrome 62.0 for android | UnknownScreen,Lenovo K33b36 Build/MMB29M,,chrome 62.0 for android,,mobile
MacOS | Mac OS X 10_10_5 | chrome 62.0 | 1440x900,MacOS,Mac OS X 10_10_5,chrome 62.0,1440x900,desktop
LG-H650 Build/MRA58K | UnknownOS | chrome 61.0 for android | UnknownScreen,LG-H650 Build/MRA58K,,chrome 61.0 for android,,mobile
MacOS | Mac OS X 10_13_2 | safari generic | 1440x900,MacOS,Mac OS X 10_13_2,safari generic,1440x900,desktop
MacOS | Mac OS X 10_12_6 | safari generic | 2560x1600,MacOS,Mac OS X 10_12_6,safari generic,2560x1600,desktop
iOS Device | iOS 11.2.1 | mobile safari 11.0 | 2436x1125,iOS Device,iOS 11.2.1,mobile safari 11.0,2436x1125,mobile
MacOS | Mac OS X 10_13_1 | chrome 63.0 | 1366x768,MacOS,Mac OS X 10_13_1,chrome 63.0,1366x768,desktop
iOS Device | iOS 11.2.0 | mobile safari 11.0 | 2048x1536,iOS Device,iOS 11.2.0,mobile safari 11.0,2048x1536,mobile
SM-G955U Build/NRD90M | Android 7.0 | chrome 63.0 for android | 2961x1442,SM-G955U Build/NRD90M,Android 7.0,chrome 63.0 for android,2961x1442,mobile
HTC One M9 Build/NRD90M | UnknownOS | chrome 62.0 for android | UnknownScreen,HTC One M9 Build/NRD90M,,chrome 62.0 for android,,mobile
LG-K200 Build/MXB48T | UnknownOS | chrome 62.0 for android | UnknownScreen,LG-K200 Build/MXB48T,,chrome 62.0 for android,,mobile
PSPC550 Build/LMY47D | UnknownOS | chrome 63.0 for android | UnknownScreen,PSPC550 Build/LMY47D,,chrome 63.0 for android,,mobile
SM-A320Y | UnknownOS | chrome 62.0 for android | UnknownScreen,SM-A320Y,,chrome 62.0 for android,,mobile
SAMSUNG SM-A720F Build/NRD90M | UnknownOS | samsung browser 6.2 | UnknownScreen,SAMSUNG SM-A720F Build/NRD90M,,samsung browser 6.2,,mobile
GT-I9060M Build/KTU84P | UnknownOS | chrome | UnknownScreen,GT-I9060M Build/KTU84P,,chrome,,mobile
Moto G (5) Build/NPPS25.137-15-11 | UnknownOS | chrome generic | UnknownScreen,Moto G (5) Build/NPPS25.137-15-11,,chrome generic,,mobile
Windows | UnknownOS | chrome 60.0 | UnknownScreen,Windows,,chrome 60.0,,desktop
LG-X240 Build/MRA58K | UnknownOS | chrome 63.0 for android | UnknownScreen,LG-X240 Build/MRA58K,,chrome 63.0 for android,,mobile
Windows | Windows 10 | chrome 63.0 | 4500x3000,Windows,Windows 10,chrome 63.0,4500x3000,desktop
Windows | Windows 10 | chrome 63.0 | UnknownScreen,Windows,Windows 10,chrome 63.0,,desktop
iOS Device | iOS 10.3.2 | mobile safari 10.0 | 1334x750,iOS Device,iOS 10.3.2,mobile safari 10.0,1334x750,mobile
Windows | Windows 10 | firefox 57.0 | 1680x1050,Windows,Windows 10,firefox 57.0,1680x1050,desktop
Moto Z2 Play Build/NPSS26.118-19-6 | UnknownOS | chrome 63.0 for android | UnknownScreen,Moto Z2 Play Build/NPSS26.118-19-6,,chrome 63.0 for android,,mobile
ZTE Blade L5 Build/LMY47I | UnknownOS | chrome 60.0 for android | UnknownScreen,ZTE Blade L5 Build/LMY47I,,chrome 60.0 for android,,mobile
5011A Build/NRD90M | UnknownOS | chrome 56.0 for android | UnknownScreen,5011A Build/NRD90M,,chrome 56.0 for android,,mobile
HUAWEI TAG-L13 Build/HUAWEITAG-L13 | UnknownOS | chrome 61.0 for android | UnknownScreen,HUAWEI TAG-L13 Build/HUAWEITAG-L13,,chrome 61.0 for android,,mobile
SM-J700M Build/LMY48B | UnknownOS | chrome 55.0 for android | UnknownScreen,SM-J700M Build/LMY48B,,chrome 55.0 for android,,mobile
F3113 Build/33.3.A.1.97 | UnknownOS | chrome 63.0 for android | UnknownScreen,F3113 Build/33.3.A.1.97,,chrome 63.0 for android,,mobile
Windows | Windows 10 | chrome 63.0 | 2560x1440,Windows,Windows 10,chrome 63.0,2560x1440,desktop
SM-T710 Build/NRD90M | UnknownOS | chrome 63.0 for android | UnknownScreen,SM-T710 Build/NRD90M,,chrome 63.0 for android,,mobile
Windows | Windows 10 | chrome 63.0 | 1680x1050,Windows,Windows 10,chrome 63.0,1680x1050,desktop
MDDRJS | Windows 7 | ie 11.0 for desktop | 1024x768,MDDRJS,Windows 7,ie 11.0 for desktop,1024x768,desktop
SM-J701M Build/NRD90M | UnknownOS | chrome 63.0 for android | UnknownScreen,SM-J701M Build/NRD90M,,chrome 63.0 for android,,mobile
Windows | Windows 10 | chrome 63.0 | 1440x900,Windows,Windows 10,chrome 63.0,1440x900,desktop
BLADE L7 Build/MRA58K | UnknownOS | chrome 63.0 for android | UnknownScreen,BLADE L7 Build/MRA58K,,chrome 63.0 for android,,mobile
SAMSUNG SM-G955U Build/NRD90M | UnknownOS | samsung browser 6.2 | UnknownScreen,SAMSUNG SM-G955U Build/NRD90M,,samsung browser 6.2,,mobile
iOS Device | iOS 11.2.1 | mobile safari 11.0 | 1334x750,iOS Device,iOS 11.2.1,mobile safari 11.0,1334x750,mobile
BLL-L23 Build/HUAWEIBLL-L23 | UnknownOS | other | UnknownScreen,BLL-L23 Build/HUAWEIBLL-L23,,other,,mobile
5010G Build/MRA58K | UnknownOS | chrome 63.0 for android | UnknownScreen,5010G Build/MRA58K,,chrome 63.0 for android,,mobile
SM-J700M Build/LMY48B | UnknownOS | chrome 63.0 for android | UnknownScreen,SM-J700M Build/LMY48B,,chrome 63.0 for android,,mobile
Moto X Play Build/NPD26.48-24-1 | UnknownOS | chrome 63.0 for android | UnknownScreen,Moto X Play Build/NPD26.48-24-1,,chrome 63.0 for android,,mobile
Ilium LT510 Build/MRA58K | UnknownOS | chrome 57.0 for android | UnknownScreen,Ilium LT510 Build/MRA58K,,chrome 57.0 for android,,mobile
iOS Device | iOS 11.0.3 | mobile safari 11.0 | 2048x1536,iOS Device,iOS 11.0.3,mobile safari 11.0,2048x1536,mobile
Windows | Windows 7 | chrome 63.0 | 1360x768,Windows,Windows 7,chrome 63.0,1360x768,desktop
rv:57.0 | Mac OS X 10.9 | firefox 57.0 | 1920x1080,rv:57.0,Mac OS X 10.9,firefox 57.0,1920x1080,desktop
UnknownDevice | UnknownOS | firefox 56.0 | UnknownScreen,,,firefox 56.0,,desktop
MacOS | Mac OS X 10_10_5 | safari generic | 1280x720,MacOS,Mac OS X 10_10_5,safari generic,1280x720,desktop
LG-K200 Build/MXB48T | UnknownOS | chrome 63.0 for android | UnknownScreen,LG-K200 Build/MXB48T,,chrome 63.0 for android,,mobile
BLADE V8 Build/NRD90M | UnknownOS | chrome 63.0 for android | UnknownScreen,BLADE V8 Build/NRD90M,,chrome 63.0 for android,,mobile
Moto G Play Build/MPIS24.241-15.3-26 | UnknownOS | chrome 63.0 for android | UnknownScreen,Moto G Play Build/MPIS24.241-15.3-26,,chrome 63.0 for android,,mobile
iOS Device | iOS 10.2.0 | mobile safari 10.0 | 2208x1242,iOS Device,iOS 10.2.0,mobile safari 10.0,2208x1242,mobile
SM-N9005 Build/LRX21V | UnknownOS | chrome 61.0 for android | UnknownScreen,SM-N9005 Build/LRX21V,,chrome 61.0 for android,,mobile
MacOS | Mac OS X 10_10_5 | safari generic | 5120x2880,MacOS,Mac OS X 10_10_5,safari generic,5120x2880,desktop
Windows | Windows 10 | chrome 58.0 | 1366x768,Windows,Windows 10,chrome 58.0,1366x768,desktop
F3213 Build/36.1.A.1.86 | UnknownOS | chrome 63.0 for android | UnknownScreen,F3213 Build/36.1.A.1.86,,chrome 63.0 for android,,mobile
Windows | Windows 10 | chrome 63.0 | 1093x615,Windows,Windows 10,chrome 63.0,1093x615,desktop
iOS Device | iOS 11.2.1 | mobile safari 11.0 | 2732x2048,iOS Device,iOS 11.2.1,mobile safari 11.0,2732x2048,mobile
SM-N900W8 Build/LRX21V | UnknownOS | chrome 62.0 for android | UnknownScreen,SM-N900W8 Build/LRX21V,,chrome 62.0 for android,,mobile
5025G Build/LMY47I | UnknownOS | chrome 62.0 for android | UnknownScreen,5025G Build/LMY47I,,chrome 62.0 for android,,mobile
Turbo C5 Build/LMY47I | UnknownOS | chrome 59.0 for android | UnknownScreen,Turbo C5 Build/LMY47I,,chrome 59.0 for android,,mobile
LG-M700 Build/NMF26X | UnknownOS | chrome 63.0 for android | UnknownScreen,LG-M700 Build/NMF26X,,chrome 63.0 for android,,mobile
SAMSUNG SM-G550T1 Build/MMB29K | Android 6.0.1 | samsung browser 5.4 | 1280x720,SAMSUNG SM-G550T1 Build/MMB29K,Android 6.0.1,samsung browser 5.4,1280x720,mobile
iOS Device | iOS | mobile safari 9.0 | 1334x750,iOS Device,iOS,mobile safari 9.0,1334x750,mobile
Windows | Windows 10 | chrome 63.0 | 3440x1440,Windows,Windows 10,chrome 63.0,3440x1440,desktop
SM-G955U Build/NRD90M | Android 7.0 | chrome 63.0 for android | UnknownScreen,SM-G955U Build/NRD90M,Android 7.0,chrome 63.0 for android,,mobile
HUAWEI Y560-L03 Build/HUAWEIY560-L03 | UnknownOS | chrome 61.0 for android | UnknownScreen,HUAWEI Y560-L03 Build/HUAWEIY560-L03,,chrome 61.0 for android,,mobile
MacOS | Mac OS X 10_12_6 | chrome 62.0 | 1280x800,MacOS,Mac OS X 10_12_6,chrome 62.0,1280x800,desktop
Windows | Windows 7 | chrome 63.0 | 1280x1025,Windows,Windows 7,chrome 63.0,1280x1025,desktop
Windows | Windows 7 | chrome 63.0 | 1920x1200,Windows,Windows 7,chrome 63.0,1920x1200,desktop
2PYB2 | UnknownOS | chrome 63.0 for android | UnknownScreen,2PYB2,,chrome 63.0 for android,,mobile
M4 SS4456 Build/LMY47V | UnknownOS | chrome 63.0 for android | UnknownScreen,M4 SS4456 Build/LMY47V,,chrome 63.0 for android,,mobile
MacOS | Mac OS X 10_13_2 | safari generic | 2880x1800,MacOS,Mac OS X 10_13_2,safari generic,2880x1800,desktop
MacOS | Mac OS X 10_12_5 | safari generic | 2560x1440,MacOS,Mac OS X 10_12_5,safari generic,2560x1440,desktop
SAMSUNG SM-J730GM Build/NRD90M | UnknownOS | samsung browser 6.2 | UnknownScreen,SAMSUNG SM-J730GM Build/NRD90M,,samsung browser 6.2,,mobile
UnknownDevice | UnknownOS | opera | UnknownScreen,,,opera,,desktop
MacOS | Mac OS X 10_6_8 | chrome 49.0 | 1920x1080,MacOS,Mac OS X 10_6_8,chrome 49.0,1920x1080,desktop
CHC-U03 Build/HuaweiCHC-U03 | UnknownOS | chrome 63.0 for android | UnknownScreen,CHC-U03 Build/HuaweiCHC-U03,,chrome 63.0 for android,,mobile
iOS Device | iOS 11.1.0 | mobile safari 11.0 | 2208x1242,iOS Device,iOS 11.1.0,mobile safari 11.0,2208x1242,mobile
HUAWEI VNS-L53 Build/HUAWEIVNS-L53 | UnknownOS | chrome 63.0 for android | UnknownScreen,HUAWEI VNS-L53 Build/HUAWEIVNS-L53,,chrome 63.0 for android,,mobile
SM-T820 Build/NRD90M | UnknownOS | chrome 63.0 for android | UnknownScreen,SM-T820 Build/NRD90M,,chrome 63.0 for android,,mobile
8050G Build/LMY47I | UnknownOS | chrome 61.0 for android | UnknownScreen,8050G Build/LMY47I,,chrome 61.0 for android,,mobile
iOS Device | iOS 11.0.2 | mobile safari 11.0 | 1334x750,iOS Device,iOS 11.0.2,mobile safari 11.0,1334x750,mobile
Moto Z (2 | UnknownOS | chrome generic | UnknownScreen,Moto Z (2,,chrome generic,,mobile
BAC-L03 Build/HUAWEIBAC-L03 | UnknownOS | chrome 63.0 for android | UnknownScreen,BAC-L03 Build/HUAWEIBAC-L03,,chrome 63.0 for android,,mobile
SM-A510M Build/NRD90M | UnknownOS | chrome 59.0 for android | UnknownScreen,SM-A510M Build/NRD90M,,chrome 59.0 for android,,mobile
SM-G530H Build/LRX22G | UnknownOS | chrome 63.0 for android | UnknownScreen,SM-G530H Build/LRX22G,,chrome 63.0 for android,,mobile
MacOS | Mac OS X 10_12_6 | chrome 61.0 | 1440x900,MacOS,Mac OS X 10_12_6,chrome 61.0,1440x900,desktop
M4 SS4453 Build/MMB29M | UnknownOS | chrome 63.0 for android | UnknownScreen,M4 SS4453 Build/MMB29M,,chrome 63.0 for android,,mobile
MacOS | Mac OS X 10_10_5 | safari generic | 2880x1800,MacOS,Mac OS X 10_10_5,safari generic,2880x1800,desktop
Windows | Windows Vista | chrome 49.0 | 1024x768,Windows,Windows Vista,chrome 49.0,1024x768,desktop
Windows | Windows 8.1 | firefox 57.0 | 1366x768,Windows,Windows 8.1,firefox 57.0,1366x768,desktop
D6603 Build/23.5.A.1.291 | UnknownOS | chrome 62.0 for android | UnknownScreen,D6603 Build/23.5.A.1.291,,chrome 62.0 for android,,mobile
iOS Device | iOS 11.2.1 | mobile safari 11.0 | 1136x640,iOS Device,iOS 11.2.1,mobile safari 11.0,1136x640,mobile
SAMSUNG SM-G532M Build/MMB29T | UnknownOS | samsung browser 6.2 | UnknownScreen,SAMSUNG SM-G532M Build/MMB29T,,samsung browser 6.2,,mobile
SM-G950U Build/NRD90M | Android 7.0 | chrome 63.0 for android | 2220x1080,SM-G950U Build/NRD90M,Android 7.0,chrome 63.0 for android,2220x1080,mobile
Windows | Windows 8.1 | chrome 63.0 | UnknownScreen,Windows,Windows 8.1,chrome 63.0,,desktop
rv:51.0 | Windows 8.1 | firefox | 1920x1080,rv:51.0,Windows 8.1,firefox,1920x1080,desktop
XT1032 Build/LPBS23.13-56-2 | UnknownOS | chrome | UnknownScreen,XT1032 Build/LPBS23.13-56-2,,chrome,,mobile
rv:52.0 | UnknownOS | firefox 52.0 | UnknownScreen,rv:52.0,,firefox 52.0,,desktop
hi6210sft Build/MRA58K | UnknownOS | chrome 63.0 for android | UnknownScreen,hi6210sft Build/MRA58K,,chrome 63.0 for android,,mobile
iOS Device | iOS 11.0.0 | mobile safari 11.0 | 1136x640,iOS Device,iOS 11.0.0,mobile safari 11.0,1136x640,mobile
rv:56.0 | UnknownOS | firefox | UnknownScreen,rv:56.0,,firefox,,desktop
5057M | UnknownOS | chrome 63.0 for android | UnknownScreen,5057M,,chrome 63.0 for android,,mobile
Windows | Windows 10 | chrome 61.0 | 1920x1080,Windows,Windows 10,chrome 61.0,1920x1080,desktop
Windows | Windows 10 | chrome 63.0 | 1920x1280,Windows,Windows 10,chrome 63.0,1920x1280,desktop
iOS Device | iOS 11.1.2 | mobile safari generic | 2001x1125,iOS Device,iOS 11.1.2,mobile safari generic,2001x1125,mobile
MHA-L09 Build/HUAWEIMHA-L09 | UnknownOS | chrome 63.0 for android | UnknownScreen,MHA-L09 Build/HUAWEIMHA-L09,,chrome 63.0 for android,,mobile
5054S Build/LMY47V | UnknownOS | chrome 62.0 for android | UnknownScreen,5054S Build/LMY47V,,chrome 62.0 for android,,mobile
MacOS | Mac | chrome 61.0 | 1440x900,MacOS,Mac,chrome 61.0,1440x900,desktop
UnknownDevice | Linux | chrome 63.0 | UnknownScreen,,Linux,chrome 63.0,,desktop
M4 SS4457 Build/MRA58K | UnknownOS | chrome 63.0 for android | UnknownScreen,M4 SS4457 Build/MRA58K,,chrome 63.0 for android,,mobile
5080A Build/MRA58K | UnknownOS | chrome 63.0 for android | UnknownScreen,5080A Build/MRA58K,,chrome 63.0 for android,,mobile
SM-T113 Build/KTU84P | UnknownOS | chrome 63.0 for android | UnknownScreen,SM-T113 Build/KTU84P,,chrome 63.0 for android,,mobile
MacOS | Mac OS X 10_12_6 | chrome 63.0 | 1440x900,MacOS,Mac OS X 10_12_6,chrome 63.0,1440x900,desktop
iOS Device | iOS 10.3.3 | mobile safari 10.0 | 2208x1242,iOS Device,iOS 10.3.3,mobile safari 10.0,2208x1242,mobile
D5306 Build/19.4.A.0.182 | UnknownOS | chrome 60.0 for android | UnknownScreen,D5306 Build/19.4.A.0.182,,chrome 60.0 for android,,mobile
LG-H500 Build/LRX21Y | UnknownOS | chrome 62.0 for android | UnknownScreen,LG-H500 Build/LRX21Y,,chrome 62.0 for android,,mobile
rv:51.0 | Windows XP | firefox | 1600x900,rv:51.0,Windows XP,firefox,1600x900,desktop
SM-N950F Build/NMF26X | UnknownOS | chrome 63.0 for android | UnknownScreen,SM-N950F Build/NMF26X,,chrome 63.0 for android,,mobile
rv:57.0 | Mac OS X 10.10 | firefox 57.0 | 1280x800,rv:57.0,Mac OS X 10.10,firefox 57.0,1280x800,desktop
iOS Device | iOS 11.1.2 | mobile safari generic | 1136x640,iOS Device,iOS 11.1.2,mobile safari generic,1136x640,mobile
Android 5.1 | UnknownOS | android browser 4.0 | UnknownScreen,Android 5.1,,android browser 4.0,,mobile
ZTE BLADE A321 Build/NMF26F | UnknownOS | chrome 63.0 for android | UnknownScreen,ZTE BLADE A321 Build/NMF26F,,chrome 63.0 for android,,mobile
rv:47.0 | Windows XP | firefox 47.0 | 1600x900,rv:47.0,Windows XP,firefox 47.0,1600x900,desktop
MotoE2(4G-LTE | UnknownOS | chrome generic | UnknownScreen,MotoE2(4G-LTE,,chrome generic,,mobile
MacOS | Mac OS X 10_13_2 | chrome 63.0 | 2560x1600,MacOS,Mac OS X 10_13_2,chrome 63.0,2560x1600,desktop
HUAWEI CUN-L03 Build/HUAWEICUN-L03 | UnknownOS | chrome 63.0 for android | UnknownScreen,HUAWEI CUN-L03 Build/HUAWEICUN-L03,,chrome 63.0 for android,,mobile
Hisense U963 Build/MRA58K | UnknownOS | chrome 62.0 for android | UnknownScreen,Hisense U963 Build/MRA58K,,chrome 62.0 for android,,mobile
MacOS | Mac OS X 10_13_2 | chrome 63.0 | 1440x900,MacOS,Mac OS X 10_13_2,chrome 63.0,1440x900,desktop
LG-X165g Build/LRX21M | UnknownOS | chrome 62.0 for android | UnknownScreen,LG-X165g Build/LRX21M,,chrome 62.0 for android,,mobile
SM-T113NU Build/KTU84P | UnknownOS | chrome 63.0 for android | UnknownScreen,SM-T113NU Build/KTU84P,,chrome 63.0 for android,,mobile
Windows | UnknownOS | ie 11.0 for desktop | UnknownScreen,Windows,,ie 11.0 for desktop,,desktop
LG-X230 Build/MRA58K | UnknownOS | chrome 63.0 for android | UnknownScreen,LG-X230 Build/MRA58K,,chrome 63.0 for android,,mobile
Y635-L03 Build/HuaweiY635-L03 | UnknownOS | chrome 61.0 for android | UnknownScreen,Y635-L03 Build/HuaweiY635-L03,,chrome 61.0 for android,,mobile
SLAY | UnknownOS | android webview 4.0 | UnknownScreen,SLAY,,android webview 4.0,,mobile
LG-H420 Build/LRX21Y | UnknownOS | chrome 49.0 for android | UnknownScreen,LG-H420 Build/LRX21Y,,chrome 49.0 for android,,mobile
iOS Device | iOS 11.2.1 | mobile safari 11.0 | 2048x1536,iOS Device,iOS 11.2.1,mobile safari 11.0,2048x1536,mobile
SM-A300H Build/LRX22G | UnknownOS | chrome generic | UnknownScreen,SM-A300H Build/LRX22G,,chrome generic,,mobile
Hisense L675 Build/MRA58K | UnknownOS | chrome 62.0 for android | UnknownScreen,Hisense L675 Build/MRA58K,,chrome 62.0 for android,,mobile
LG-D680 Build/KOT49I | UnknownOS | chrome 61.0 for android | UnknownScreen,LG-D680 Build/KOT49I,,chrome 61.0 for android,,mobile
MacOS | Mac OS X 10_13_2 | safari generic | 3360x2100,MacOS,Mac OS X 10_13_2,safari generic,3360x2100,desktop
PRA-LX3 Build/HUAWEIPRA-LX3 | UnknownOS | chrome 63.0 for android | UnknownScreen,PRA-LX3 Build/HUAWEIPRA-LX3,,chrome 63.0 for android,,mobile
SAMSUNG SM-G925I Build/NRD90M | UnknownOS | samsung browser 6.2 | UnknownScreen,SAMSUNG SM-G925I Build/NRD90M,,samsung browser 6.2,,mobile
E6553 | UnknownOS | chrome 63.0 for android | UnknownScreen,E6553,,chrome 63.0 for android,,mobile
S57 Build/KTU84P | UnknownOS | chrome 60.0 for android | UnknownScreen,S57 Build/KTU84P,,chrome 60.0 for android,,mobile
SM-T810 Build/NRD90M | UnknownOS | chrome 63.0 for android | UnknownScreen,SM-T810 Build/NRD90M,,chrome 63.0 for android,,mobile
Trident/7.0 | Windows 8.1 | ie 11.0 for desktop | 1920x1080,Trident/7.0,Windows 8.1,ie 11.0 for desktop,1920x1080,desktop
SAMSUNG SM-J111M Build/LMY47V | UnknownOS | chrome generic | UnknownScreen,SAMSUNG SM-J111M Build/LMY47V,,chrome generic,,mobile
MacOS | Mac OS X 10_11_6 | chrome 63.0 | 1280x800,MacOS,Mac OS X 10_11_6,chrome 63.0,1280x800,desktop
SGH-I337M Build/LRX22C | UnknownOS | chrome 63.0 for android | UnknownScreen,SGH-I337M Build/LRX22C,,chrome 63.0 for android,,mobile
Lenovo | UnknownOS | chrome 63.0 for android | UnknownScreen,Lenovo,,chrome 63.0 for android,,mobile
AX920 | UnknownOS | chrome 62.0 for android | UnknownScreen,AX920,,chrome 62.0 for android,,mobile
Windows | Windows 7 | chrome 63.0 | 1680x1050,Windows,Windows 7,chrome 63.0,1680x1050,desktop
XT1585 Build/NCK25.118-10.5 | Android 7.0 | chrome 63.0 for android | 2560x1440,XT1585 Build/NCK25.118-10.5,Android 7.0,chrome 63.0 for android,2560x1440,mobile
rv:11.0 | Windows 7 | ie 11.0 for desktop | 1680x1050,rv:11.0,Windows 7,ie 11.0 for desktop,1680x1050,desktop
MacOS | Mac | safari generic | 1280x800,MacOS,Mac,safari generic,1280x800,desktop
rv:11.0 | Windows 7 | ie 11.0 for desktop | 1920x1200,rv:11.0,Windows 7,ie 11.0 for desktop,1920x1200,desktop
SM-T230 Build/KOT49H | UnknownOS | chrome 63.0 for android | UnknownScreen,SM-T230 Build/KOT49H,,chrome 63.0 for android,,mobile
Moto C Build/NRD90M.063 | UnknownOS | chrome 63.0 for android | UnknownScreen,Moto C Build/NRD90M.063,,chrome 63.0 for android,,mobile
iOS Device | iOS 11.1.0 | mobile safari 11.0 | 1136x640,iOS Device,iOS 11.1.0,mobile safari 11.0,1136x640,mobile
LG-M400 Build/NRD90U | UnknownOS | chrome 62.0 for android | UnknownScreen,LG-M400 Build/NRD90U,,chrome 62.0 for android,,mobile
iOS Device | iOS 10.2.1 | mobile safari 10.0 | 2208x1242,iOS Device,iOS 10.2.1,mobile safari 10.0,2208x1242,mobile
CHC-U03 Build/HuaweiCHC-U03 | UnknownOS | chrome 62.0 for android | UnknownScreen,CHC-U03 Build/HuaweiCHC-U03,,chrome 62.0 for android,,mobile
SM-G550T Build/MMB29K | Android 6.0.1 | chrome 63.0 for android | 1280x720,SM-G550T Build/MMB29K,Android 6.0.1,chrome 63.0 for android,1280x720,mobile
LG-D331 | UnknownOS | chrome 60.0 for android | UnknownScreen,LG-D331,,chrome 60.0 for android,,mobile
GT-I9060M Build/KTU84P | UnknownOS | chrome 59.0 for android | UnknownScreen,GT-I9060M Build/KTU84P,,chrome 59.0 for android,,mobile
rv:57.0 | Windows 7 | firefox 57.0 | 1920x1080,rv:57.0,Windows 7,firefox 57.0,1920x1080,desktop
MacOS | Mac OS X 10_10_5 | safari generic | 1440x900,MacOS,Mac OS X 10_10_5,safari generic,1440x900,desktop
Windows | Windows 8.1 | chrome 63.0 | 1920x1080,Windows,Windows 8.1,chrome 63.0,1920x1080,desktop
Pixel 2 XL Build/OPM1.171019.011 | Android 8.1.0 | chrome 63.0 for android | UnknownScreen,Pixel 2 XL Build/OPM1.171019.011,Android 8.1.0,chrome 63.0 for android,,mobile
HUAWEI Y560-L03 Build/HUAWEIY560-L03 | UnknownOS | chrome 43.0 for android | UnknownScreen,HUAWEI Y560-L03 Build/HUAWEIY560-L03,,chrome 43.0 for android,,mobile
XT1580 | UnknownOS | chrome 56.0 for android | UnknownScreen,XT1580,,chrome 56.0 for android,,mobile
XT1563 Build/MPDS24.107-52-5 | UnknownOS | chrome 62.0 for android | UnknownScreen,XT1563 Build/MPDS24.107-52-5,,chrome 62.0 for android,,mobile
SAMSUNG SM-G955U Build/NRD90M | Android 7.0 | samsung browser 6.2 | UnknownScreen,SAMSUNG SM-G955U Build/NRD90M,Android 7.0,samsung browser 6.2,,mobile
M4 SS4453 Build/MMB29M | UnknownOS | chrome 62.0 for android | UnknownScreen,M4 SS4453 Build/MMB29M,,chrome 62.0 for android,,mobile
Windows | UnknownOS | firefox | UnknownScreen,Windows,,firefox,,desktop
LGMP450 Build/NRD90U | Android 7.0 | chrome 58.0 for android | 1920x1080,LGMP450 Build/NRD90U,Android 7.0,chrome 58.0 for android,1920x1080,mobile
HTC Desire 10 lifestyle Build/MMB29M | UnknownOS | chrome 63.0 for android | UnknownScreen,HTC Desire 10 lifestyle Build/MMB29M,,chrome 63.0 for android,,mobile
SM-A520F Build/NRD90M | UnknownOS | chrome 58.0 for android | UnknownScreen,SM-A520F Build/NRD90M,,chrome 58.0 for android,,mobile
iOS Device | iOS 10.0.2 | mobile safari 10.0 | 1334x750,iOS Device,iOS 10.0.2,mobile safari 10.0,1334x750,mobile
HTC Desire 10 lifestyle Build/MMB29M | UnknownOS | chrome 60.0 for android | UnknownScreen,HTC Desire 10 lifestyle Build/MMB29M,,chrome 60.0 for android,,mobile
MotoG3-TE Build/MPDS24.65-33-1-30 | UnknownOS | chrome 63.0 for android | UnknownScreen,MotoG3-TE Build/MPDS24.65-33-1-30,,chrome 63.0 for android,,mobile
SM-J105B Build/LMY47V | UnknownOS | chrome 50.0 for android | UnknownScreen,SM-J105B Build/LMY47V,,chrome 50.0 for android,,mobile
Moto C Plus Build/NRD90M.05.022 | UnknownOS | chrome 63.0 for android | UnknownScreen,Moto C Plus Build/NRD90M.05.022,,chrome 63.0 for android,,mobile
LG-D693n Build/LRX22G | UnknownOS | chrome 61.0 for android | UnknownScreen,LG-D693n Build/LRX22G,,chrome 61.0 for android,,mobile
LG-X230 Build/MRA58K | UnknownOS | chrome 61.0 for android | UnknownScreen,LG-X230 Build/MRA58K,,chrome 61.0 for android,,mobile
SM-G935T Build/NRD90M | Android 7.0 | chrome 63.0 for android | 2562x1442,SM-G935T Build/NRD90M,Android 7.0,chrome 63.0 for android,2562x1442,mobile
MacOS | Mac OS X 10_11_4 | safari generic | 1280x800,MacOS,Mac OS X 10_11_4,safari generic,1280x800,desktop
Microsoft | UnknownOS | edge | UnknownScreen,Microsoft,,edge,,mobile
SM-J510MN Build/MMB29M | UnknownOS | chrome 63.0 for android | UnknownScreen,SM-J510MN Build/MMB29M,,chrome 63.0 for android,,mobile
Windows | Windows 7 | ie 11.0 for desktop | 1440x900,Windows,Windows 7,ie 11.0 for desktop,1440x900,desktop
iOS Device | iOS 11.1.1 | mobile safari 11.0 | 2001x1125,iOS Device,iOS 11.1.1,mobile safari 11.0,2001x1125,mobile
iOS Device | iOS 11.2.1 | mobile safari 11.0 | 2001x1125,iOS Device,iOS 11.2.1,mobile safari 11.0,2001x1125,mobile
MacOS | Mac OS X 10_13_2 | chrome 62.0 | 1440x900,MacOS,Mac OS X 10_13_2,chrome 62.0,1440x900,desktop
moto x4 Build/NPW26.83-18-2-0-4 | UnknownOS | chrome 58.0 for android | UnknownScreen,moto x4 Build/NPW26.83-18-2-0-4,,chrome 58.0 for android,,mobile
iOS Device | iOS 10.3.3 | mobile safari generic | 1136x640,iOS Device,iOS 10.3.3,mobile safari generic,1136x640,mobile
Moto G Play Build/MPIS24.241-15.3-7 | UnknownOS | chrome 50.0 for android | UnknownScreen,Moto G Play Build/MPIS24.241-15.3-7,,chrome 50.0 for android,,mobile
G8141 Build/47.1.A.5.51 | UnknownOS | chrome 63.0 for android | UnknownScreen,G8141 Build/47.1.A.5.51,,chrome 63.0 for android,,mobile
rv:11.0 | Windows 7 | ie 11.0 for desktop | 1366x768,rv:11.0,Windows 7,ie 11.0 for desktop,1366x768,desktop
MacOS | Mac OS X 10_10_5 | chrome 63.0 | 1366x768,MacOS,Mac OS X 10_10_5,chrome 63.0,1366x768,desktop
HUAWEI TAG-L13 Build/HUAWEITAG-L13 | UnknownOS | chrome 63.0 for android | UnknownScreen,HUAWEI TAG-L13 Build/HUAWEITAG-L13,,chrome 63.0 for android,,mobile
Trident/7.0 | Windows 8.1 | Microsoft/Windows | UnknownScreen,Trident/7.0,Windows 8.1,Microsoft/Windows,,mobile
iOS Device | iOS 11.1.0 | mobile safari generic | 2208x1242,iOS Device,iOS 11.1.0,mobile safari generic,2208x1242,mobile
BLL-L23 Build/HUAWEIBLL-L23 | UnknownOS | chrome 63.0 for android | UnknownScreen,BLL-L23 Build/HUAWEIBLL-L23,,chrome 63.0 for android,,mobile
G3223 Build/42.0.A.4.101 | UnknownOS | chrome 63.0 for android | UnknownScreen,G3223 Build/42.0.A.4.101,,chrome 63.0 for android,,mobile
rv:51.0 | UnknownOS | firefox | UnknownScreen,rv:51.0,,firefox,,desktop
SM-J111M Build/LMY47V | UnknownOS | other | UnknownScreen,SM-J111M Build/LMY47V,,other,,mobile
SAMSUNG-SM-G930A Build/NRD90M | Android 7.0 | chrome 60.0 for android | 1920x1080,SAMSUNG-SM-G930A Build/NRD90M,Android 7.0,chrome 60.0 for android,1920x1080,mobile
rv:11.0 | Windows 7 | ie 11.0 for desktop | 3440x1440,rv:11.0,Windows 7,ie 11.0 for desktop,3440x1440,desktop
Hisense F23 Build/NRD90M | UnknownOS | chrome 62.0 for android | UnknownScreen,Hisense F23 Build/NRD90M,,chrome 62.0 for android,,mobile
iOS Device | iOS 11.1.1 | mobile safari 11.0 | 2436x1125,iOS Device,iOS 11.1.1,mobile safari 11.0,2436x1125,mobile
iOS Device | iOS 11.2.1 | mobile safari generic | 2208x1242,iOS Device,iOS 11.2.1,mobile safari generic,2208x1242,mobile
Moto E (4) Build/NMA26.42-69 | UnknownOS | android webview 4.0 | UnknownScreen,Moto E (4) Build/NMA26.42-69,,android webview 4.0,,mobile
XT1563 Build/MPD24.107-52 | UnknownOS | chrome 63.0 for android | UnknownScreen,XT1563 Build/MPD24.107-52,,chrome 63.0 for android,,mobile
Trident/7.0 | Windows 7 | ie 11.0 for desktop | 1366x768,Trident/7.0,Windows 7,ie 11.0 for desktop,1366x768,desktop
LG-D331 Build/LRX22G | UnknownOS | chrome 62.0 for android | UnknownScreen,LG-D331 Build/LRX22G,,chrome 62.0 for android,,mobile
Ilium LT500 Build/LMY47O | UnknownOS | chrome 49.0 for android | UnknownScreen,Ilium LT500 Build/LMY47O,,chrome 49.0 for android,,mobile
Studio | UnknownOS | chrome 63.0 for android | UnknownScreen,Studio,,chrome 63.0 for android,,mobile
SM-G360V Build/LMY48B | Android 5.1.1 | chrome 51.0 for android | 801x480,SM-G360V Build/LMY48B,Android 5.1.1,chrome 51.0 for android,801x480,mobile
MacOS | Mac OS X 10_11_5 | safari generic | 1920x1080,MacOS,Mac OS X 10_11_5,safari generic,1920x1080,desktop
Windows | Windows 10 | edge 16.0 | 1920x1200,Windows,Windows 10,edge 16.0,1920x1200,desktop
MacOS | Mac OS X 10_9_5 | chrome 63.0 | 2560x1600,MacOS,Mac OS X 10_9_5,chrome 63.0,2560x1600,desktop
SM-A720F Build/NRD90M | UnknownOS | chrome 63.0 for android | UnknownScreen,SM-A720F Build/NRD90M,,chrome 63.0 for android,,mobile
SAMSUNG SM-J530GM Build/NRD90M | UnknownOS | samsung browser 6.2 | UnknownScreen,SAMSUNG SM-J530GM Build/NRD90M,,samsung browser 6.2,,mobile
MacOS | Mac OS X 10_11_6 | chrome 63.0 | 2880x1800,MacOS,Mac OS X 10_11_6,chrome 63.0,2880x1800,desktop
SM-J320M Build/LMY47V | UnknownOS | chrome 63.0 for android | UnknownScreen,SM-J320M Build/LMY47V,,chrome 63.0 for android,,mobile
Moto C Build/NRD90M.046 | UnknownOS | chrome 56.0 for android | UnknownScreen,Moto C Build/NRD90M.046,,chrome 56.0 for android,,mobile
E6853 | UnknownOS | chrome | UnknownScreen,E6853,,chrome,,mobile
HUAWEI VNS-L53 Build/HUAWEIVNS-L53 | UnknownOS | chrome 60.0 for android | UnknownScreen,HUAWEI VNS-L53 Build/HUAWEIVNS-L53,,chrome 60.0 for android,,mobile
LG-H811 Build/MRA58K | Android 6.0 | chrome 62.0 for android | 2560x1440,LG-H811 Build/MRA58K,Android 6.0,chrome 62.0 for android,2560x1440,mobile
Windows | Windows 7 | chrome 63.0 | 2400x1350,Windows,Windows 7,chrome 63.0,2400x1350,desktop
rv:48.0 | UnknownOS | firefox 48.0 | UnknownScreen,rv:48.0,,firefox 48.0,,desktop
F5121 Build/34.3.A.0.252 | UnknownOS | chrome 63.0 for android | UnknownScreen,F5121 Build/34.3.A.0.252,,chrome 63.0 for android,,mobile
MacOS | Mac OS X 10_13_2 | safari generic | 1920x1080,MacOS,Mac OS X 10_13_2,safari generic,1920x1080,desktop
SAMSUNG SM-N950U Build/NMF26X | Android 7.1.1 | samsung browser 6.2 | UnknownScreen,SAMSUNG SM-N950U Build/NMF26X,Android 7.1.1,samsung browser 6.2,,mobile
Z981 Build/MMB29M | Android 6.0.1 | chrome 63.0 for android | 1920x1080,Z981 Build/MMB29M,Android 6.0.1,chrome 63.0 for android,1920x1080,mobile
Moto G (5S | UnknownOS | chrome generic | UnknownScreen,Moto G (5S,,chrome generic,,mobile
D5803 Build/23.5.A.1.291 | UnknownOS | chrome 63.0 for android | UnknownScreen,D5803 Build/23.5.A.1.291,,chrome 63.0 for android,,mobile
SM-J710MN Build/MMB29K | UnknownOS | chrome 63.0 for android | UnknownScreen,SM-J710MN Build/MMB29K,,chrome 63.0 for android,,mobile
Moto Z2 Play Build/NPSS26.118-19-6 | UnknownOS | chrome 57.0 for android | UnknownScreen,Moto Z2 Play Build/NPSS26.118-19-6,,chrome 57.0 for android,,mobile
LG-M250 Build/NRD90U | UnknownOS | chrome 63.0 for android | UnknownScreen,LG-M250 Build/NRD90U,,chrome 63.0 for android,,mobile
Windows | Windows 7 | firefox 57.0 | 1600x900,Windows,Windows 7,firefox 57.0,1600x900,desktop
SAMSUNG-SM-G930A Build/NRD90M | Android 7.0 | chrome 63.0 for android | 1920x1080,SAMSUNG-SM-G930A Build/NRD90M,Android 7.0,chrome 63.0 for android,1920x1080,mobile
LG-H500 Build/LRX21Y | UnknownOS | chrome generic | UnknownScreen,LG-H500 Build/LRX21Y,,chrome generic,,mobile
Hisense F20 Build/MMB29M | UnknownOS | chrome 63.0 for android | UnknownScreen,Hisense F20 Build/MMB29M,,chrome 63.0 for android,,mobile
SM-G355M Build/KOT49H | UnknownOS | chrome 60.0 for android | UnknownScreen,SM-G355M Build/KOT49H,,chrome 60.0 for android,,mobile
SAMSUNG SM-N900T Build/LRX21V | Android 5.0 | chrome generic | 1920x1080,SAMSUNG SM-N900T Build/LRX21V,Android 5.0,chrome generic,1920x1080,mobile
Windows | UnknownOS | chrome generic | UnknownScreen,Windows,,chrome generic,,desktop
HUAWEI G7-L03 Build/HuaweiG7-L03 | UnknownOS | chrome 63.0 for android | UnknownScreen,HUAWEI G7-L03 Build/HuaweiG7-L03,,chrome 63.0 for android,,mobile
Windows | Windows 10 | edge 16.0 | 1680x1050,Windows,Windows 10,edge 16.0,1680x1050,desktop
LG-D693n Build/LRX22G | UnknownOS | chrome 55.0 for android | UnknownScreen,LG-D693n Build/LRX22G,,chrome 55.0 for android,,mobile
BLU STUDIO C 5+5 Build/LRX21M | UnknownOS | chrome 63.0 for android | UnknownScreen,BLU STUDIO C 5+5 Build/LRX21M,,chrome 63.0 for android,,mobile
SM-G920I Build/NRD90M | UnknownOS | chrome 63.0 for android | UnknownScreen,SM-G920I Build/NRD90M,,chrome 63.0 for android,,mobile
iOS Device | iOS 10.2.1 | mobile safari 10.0 | 2048x1536,iOS Device,iOS 10.2.1,mobile safari 10.0,2048x1536,mobile
CAM-L03 Build/HUAWEICAM-L03 | UnknownOS | chrome 61.0 for android | UnknownScreen,CAM-L03 Build/HUAWEICAM-L03,,chrome 61.0 for android,,mobile
MotoG3-TE Build/MPDS24.65-33-1-3 | UnknownOS | chrome 61.0 for android | UnknownScreen,MotoG3-TE Build/MPDS24.65-33-1-3,,chrome 61.0 for android,,mobile
iOS Device | iOS 10.2.1 | mobile safari 10.0 | 1334x750,iOS Device,iOS 10.2.1,mobile safari 10.0,1334x750,mobile
Moto C Plus Build/NRD90M.05.034 | UnknownOS | chrome 58.0 for android | UnknownScreen,Moto C Plus Build/NRD90M.05.034,,chrome 58.0 for android,,mobile
MacOS | Mac OS X 10_11_6 | chrome 63.0 | 1440x900,MacOS,Mac OS X 10_11_6,chrome 63.0,1440x900,desktop
Ilium LT510 Build/MRA58K | UnknownOS | chrome 61.0 for android | UnknownScreen,Ilium LT510 Build/MRA58K,,chrome 61.0 for android,,mobile
iOS Device | iOS 11.2.1 | mobile safari generic | 1334x750,iOS Device,iOS 11.2.1,mobile safari generic,1334x750,mobile
Windows | Windows 10 | chrome generic | 1680x1050,Windows,Windows 10,chrome generic,1680x1050,desktop
iOS Device | iOS 10.1.1 | mobile safari 10.0 | 1334x750,iOS Device,iOS 10.1.1,mobile safari 10.0,1334x750,mobile
SM-N910V Build/MMB29M | UnknownOS | chrome 63.0 for android | UnknownScreen,SM-N910V Build/MMB29M,,chrome 63.0 for android,,mobile
MacOS | Mac OS X 10_13_1 | safari generic | 1440x900,MacOS,Mac OS X 10_13_1,safari generic,1440x900,desktop
SM-G930V Build/NRD90M | Android 7.0 | chrome 63.0 for android | 1920x1080,SM-G930V Build/NRD90M,Android 7.0,chrome 63.0 for android,1920x1080,mobile
SM-G610F | UnknownOS | chrome 63.0 for android | UnknownScreen,SM-G610F,,chrome 63.0 for android,,mobile
SAMSUNG SM-G900M Build/LRX21T | UnknownOS | chrome generic | UnknownScreen,SAMSUNG SM-G900M Build/LRX21T,,chrome generic,,mobile
Build/OPR6.170623.013 | UnknownOS | UnknownBrowser | UnknownScreen,Build/OPR6.170623.013,,,,mobile
MacOS | Mac OS X 10_11_6 | safari generic | 1920x1200,MacOS,Mac OS X 10_11_6,safari generic,1920x1200,desktop
ALE-L23 Build/HuaweiALE-L23 | UnknownOS | chrome 60.0 for android | UnknownScreen,ALE-L23 Build/HuaweiALE-L23,,chrome 60.0 for android,,mobile
F3213 Build/36.0.A.2.146 | UnknownOS | chrome 61.0 for android | UnknownScreen,F3213 Build/36.0.A.2.146,,chrome 61.0 for android,,mobile
Windows | Windows 10 | chrome 60.0 | 1366x768,Windows,Windows 10,chrome 60.0,1366x768,desktop
Moto | UnknownOS | chrome 62.0 for android | UnknownScreen,Moto,,chrome 62.0 for android,,mobile
MacOS | Mac OS X 10_10_5 | safari generic | 1366x768,MacOS,Mac OS X 10_10_5,safari generic,1366x768,desktop
ALE-L23 Build/HuaweiALE-L23 | UnknownOS | chrome 43.0 for android | UnknownScreen,ALE-L23 Build/HuaweiALE-L23,,chrome 43.0 for android,,mobile
rv:57.0 | Mac OS X 10.13 | firefox 57.0 | 1280x800,rv:57.0,Mac OS X 10.13,firefox 57.0,1280x800,desktop
SM-A520F Build/NRD90M | UnknownOS | chrome 63.0 for android | UnknownScreen,SM-A520F Build/NRD90M,,chrome 63.0 for android,,mobile
iOS Device | iOS 10.2.0 | mobile safari 10.0 | 1334x750,iOS Device,iOS 10.2.0,mobile safari 10.0,1334x750,mobile
Trident/7.0 | Windows 8.1 | ie 11.0 for desktop | 1366x768,Trident/7.0,Windows 8.1,ie 11.0 for desktop,1366x768,desktop
MacOS | Mac OS X 10_11_6 | chrome 62.0 | 1280x800,MacOS,Mac OS X 10_11_6,chrome 62.0,1280x800,desktop
SM-G955U Build/NRD90M | Android 7.0 | chrome 63.0 for android | 2220x1080,SM-G955U Build/NRD90M,Android 7.0,chrome 63.0 for android,2220x1080,mobile
MacOS | Mac OS X 10_12_2 | safari generic | 1280x800,MacOS,Mac OS X 10_12_2,safari generic,1280x800,desktop
Windows | Windows 10 | edge 16.0 | 1366x768,Windows,Windows 10,edge 16.0,1366x768,desktop
SAMSUNG SM-G925T Build/NRD90M | Android 7.0 | samsung browser 6.2 | 2560x1440,SAMSUNG SM-G925T Build/NRD90M,Android 7.0,samsung browser 6.2,2560x1440,mobile
SAMSUNG SM-A520F Build/NRD90M | UnknownOS | samsung browser 6.2 | UnknownScreen,SAMSUNG SM-A520F Build/NRD90M,,samsung browser 6.2,,mobile
Win64 | Windows 10 | edge 14.0 | UnknownScreen,Win64,Windows 10,edge 14.0,,desktop
Pixel Build/OPM1.171019.011 | UnknownOS | chrome 63.0 for android | UnknownScreen,Pixel Build/OPM1.171019.011,,chrome 63.0 for android,,mobile
MacOS | Mac OS X 10_11_6 | safari generic | 1366x768,MacOS,Mac OS X 10_11_6,safari generic,1366x768,desktop
SM-J730GM Build/NRD90M | UnknownOS | chrome 63.0 for android | UnknownScreen,SM-J730GM Build/NRD90M,,chrome 63.0 for android,,mobile
Moto C Plus Build/NRD90M.05.034 | UnknownOS | chrome 62.0 for android | UnknownScreen,Moto C Plus Build/NRD90M.05.034,,chrome 62.0 for android,,mobile
LG-K410 Build/LRX22G | UnknownOS | chrome 61.0 for android | UnknownScreen,LG-K410 Build/LRX22G,,chrome 61.0 for android,,mobile
LG-M700 Build/NMF26X | UnknownOS | other | UnknownScreen,LG-M700 Build/NMF26X,,other,,mobile
rv:56.0 | UnknownOS | firefox 56.0 | UnknownScreen,rv:56.0,,firefox 56.0,,desktop
MacOS | Mac | chrome 62.0 | 1920x1080,MacOS,Mac,chrome 62.0,1920x1080,desktop
rv:57.0 | Windows 10 | firefox | 1366x768,rv:57.0,Windows 10,firefox,1366x768,desktop
MacOS | Mac OS X 10_13_1 | safari generic | 1920x1080,MacOS,Mac OS X 10_13_1,safari generic,1920x1080,desktop
iOS Device | iOS 11.0.0 | mobile safari 11.0 | 2208x1242,iOS Device,iOS 11.0.0,mobile safari 11.0,2208x1242,mobile
Ilium LT500 Build/LMY47O | UnknownOS | chrome 59.0 for android | UnknownScreen,Ilium LT500 Build/LMY47O,,chrome 59.0 for android,,mobile
Moto C Build/NRD90M.046 | UnknownOS | chrome 62.0 for android | UnknownScreen,Moto C Build/NRD90M.046,,chrome 62.0 for android,,mobile
TA-1025 | UnknownOS | chrome 63.0 for android | UnknownScreen,TA-1025,,chrome 63.0 for android,,mobile
XT1053 Build/LPAS23.12-21.7-1 | UnknownOS | chrome | UnknownScreen,XT1053 Build/LPAS23.12-21.7-1,,chrome,,mobile
UnknownDevice | Linux | chrome 63.0 | 2560x1440,,Linux,chrome 63.0,2560x1440,desktop
MacOS | Mac OS X 10_9_5 | safari generic | 1440x900,MacOS,Mac OS X 10_9_5,safari generic,1440x900,desktop
AX920 | UnknownOS | chrome 63.0 for android | UnknownScreen,AX920,,chrome 63.0 for android,,mobile
rv:11.0 | Windows 7 | ie 11.0 for desktop | UnknownScreen,rv:11.0,Windows 7,ie 11.0 for desktop,,desktop
SM-J105B Build/LMY47V | UnknownOS | chrome 63.0 for android | UnknownScreen,SM-J105B Build/LMY47V,,chrome 63.0 for android,,mobile
6039A Build/LRX22G | UnknownOS | chrome 63.0 for android | UnknownScreen,6039A Build/LRX22G,,chrome 63.0 for android,,mobile
iOS Device | iOS | mobile safari 8.0 | 2048x1536,iOS Device,iOS,mobile safari 8.0,2048x1536,mobile
iOS Device | iOS 11.1.1 | mobile safari generic | 1334x750,iOS Device,iOS 11.1.1,mobile safari generic,1334x750,mobile
F8331 Build/41.2.A.7.76 | UnknownOS | chrome 62.0 for android | UnknownScreen,F8331 Build/41.2.A.7.76,,chrome 62.0 for android,,mobile
Ilium X510 Build/MRA58K | UnknownOS | chrome 49.0 for android | UnknownScreen,Ilium X510 Build/MRA58K,,chrome 49.0 for android,,mobile
LGMS550 Build/MXB48T | UnknownOS | chrome 58.0 for android | UnknownScreen,LGMS550 Build/MXB48T,,chrome 58.0 for android,,mobile
SM-A520F Build/MMB29K | UnknownOS | chrome 63.0 for android | UnknownScreen,SM-A520F Build/MMB29K,,chrome 63.0 for android,,mobile
Windows | Windows 10 | edge 16.0 | 2736x1824,Windows,Windows 10,edge 16.0,2736x1824,desktop
C6906 Build/14.6.A.1.236 | UnknownOS | chrome 63.0 for android | UnknownScreen,C6906 Build/14.6.A.1.236,,chrome 63.0 for android,,mobile
SM-A710M Build/LMY47X | UnknownOS | chrome 62.0 for android | UnknownScreen,SM-A710M Build/LMY47X,,chrome 62.0 for android,,mobile
SM-G928T Build/NRD90M | Android 7.0 | chrome 63.0 for android | UnknownScreen,SM-G928T Build/NRD90M,Android 7.0,chrome 63.0 for android,,mobile
SM-G935T Build/NRD90M | Android 7.0 | chrome 62.0 for android | 1920x1080,SM-G935T Build/NRD90M,Android 7.0,chrome 62.0 for android,1920x1080,mobile
iOS Device | iOS 11.2.5 | mobile safari 11.0 | 1334x750,iOS Device,iOS 11.2.5,mobile safari 11.0,1334x750,mobile
rv:52.0 | Windows 10 | firefox | 1600x900,rv:52.0,Windows 10,firefox,1600x900,desktop
E5506 Build/29.2.A.0.166 | UnknownOS | chrome 63.0 for android | UnknownScreen,E5506 Build/29.2.A.0.166,,chrome 63.0 for android,,mobile
LG-K450 Build/MXB48T | Android 6.0.1 | chrome 63.0 for android | 1280x720,LG-K450 Build/MXB48T,Android 6.0.1,chrome 63.0 for android,1280x720,mobile
Lenovo A2016b30 Build/MRA58K | UnknownOS | chrome 50.0 for android | UnknownScreen,Lenovo A2016b30 Build/MRA58K,,chrome 50.0 for android,,mobile
orbis | UnknownOS | chrome 63.0 for android | UnknownScreen,orbis,,chrome 63.0 for android,,mobile
SM-G925I Build/NRD90M | UnknownOS | chrome 63.0 for android | UnknownScreen,SM-G925I Build/NRD90M,,chrome 63.0 for android,,mobile
iOS Device | iOS 11.2.1 | mobile safari generic | 2001x1125,iOS Device,iOS 11.2.1,mobile safari generic,2001x1125,mobile
Windows | Windows 7 | chrome 51.0 | 1600x900,Windows,Windows 7,chrome 51.0,1600x900,desktop
Trident/7.0 | Windows 8.1 | ie 11.0 for desktop | 1280x1024,Trident/7.0,Windows 8.1,ie 11.0 for desktop,1280x1024,desktop
Windows | Windows 10 | chrome 63.0 | 2400x1350,Windows,Windows 10,chrome 63.0,2400x1350,desktop
Blade A475 Build/LMY47D | UnknownOS | chrome 52.0 for android | UnknownScreen,Blade A475 Build/LMY47D,,chrome 52.0 for android,,mobile
iOS Device | iOS 11.2.5 | mobile safari 11.0 | 2436x1125,iOS Device,iOS 11.2.5,mobile safari 11.0,2436x1125,mobile
iOS Device | iOS 11.1.0 | mobile safari 11.0 | 1334x750,iOS Device,iOS 11.1.0,mobile safari 11.0,1334x750,mobile
iOS Device | iOS 10.3.2 | mobile safari generic | 2048x1536,iOS Device,iOS 10.3.2,mobile safari generic,2048x1536,mobile
MacOS | Mac OS X 10_13_2 | chrome 63.0 | 2880x1800,MacOS,Mac OS X 10_13_2,chrome 63.0,2880x1800,desktop
XT1635-01 Build/NDNS26.118-23-12-3 | Android 7.1.1 | chrome 62.0 for android | 1920x1080,XT1635-01 Build/NDNS26.118-23-12-3,Android 7.1.1,chrome 62.0 for android,1920x1080,mobile
Pixel | Android 8.0.0 | chrome 62.0 for android | UnknownScreen,Pixel,Android 8.0.0,chrome 62.0 for android,,mobile
5095I Build/MRA58K | UnknownOS | chrome 63.0 for android | UnknownScreen,5095I Build/MRA58K,,chrome 63.0 for android,,mobile
SAMSUNG-SM-G900A Build/LRX21T | Android 5.0 | chrome 63.0 for android | 1920x1080,SAMSUNG-SM-G900A Build/LRX21T,Android 5.0,chrome 63.0 for android,1920x1080,mobile
SM-G930P Build/NRD90M | Android 7.0 | chrome 63.0 for android | 1920x1080,SM-G930P Build/NRD90M,Android 7.0,chrome 63.0 for android,1920x1080,mobile
HTC Desire 626s Build/LMY47O | UnknownOS | chrome 59.0 for android | UnknownScreen,HTC Desire 626s Build/LMY47O,,chrome 59.0 for android,,mobile
LG-D320 Build/KOT49I.V10a | UnknownOS | chrome 63.0 for android | UnknownScreen,LG-D320 Build/KOT49I.V10a,,chrome 63.0 for android,,mobile
Windows | Windows 8.1 | chrome 63.0 | 1366x768,Windows,Windows 8.1,chrome 63.0,1366x768,desktop
MacOS | Mac OS X 10_13_1 | chrome 63.0 | 2560x1600,MacOS,Mac OS X 10_13_1,chrome 63.0,2560x1600,desktop
Blade | UnknownOS | chrome 63.0 for android | UnknownScreen,Blade,,chrome 63.0 for android,,mobile
iOS Device | iOS 11.2.1 | mobile safari 11.0 | 2224x1668,iOS Device,iOS 11.2.1,mobile safari 11.0,2224x1668,mobile
rv:48.0 | Mac | firefox 48.0 | 1920x1080,rv:48.0,Mac,firefox 48.0,1920x1080,desktop
MYA-L13 Build/HUAWEIMYA-L13 | UnknownOS | chrome 63.0 for android | UnknownScreen,MYA-L13 Build/HUAWEIMYA-L13,,chrome 63.0 for android,,mobile
LG-LS997 Build/NRD90M | Android 7.0 | chrome 63.0 for android | 2560x1440,LG-LS997 Build/NRD90M,Android 7.0,chrome 63.0 for android,2560x1440,mobile
MacOS | Mac OS X 10_11_6 | chrome 63.0 | 2560x1440,MacOS,Mac OS X 10_11_6,chrome 63.0,2560x1440,desktop
LG-TP260 Build/NRD90U | Android 7.0 | chrome 61.0 for android | 1280x720,LG-TP260 Build/NRD90U,Android 7.0,chrome 61.0 for android,1280x720,mobile
MacOS | Mac | chrome 63.0 | 1440x900,MacOS,Mac,chrome 63.0,1440x900,desktop
Android 5.1 | UnknownOS | chrome 43.0 for android | UnknownScreen,Android 5.1,,chrome 43.0 for android,,mobile
TA-1039 Build/NMF26F | UnknownOS | other | UnknownScreen,TA-1039 Build/NMF26F,,other,,mobile
SAMSUNG | Android 7.0 | samsung browser 6.2 | 2560x1440,SAMSUNG,Android 7.0,samsung browser 6.2,2560x1440,mobile
ALE-L23 Build/HuaweiALE-L23 | UnknownOS | chrome 61.0 for android | UnknownScreen,ALE-L23 Build/HuaweiALE-L23,,chrome 61.0 for android,,mobile
SAMSUNG SM-G950F Build/NRD90M | UnknownOS | samsung browser 6.2 | UnknownScreen,SAMSUNG SM-G950F Build/NRD90M,,samsung browser 6.2,,mobile
Blade V6 Max Build/MRA58K | UnknownOS | chrome 58.0 for android | UnknownScreen,Blade V6 Max Build/MRA58K,,chrome 58.0 for android,,mobile
UnknownDevice | Linux | chrome 62.0 | 2400x1600,,Linux,chrome 62.0,2400x1600,desktop
iOS Device | iOS 11.0.3 | mobile safari generic | 2048x1536,iOS Device,iOS 11.0.3,mobile safari generic,2048x1536,mobile
SM-G950U Build/NRD90M | Android 7.0 | chrome 62.0 for android | 2220x1080,SM-G950U Build/NRD90M,Android 7.0,chrome 62.0 for android,2220x1080,mobile
SM-J727T Build/NRD90M | Android 7.0 | chrome 63.0 for android | 1280x720,SM-J727T Build/NRD90M,Android 7.0,chrome 63.0 for android,1280x720,mobile
MacOS | Mac OS X 10_10_5 | chrome 63.0 | 1440x900,MacOS,Mac OS X 10_10_5,chrome 63.0,1440x900,desktop
SM-G550T1 Build/MMB29K | Android 6.0.1 | chrome 62.0 for android | 1280x720,SM-G550T1 Build/MMB29K,Android 6.0.1,chrome 62.0 for android,1280x720,mobile
CAM-L03 Build/HUAWEICAM-L03 | UnknownOS | chrome 54.0 for android | UnknownScreen,CAM-L03 Build/HUAWEICAM-L03,,chrome 54.0 for android,,mobile
SM-N920V Build/NRD90M | Android 7.0 | chrome 63.0 for android | UnknownScreen,SM-N920V Build/NRD90M,Android 7.0,chrome 63.0 for android,,mobile
iOS Device | iOS 11.2.5 | mobile safari 11.0 | 2208x1242,iOS Device,iOS 11.2.5,mobile safari 11.0,2208x1242,mobile
MacOS | Mac OS X 10_12_3 | safari generic | 1366x768,MacOS,Mac OS X 10_12_3,safari generic,1366x768,desktop
UnknownDevice | Linux | chrome generic | 1920x1080,,Linux,chrome generic,1920x1080,desktop
iOS Device | iOS 10.3.3 | chrome 63.0 for ios | 2048x1536,iOS Device,iOS 10.3.3,chrome 63.0 for ios,2048x1536,mobile
iOS Device | iOS | mobile safari 10.0 | 1334x750,iOS Device,iOS,mobile safari 10.0,1334x750,mobile
SM-G920V Build/MMB29K | Android 6.0.1 | chrome 62.0 for android | 2560x1440,SM-G920V Build/MMB29K,Android 6.0.1,chrome 62.0 for android,2560x1440,mobile
iOS Device | iOS 11.2.1 | mobile safari generic | 1136x640,iOS Device,iOS 11.2.1,mobile safari generic,1136x640,mobile
SAMSUNG-SM-G891A Build/NRD90M | Android 7.0 | chrome 62.0 for android | 1920x1080,SAMSUNG-SM-G891A Build/NRD90M,Android 7.0,chrome 62.0 for android,1920x1080,mobile
MacOS | Mac OS X 10_11_6 | chrome 63.0 | 2560x1600,MacOS,Mac OS X 10_11_6,chrome 63.0,2560x1600,desktop
SGH-I337M Build/LRX22C | UnknownOS | chrome 50.0 for android | UnknownScreen,SGH-I337M Build/LRX22C,,chrome 50.0 for android,,mobile
MacOS | Mac OS X 10_12_6 | safari generic | 3360x2100,MacOS,Mac OS X 10_12_6,safari generic,3360x2100,desktop
Z831 | Android 6.0.1 | chrome 59.0 for android | 855x480,Z831,Android 6.0.1,chrome 59.0 for android,855x480,mobile
GT-P3100 | UnknownOS | chrome generic for android | UnknownScreen,GT-P3100,,chrome generic for android,,mobile
SM-A300H Build/LRX22G | UnknownOS | chrome 62.0 for android | UnknownScreen,SM-A300H Build/LRX22G,,chrome 62.0 for android,,mobile
rv:57.0 | Mac OS X 10.11 | firefox 57.0 | 2560x1440,rv:57.0,Mac OS X 10.11,firefox 57.0,2560x1440,desktop
MacOS | Mac OS X 10_11_6 | chrome 61.0 | 2560x1600,MacOS,Mac OS X 10_11_6,chrome 61.0,2560x1600,desktop
SM-A720F Build/MMB29K | UnknownOS | chrome 61.0 for android | UnknownScreen,SM-A720F Build/MMB29K,,chrome 61.0 for android,,mobile
iOS Device | iOS | mobile safari 9.0 | 1024x768,iOS Device,iOS,mobile safari 9.0,1024x768,mobile
SM-G930F Build/NRD90M | UnknownOS | chrome 58.0 for android | UnknownScreen,SM-G930F Build/NRD90M,,chrome 58.0 for android,,mobile
LG-H500 Build/LRX21Y | UnknownOS | chrome 63.0 for android | UnknownScreen,LG-H500 Build/LRX21Y,,chrome 63.0 for android,,mobile
rv:57.0 | Windows 10 | firefox | 1600x900,rv:57.0,Windows 10,firefox,1600x900,desktop
SM-G800M Build/KOT49H | UnknownOS | chrome 63.0 for android | UnknownScreen,SM-G800M Build/KOT49H,,chrome 63.0 for android,,mobile
Windows | Windows 7 | chrome 63.0 | 1280x800,Windows,Windows 7,chrome 63.0,1280x800,desktop
Moto C Plus Build/NRD90M.05.034 | UnknownOS | chrome 63.0 for android | UnknownScreen,Moto C Plus Build/NRD90M.05.034,,chrome 63.0 for android,,mobile
SM-J700M Build/LMY48B | UnknownOS | chrome 60.0 for android | UnknownScreen,SM-J700M Build/LMY48B,,chrome 60.0 for android,,mobile
LG-H650 Build/MRA58K | UnknownOS | chrome 63.0 for android | UnknownScreen,LG-H650 Build/MRA58K,,chrome 63.0 for android,,mobile
SAMSUNG | Android 6.0.1 | samsung browser 6.2 | 2560x1440,SAMSUNG,Android 6.0.1,samsung browser 6.2,2560x1440,mobile
SM-J700M Build/MMB29K | UnknownOS | chrome 59.0 for android | UnknownScreen,SM-J700M Build/MMB29K,,chrome 59.0 for android,,mobile
MotoG3 Build/MPIS24.65-33.1-2-16 | UnknownOS | chrome 61.0 for android | UnknownScreen,MotoG3 Build/MPIS24.65-33.1-2-16,,chrome 61.0 for android,,mobile
HUAWEI TAG-L13 Build/HUAWEITAG-L13 | UnknownOS | chrome 60.0 for android | UnknownScreen,HUAWEI TAG-L13 Build/HUAWEITAG-L13,,chrome 60.0 for android,,mobile
HTC Desire 650 Build/MMB29M | UnknownOS | chrome 63.0 for android | UnknownScreen,HTC Desire 650 Build/MMB29M,,chrome 63.0 for android,,mobile
ONE | UnknownOS | chrome 63.0 for android | UnknownScreen,ONE,,chrome 63.0 for android,,mobile
5054S Build/LMY47V | UnknownOS | chrome 61.0 for android | UnknownScreen,5054S Build/LMY47V,,chrome 61.0 for android,,mobile
SAMSUNG-SGH-I337 | UnknownOS | chrome 63.0 for android | UnknownScreen,SAMSUNG-SGH-I337,,chrome 63.0 for android,,mobile
SM-G930U Build/NRD90M | UnknownOS | chrome 63.0 for android | UnknownScreen,SM-G930U Build/NRD90M,,chrome 63.0 for android,,mobile
SAMSUNG SM-G928G Build/NRD90M | UnknownOS | samsung browser 6.2 | UnknownScreen,SAMSUNG SM-G928G Build/NRD90M,,samsung browser 6.2,,mobile
HTC Desire 10 lifestyle Build/MMB29M | UnknownOS | chrome 51.0 for android | UnknownScreen,HTC Desire 10 lifestyle Build/MMB29M,,chrome 51.0 for android,,mobile
Pixel 2 Build/OPM1.171019.011 | Android 8.1.0 | chrome 63.0 for android | UnknownScreen,Pixel 2 Build/OPM1.171019.011,Android 8.1.0,chrome 63.0 for android,,mobile
Windows | Windows 10 | chrome 63.0 | 1280x1024,Windows,Windows 10,chrome 63.0,1280x1024,desktop
SM-J320M Build/LMY47V | UnknownOS | chrome 59.0 for android | UnknownScreen,SM-J320M Build/LMY47V,,chrome 59.0 for android,,mobile
SM-G920V Build/NRD90M | Android 7.0 | chrome 63.0 for android | 2560x1440,SM-G920V Build/NRD90M,Android 7.0,chrome 63.0 for android,2560x1440,mobile
Lenovo K33b36 Build/NRD90N | UnknownOS | chrome 63.0 for android | UnknownScreen,Lenovo K33b36 Build/NRD90N,,chrome 63.0 for android,,mobile
F3313 Build/37.0.A.2.108 | UnknownOS | chrome 61.0 for android | UnknownScreen,F3313 Build/37.0.A.2.108,,chrome 61.0 for android,,mobile
SM-G532M Build/MMB29T | UnknownOS | chrome 63.0 for android | UnknownScreen,SM-G532M Build/MMB29T,,chrome 63.0 for android,,mobile
Windows | Windows 10 | chrome 60.0 | 1600x900,Windows,Windows 10,chrome 60.0,1600x900,desktop
LG-H542 Build/MRA58K | UnknownOS | chrome 50.0 for android | UnknownScreen,LG-H542 Build/MRA58K,,chrome 50.0 for android,,mobile
HUAWEI VNS-L23 Build/HUAWEIVNS-L23 | UnknownOS | chrome 63.0 for android | UnknownScreen,HUAWEI VNS-L23 Build/HUAWEIVNS-L23,,chrome 63.0 for android,,mobile
SM-A510M Build/NRD90M | UnknownOS | chrome 63.0 for android | UnknownScreen,SM-A510M Build/NRD90M,,chrome 63.0 for android,,mobile
SM-G720AX | UnknownOS | chrome 63.0 for android | UnknownScreen,SM-G720AX,,chrome 63.0 for android,,mobile
G3313 Build/43.0.A.5.79 | UnknownOS | chrome 63.0 for android | UnknownScreen,G3313 Build/43.0.A.5.79,,chrome 63.0 for android,,mobile
SM-G900M Build/MMB29M | UnknownOS | chrome 49.0 for android | UnknownScreen,SM-G900M Build/MMB29M,,chrome 49.0 for android,,mobile
MotoG3 Build/MPI24.65-33.1-2 | UnknownOS | chrome 62.0 for android | UnknownScreen,MotoG3 Build/MPI24.65-33.1-2,,chrome 62.0 for android,,mobile
HTC Desire 10 lifestyle Build/MMB29M | UnknownOS | chrome 61.0 for android | UnknownScreen,HTC Desire 10 lifestyle Build/MMB29M,,chrome 61.0 for android,,mobile
E2006 | UnknownOS | chrome 62.0 for android | UnknownScreen,E2006,,chrome 62.0 for android,,mobile
LG-D320 Build/KOT49I.V10a | UnknownOS | chrome 57.0 for android | UnknownScreen,LG-D320 Build/KOT49I.V10a,,chrome 57.0 for android,,mobile
SM-T530 | UnknownOS | chrome 63.0 for android | UnknownScreen,SM-T530,,chrome 63.0 for android,,mobile
Infinit | UnknownOS | chrome 63.0 for android | UnknownScreen,Infinit,,chrome 63.0 for android,,mobile
SM-J110M Build/LMY48B | UnknownOS | chrome 62.0 for android | UnknownScreen,SM-J110M Build/LMY48B,,chrome 62.0 for android,,mobile
GT-I9060L Build/JDQ39 | UnknownOS | chrome 63.0 for android | UnknownScreen,GT-I9060L Build/JDQ39,,chrome 63.0 for android,,mobile
HTC One M9 Build/NRD90M | UnknownOS | chrome 61.0 for android | UnknownScreen,HTC One M9 Build/NRD90M,,chrome 61.0 for android,,mobile
LG-D213 | UnknownOS | chrome 61.0 for android | UnknownScreen,LG-D213,,chrome 61.0 for android,,mobile
UnknownDevice | UnknownOS | chrome 59.0 | UnknownScreen,,,chrome 59.0,,desktop
Blade L2 Plus Build/KOT49H | UnknownOS | chrome 61.0 for android | UnknownScreen,Blade L2 Plus Build/KOT49H,,chrome 61.0 for android,,mobile
XT1635-02 | UnknownOS | chrome 63.0 for android | UnknownScreen,XT1635-02,,chrome 63.0 for android,,mobile
5015A Build/LMY47I | UnknownOS | chrome 63.0 for android | UnknownScreen,5015A Build/LMY47I,,chrome 63.0 for android,,mobile
KYOCERA-C6742A Build/LMY47V | Android 5.1.1 | chrome 62.0 for android | 960x540,KYOCERA-C6742A Build/LMY47V,Android 5.1.1,chrome 62.0 for android,960x540,mobile
Ilium L910 Build/MRA58K | UnknownOS | chrome 63.0 for android | UnknownScreen,Ilium L910 Build/MRA58K,,chrome 63.0 for android,,mobile
Alcatel_5054O | Android 5.1.1 | chrome 63.0 for android | 1280x720,Alcatel_5054O,Android 5.1.1,chrome 63.0 for android,1280x720,mobile
LG-H910 Build/NRD90M | Android 7.0 | chrome 63.0 for android | 2560x1440,LG-H910 Build/NRD90M,Android 7.0,chrome 63.0 for android,2560x1440,mobile
SM-N950U Build/NMF26X | Android 7.1.1 | chrome 63.0 for android | UnknownScreen,SM-N950U Build/NMF26X,Android 7.1.1,chrome 63.0 for android,,mobile
HUAWEI Build/MMB28B | UnknownOS | chrome 63.0 for android | UnknownScreen,HUAWEI Build/MMB28B,,chrome 63.0 for android,,mobile
Ilium L620 Build/NRD90M | UnknownOS | chrome 63.0 for android | UnknownScreen,Ilium L620 Build/NRD90M,,chrome 63.0 for android,,mobile
XT1032 Build/KXB21.14-L1.40 | UnknownOS | chrome 60.0 for android | UnknownScreen,XT1032 Build/KXB21.14-L1.40,,chrome 60.0 for android,,mobile
SM-N920C Build/NRD90M | UnknownOS | chrome 63.0 for android | UnknownScreen,SM-N920C Build/NRD90M,,chrome 63.0 for android,,mobile
XT1040 | UnknownOS | chrome 58.0 for android | UnknownScreen,XT1040,,chrome 58.0 for android,,mobile
F3113 Build/33.2.A.3.81 | UnknownOS | chrome 63.0 for android | UnknownScreen,F3113 Build/33.2.A.3.81,,chrome 63.0 for android,,mobile
SM-A500M Build/LRX22G | UnknownOS | chrome 63.0 for android | UnknownScreen,SM-A500M Build/LRX22G,,chrome 63.0 for android,,mobile
LG-K530 Build/MMB29M | UnknownOS | chrome 63.0 for android | UnknownScreen,LG-K530 Build/MMB29M,,chrome 63.0 for android,,mobile
Hisense L675 PRO Build/NRD90M | UnknownOS | chrome 56.0 for android | UnknownScreen,Hisense L675 PRO Build/NRD90M,,chrome 56.0 for android,,mobile
Blade A475 Build/LMY47D | UnknownOS | chrome 61.0 for android | UnknownScreen,Blade A475 Build/LMY47D,,chrome 61.0 for android,,mobile
LG-M400 Build/NRD90U | UnknownOS | chrome 63.0 for android | UnknownScreen,LG-M400 Build/NRD90U,,chrome 63.0 for android,,mobile
M4 SS4450 Build/MRA58K | UnknownOS | chrome 52.0 for android | UnknownScreen,M4 SS4450 Build/MRA58K,,chrome 52.0 for android,,mobile
SAMSUNG SM-G900T Build/MMB29M | Android 6.0.1 | samsung browser 6.2 | 1920x1080,SAMSUNG SM-G900T Build/MMB29M,Android 6.0.1,samsung browser 6.2,1920x1080,mobile
HUAWEI RIO-L03 Build/HUAWEIRIO-L03 | UnknownOS | chrome 63.0 for android | UnknownScreen,HUAWEI RIO-L03 Build/HUAWEIRIO-L03,,chrome 63.0 for android,,mobile
F3313 Build/37.0.A.2.108 | UnknownOS | chrome 63.0 for android | UnknownScreen,F3313 Build/37.0.A.2.108,,chrome 63.0 for android,,mobile
Redmi 4X Build/N2G47H | UnknownOS | chrome 63.0 for android | UnknownScreen,Redmi 4X Build/N2G47H,,chrome 63.0 for android,,mobile
ASTRO | UnknownOS | chrome 63.0 for android | UnknownScreen,ASTRO,,chrome 63.0 for android,,mobile
LG-X180g Build/LMY47I | UnknownOS | chrome 52.0 for android | UnknownScreen,LG-X180g Build/LMY47I,,chrome 52.0 for android,,mobile
Android 4.4.2 | UnknownOS | chrome generic | UnknownScreen,Android 4.4.2,,chrome generic,,mobile
SM-P350 Build/MMB29M | UnknownOS | chrome 63.0 for android | UnknownScreen,SM-P350 Build/MMB29M,,chrome 63.0 for android,,mobile
XT1021 Build/KXC21.5-40 | UnknownOS | chrome 62.0 for android | UnknownScreen,XT1021 Build/KXC21.5-40,,chrome 62.0 for android,,mobile
LG-D693n | UnknownOS | chrome 62.0 for android | UnknownScreen,LG-D693n,,chrome 62.0 for android,,mobile
LG-K220 Build/MXB48T | UnknownOS | chrome 63.0 for android | UnknownScreen,LG-K220 Build/MXB48T,,chrome 63.0 for android,,mobile
Hisense U963 Build/MRA58K | UnknownOS | chrome 54.0 for android | UnknownScreen,Hisense U963 Build/MRA58K,,chrome 54.0 for android,,mobile
LG-K530 Build/NRD90U | UnknownOS | chrome 53.0 for android | UnknownScreen,LG-K530 Build/NRD90U,,chrome 53.0 for android,,mobile
LG-TP450 Build/NRD90U | UnknownOS | chrome 63.0 for android | UnknownScreen,LG-TP450 Build/NRD90U,,chrome 63.0 for android,,mobile
Windows | UnknownOS | chrome | UnknownScreen,Windows,,chrome,,desktop
MotoG3 Build/MPIS24.65-33.1-2-16 | UnknownOS | chrome 63.0 for android | UnknownScreen,MotoG3 Build/MPIS24.65-33.1-2-16,,chrome 63.0 for android,,mobile
UnknownDevice | Android | chrome 62.0 | 801x480,,Android,chrome 62.0,801x480,mobile
SAMSUNG SM-J510MN Build/MMB29M | UnknownOS | samsung browser 6.2 | UnknownScreen,SAMSUNG SM-J510MN Build/MMB29M,,samsung browser 6.2,,mobile
iOS Device | iOS 11.2.1 | mobile safari generic | 2436x1125,iOS Device,iOS 11.2.1,mobile safari generic,2436x1125,mobile
SM-T110 Build/JDQ39 | Android | chrome 63.0 for android | 1024x600,SM-T110 Build/JDQ39,Android,chrome 63.0 for android,1024x600,mobile
XT1563 Build/MPDS24.107-52-5 | UnknownOS | chrome 63.0 for android | UnknownScreen,XT1563 Build/MPDS24.107-52-5,,chrome 63.0 for android,,mobile
LG-D331 Build/LRX22G | UnknownOS | chrome | UnknownScreen,LG-D331 Build/LRX22G,,chrome,,mobile
rv:50.0 | UnknownOS | firefox | UnknownScreen,rv:50.0,,firefox,,desktop
SM-A310M Build/LMY47X | UnknownOS | chrome 63.0 for android | UnknownScreen,SM-A310M Build/LMY47X,,chrome 63.0 for android,,mobile
Moto X Play Build/NPD26.48-24-1 | UnknownOS | chrome 57.0 for android | UnknownScreen,Moto X Play Build/NPD26.48-24-1,,chrome 57.0 for android,,mobile
Windows | Windows 7 | chrome 60.0 | 1440x900,Windows,Windows 7,chrome 60.0,1440x900,desktop
Moto G (4) Build/NPJS25.93-14-8 | UnknownOS | chrome generic | UnknownScreen,Moto G (4) Build/NPJS25.93-14-8,,chrome generic,,mobile
Hisense U963 Build/MRA58K | UnknownOS | chrome 63.0 for android | UnknownScreen,Hisense U963 Build/MRA58K,,chrome 63.0 for android,,mobile
es-mx | UnknownOS | chrome generic | UnknownScreen,es-mx,,chrome generic,,mobile
SAMSUNG SM-N910A Build/MMB29M | UnknownOS | samsung browser 6.2 | UnknownScreen,SAMSUNG SM-N910A Build/MMB29M,,samsung browser 6.2,,mobile
Moto G (5) Build/NPP25.137-15 | UnknownOS | chrome generic | UnknownScreen,Moto G (5) Build/NPP25.137-15,,chrome generic,,mobile
UnknownDevice | Linux | chrome 63.0 | 1920x1080,,Linux,chrome 63.0,1920x1080,desktop
XT1053 Build/LPAS23.12-21.7-1 | UnknownOS | chrome 63.0 for android | UnknownScreen,XT1053 Build/LPAS23.12-21.7-1,,chrome 63.0 for android,,mobile
SM-G531H Build/LMY48B | UnknownOS | chrome | UnknownScreen,SM-G531H Build/LMY48B,,chrome,,mobile
4013M Build/KOT49H | UnknownOS | chrome | UnknownScreen,4013M Build/KOT49H,,chrome,,mobile
LG-E450f | UnknownOS | chrome 62.0 for android | UnknownScreen,LG-E450f,,chrome 62.0 for android,,mobile
SM-T560NU Build/MMB29M | Android 6.0.1 | chrome 59.0 for android | 1280x800,SM-T560NU Build/MMB29M,Android 6.0.1,chrome 59.0 for android,1280x800,mobile
gxq6580_weg_l Build/LMY47I | UnknownOS | chrome 63.0 for android | UnknownScreen,gxq6580_weg_l Build/LMY47I,,chrome 63.0 for android,,mobile
es-us | UnknownOS | chrome generic | UnknownScreen,es-us,,chrome generic,,mobile
SAMSUNG SM-J510MN Build/MMB29M | UnknownOS | samsung browser 5.4 | UnknownScreen,SAMSUNG SM-J510MN Build/MMB29M,,samsung browser 5.4,,mobile
SM-T813 Build/NRD90M | UnknownOS | chrome 63.0 for android | UnknownScreen,SM-T813 Build/NRD90M,,chrome 63.0 for android,,mobile
SM-P550 Build/MMB29M | UnknownOS | chrome 63.0 for android | UnknownScreen,SM-P550 Build/MMB29M,,chrome 63.0 for android,,mobile
HTC One A9s Build/MRA58K | UnknownOS | chrome 63.0 for android | UnknownScreen,HTC One A9s Build/MRA58K,,chrome 63.0 for android,,mobile
Ilium LT510 Build/MRA58K | UnknownOS | chrome 60.0 for android | UnknownScreen,Ilium LT510 Build/MRA58K,,chrome 60.0 for android,,mobile
Moto G (4) Build/NPJS25.93-14-13 | UnknownOS | chrome generic | UnknownScreen,Moto G (4) Build/NPJS25.93-14-13,,chrome generic,,mobile
UnknownDevice | func | chrome 58.0 | 1280x1024,,func,chrome 58.0,1280x1024,desktop
Windows | Windows 10 | chrome 58.0 | 1280x1024,Windows,Windows 10,chrome 58.0,1280x1024,desktop
F3113 Build/33.2.A.4.70 | UnknownOS | chrome 63.0 for android | UnknownScreen,F3113 Build/33.2.A.4.70,,chrome 63.0 for android,,mobile
GT-I9060L Build/JDQ39 | UnknownOS | chrome 59.0 for android | UnknownScreen,GT-I9060L Build/JDQ39,,chrome 59.0 for android,,mobile
SM-A520F Build/MMB29K | UnknownOS | chrome 56.0 for android | UnknownScreen,SM-A520F Build/MMB29K,,chrome 56.0 for android,,mobile
SM-J500M Build/LMY48B | UnknownOS | chrome 56.0 for android | UnknownScreen,SM-J500M Build/LMY48B,,chrome 56.0 for android,,mobile
LG-X230 Build/MRA58K | UnknownOS | chrome 62.0 for android | UnknownScreen,LG-X230 Build/MRA58K,,chrome 62.0 for android,,mobile
SAMSUNG SM-J730GM Build/NRD90M | UnknownOS | samsung browser 5.2 | UnknownScreen,SAMSUNG SM-J730GM Build/NRD90M,,samsung browser 5.2,,mobile
M4 SS4458 Build/MMB29M | UnknownOS | chrome 63.0 for android | UnknownScreen,M4 SS4458 Build/MMB29M,,chrome 63.0 for android,,mobile
SM-J700H Build/MMB29K | UnknownOS | chrome 63.0 for android | UnknownScreen,SM-J700H Build/MMB29K,,chrome 63.0 for android,,mobile
UnknownDevice | UnknownOS | chrome generic | UnknownScreen,,,chrome generic,,mobile
SM-A300H Build/LRX22G | UnknownOS | chrome 61.0 for android | UnknownScreen,SM-A300H Build/LRX22G,,chrome 61.0 for android,,mobile
SM-N920A Build/MMB29K | UnknownOS | chrome 61.0 for android | UnknownScreen,SM-N920A Build/MMB29K,,chrome 61.0 for android,,mobile
SAMSUNG SM-G935T Build/NRD90M | UnknownOS | samsung browser 6.2 | UnknownScreen,SAMSUNG SM-G935T Build/NRD90M,,samsung browser 6.2,,mobile
E6603 | UnknownOS | chrome 63.0 for android | UnknownScreen,E6603,,chrome 63.0 for android,,mobile
LG-D331 Build/LRX22G | UnknownOS | chrome 63.0 for android | UnknownScreen,LG-D331 Build/LRX22G,,chrome 63.0 for android,,mobile
SAMSUNG SM-G532M Build/MMB29T | UnknownOS | samsung browser 5.4 | UnknownScreen,SAMSUNG SM-G532M Build/MMB29T,,samsung browser 5.4,,mobile
LG-X220 Build/LMY47I | UnknownOS | chrome 63.0 for android | UnknownScreen,LG-X220 Build/LMY47I,,chrome 63.0 for android,,mobile
LG-H840 Build/NRD90U | UnknownOS | chrome 58.0 for android | UnknownScreen,LG-H840 Build/NRD90U,,chrome 58.0 for android,,mobile
rv:57.0 | Mac OS X 10.12 | firefox 57.0 | 1440x900,rv:57.0,Mac OS X 10.12,firefox 57.0,1440x900,desktop
ALCATEL ONE TOUCH 7047A Build/JDQ39 | UnknownOS | chrome 51.0 for android | UnknownScreen,ALCATEL ONE TOUCH 7047A Build/JDQ39,,chrome 51.0 for android,,mobile
5054S Build/LMY47V | UnknownOS | chrome 56.0 for android | UnknownScreen,5054S Build/LMY47V,,chrome 56.0 for android,,mobile
SAMSUNG SM-T580 Build/NRD90M | Android 7.0 | samsung browser 6.2 | 1920x1200,SAMSUNG SM-T580 Build/NRD90M,Android 7.0,samsung browser 6.2,1920x1200,mobile
HTC | UnknownOS | chrome 61.0 for android | UnknownScreen,HTC,,chrome 61.0 for android,,mobile
UnknownDevice | UnknownOS | edge 14.0 | UnknownScreen,,,edge 14.0,,desktop
SM-T800 | UnknownOS | chrome 59.0 for android | UnknownScreen,SM-T800,,chrome 59.0 for android,,mobile
SAMSUNG SM-N950U1 Build/NMF26X | Android 7.1.1 | samsung browser 6.2 | UnknownScreen,SAMSUNG SM-N950U1 Build/NMF26X,Android 7.1.1,samsung browser 6.2,,mobile
MacOS | Mac OS X 10_13_1 | chrome 63.0 | 1440x900,MacOS,Mac OS X 10_13_1,chrome 63.0,1440x900,desktop
Blade A510 Build/MRA58K | UnknownOS | chrome 62.0 for android | UnknownScreen,Blade A510 Build/MRA58K,,chrome 62.0 for android,,mobile
SM-G950U1 Build/NRD90M | Android 7.0 | chrome 63.0 for android | 2220x1080,SM-G950U1 Build/NRD90M,Android 7.0,chrome 63.0 for android,2220x1080,mobile
F3213 Build/36.0.A.2.146 | UnknownOS | chrome 62.0 for android | UnknownScreen,F3213 Build/36.0.A.2.146,,chrome 62.0 for android,,mobile
E5606 Build/30.2.A.1.21 | UnknownOS | chrome 63.0 for android | UnknownScreen,E5606 Build/30.2.A.1.21,,chrome 63.0 for android,,mobile
HTC One M9 Build/NRD90M | UnknownOS | chrome 63.0 for android | UnknownScreen,HTC One M9 Build/NRD90M,,chrome 63.0 for android,,mobile
SLA-L02 | UnknownOS | chrome 63.0 for android | UnknownScreen,SLA-L02,,chrome 63.0 for android,,mobile
Ilium X520 Build/NRD90M | UnknownOS | chrome 62.0 for android | UnknownScreen,Ilium X520 Build/NRD90M,,chrome 62.0 for android,,mobile
F5121 | UnknownOS | chrome 63.0 for android | UnknownScreen,F5121,,chrome 63.0 for android,,mobile
Lenovo PB2-650Y Build/MRA58K | UnknownOS | chrome 63.0 for android | UnknownScreen,Lenovo PB2-650Y Build/MRA58K,,chrome 63.0 for android,,mobile
LG-H870 Build/NRD90U | UnknownOS | chrome 58.0 for android | UnknownScreen,LG-H870 Build/NRD90U,,chrome 58.0 for android,,mobile
Max | UnknownOS | android webview 4.0 | UnknownScreen,Max,,android webview 4.0,,mobile
SAMSUNG SM-A320Y Build/NRD90M | UnknownOS | samsung browser 6.2 | UnknownScreen,SAMSUNG SM-A320Y Build/NRD90M,,samsung browser 6.2,,mobile
SM-P580 Build/NRD90M | UnknownOS | chrome 63.0 for android | UnknownScreen,SM-P580 Build/NRD90M,,chrome 63.0 for android,,mobile
LG-D331 Build/LRX22G | UnknownOS | chrome generic | UnknownScreen,LG-D331 Build/LRX22G,,chrome generic,,mobile
SGH-I337M Build/LRX22C | UnknownOS | chrome 62.0 for android | UnknownScreen,SGH-I337M Build/LRX22C,,chrome 62.0 for android,,mobile
Blade A510 Build/MRA58K | UnknownOS | chrome 63.0 for android | UnknownScreen,Blade A510 Build/MRA58K,,chrome 63.0 for android,,mobile
iOS Device | iOS 11.0.1 | mobile safari 11.0 | 2001x1125,iOS Device,iOS 11.0.1,mobile safari 11.0,2001x1125,mobile
MotoG3 Build/MPI24.65-25.1 | UnknownOS | chrome 63.0 for android | UnknownScreen,MotoG3 Build/MPI24.65-25.1,,chrome 63.0 for android,,mobile
Ilium X710 Build/MRA58K | UnknownOS | chrome 63.0 for android | UnknownScreen,Ilium X710 Build/MRA58K,,chrome 63.0 for android,,mobile
HUAWEI VNS-L23 Build/HUAWEIVNS-L23 | UnknownOS | chrome 60.0 for android | UnknownScreen,HUAWEI VNS-L23 Build/HUAWEIVNS-L23,,chrome 60.0 for android,,mobile
8050G Build/LMY47I | UnknownOS | chrome 63.0 for android | UnknownScreen,8050G Build/LMY47I,,chrome 63.0 for android,,mobile
SM-G530H Build/KTU84P | UnknownOS | chrome 63.0 for android | UnknownScreen,SM-G530H Build/KTU84P,,chrome 63.0 for android,,mobile
Mi A1 Build/OPR1.170623.026 | UnknownOS | opera | UnknownScreen,Mi A1 Build/OPR1.170623.026,,opera,,mobile
UnknownDevice | UnknownOS | mobile | UnknownScreen,,,mobile,,mobile
verykools5004 | UnknownOS | chrome | UnknownScreen,verykools5004,,chrome,,mobile
LGLS676 Build/MXB48T | Android 6.0.1 | chrome 63.0 for android | 1280x720,LGLS676 Build/MXB48T,Android 6.0.1,chrome 63.0 for android,1280x720,mobile
BLADE V8 SE Build/NRD90M | UnknownOS | chrome 63.0 for android | UnknownScreen,BLADE V8 SE Build/NRD90M,,chrome 63.0 for android,,mobile
Windows | UnknownOS | chrome 57.0 | UnknownScreen,Windows,,chrome 57.0,,desktop
SM-G900M Build/LRX21T | UnknownOS | chrome 63.0 for android | UnknownScreen,SM-G900M Build/LRX21T,,chrome 63.0 for android,,mobile
Mi A1 Build/N2G47H | UnknownOS | chrome 63.0 for android | UnknownScreen,Mi A1 Build/N2G47H,,chrome 63.0 for android,,mobile
SM-G531H Build/LMY48B | UnknownOS | chrome 58.0 for android | UnknownScreen,SM-G531H Build/LMY48B,,chrome 58.0 for android,,mobile
Moto C Build/NRD90M.054 | UnknownOS | chrome 63.0 for android | UnknownScreen,Moto C Build/NRD90M.054,,chrome 63.0 for android,,mobile
SAMSUNG SM-G925P Build/MMB29K | UnknownOS | samsung browser 6.2 | UnknownScreen,SAMSUNG SM-G925P Build/MMB29K,,samsung browser 6.2,,mobile
LG-H542 Build/LRX22G | UnknownOS | other | UnknownScreen,LG-H542 Build/LRX22G,,other,,mobile
moto | UnknownOS | chrome 58.0 for android | UnknownScreen,moto,,chrome 58.0 for android,,mobile
SM-G935F Build/MMB29K | UnknownOS | chrome 63.0 for android | UnknownScreen,SM-G935F Build/MMB29K,,chrome 63.0 for android,,mobile
HTC Desire 626s Build/LMY47O | UnknownOS | chrome 63.0 for android | UnknownScreen,HTC Desire 626s Build/LMY47O,,chrome 63.0 for android,,mobile
MOT-A6020l37 Build/LMY47V | UnknownOS | other | UnknownScreen,MOT-A6020l37 Build/LMY47V,,other,,mobile
TA-1027 Build/N2G47H | UnknownOS | chrome 63.0 for android | UnknownScreen,TA-1027 Build/N2G47H,,chrome 63.0 for android,,mobile
Windows | Windows 10 | chrome 63.0 | 2736x1824,Windows,Windows 10,chrome 63.0,2736x1824,desktop
SM-T800 Build/MMB29K | UnknownOS | chrome 63.0 for android | UnknownScreen,SM-T800 Build/MMB29K,,chrome 63.0 for android,,mobile
SM-G355M Build/KOT49H | UnknownOS | chrome 61.0 for android | UnknownScreen,SM-G355M Build/KOT49H,,chrome 61.0 for android,,mobile
SAMSUNG SM-A510M Build/NRD90M | UnknownOS | samsung browser 6.2 | UnknownScreen,SAMSUNG SM-A510M Build/NRD90M,,samsung browser 6.2,,mobile
BLADE A520 Build/NRD90M | UnknownOS | chrome 62.0 for android | UnknownScreen,BLADE A520 Build/NRD90M,,chrome 62.0 for android,,mobile
M4 | UnknownOS | chrome 63.0 for android | UnknownScreen,M4,,chrome 63.0 for android,,mobile
Blade L2 Plus Build/KOT49H | UnknownOS | chrome 63.0 for android | UnknownScreen,Blade L2 Plus Build/KOT49H,,chrome 63.0 for android,,mobile
LG-X180g Build/LMY47I | UnknownOS | chrome 63.0 for android | UnknownScreen,LG-X180g Build/LMY47I,,chrome 63.0 for android,,mobile
5015A Build/LMY47I | UnknownOS | chrome 62.0 for android | UnknownScreen,5015A Build/LMY47I,,chrome 62.0 for android,,mobile
UnknownDevice | UnknownOS | mobile safari 8.0 | UnknownScreen,,,mobile safari 8.0,,mobile
M4 SS4451 Build/LMY47D | UnknownOS | chrome | UnknownScreen,M4 SS4451 Build/LMY47D,,chrome,,mobile
XT1032 Build/LPBS23.13-56-2 | UnknownOS | chrome 63.0 for android | UnknownScreen,XT1032 Build/LPBS23.13-56-2,,chrome 63.0 for android,,mobile
A9 | UnknownOS | android webview 4.0 | UnknownScreen,A9,,android webview 4.0,,mobile
LG-H872 Build/NRD90U | Android 7.0 | chrome 63.0 for android | 2672x1440,LG-H872 Build/NRD90U,Android 7.0,chrome 63.0 for android,2672x1440,mobile
SM-J327V Build/NRD90M | Android 7.0 | chrome 63.0 for android | 1280x720,SM-J327V Build/NRD90M,Android 7.0,chrome 63.0 for android,1280x720,mobile
G3123 Build/40.0.A.6.135 | UnknownOS | chrome 63.0 for android | UnknownScreen,G3123 Build/40.0.A.6.135,,chrome 63.0 for android,,mobile
iPhone | UnknownOS | chrome 63.0 for android | UnknownScreen,iPhone,,chrome 63.0 for android,,mobile
Redmi 4A Build/N2G47H | UnknownOS | chrome 63.0 for android | UnknownScreen,Redmi 4A Build/N2G47H,,chrome 63.0 for android,,mobile
Windows | UnknownOS | edge | UnknownScreen,Windows,,edge,,desktop
LG-K200 Build/MXB48T | UnknownOS | LG/K-200 | UnknownScreen,LG-K200 Build/MXB48T,,LG/K-200,,mobile
5051A Build/MMB29M | UnknownOS | chrome 62.0 for android | UnknownScreen,5051A Build/MMB29M,,chrome 62.0 for android,,mobile
SM-N910C Build/MMB29K | UnknownOS | chrome 55.0 for android | UnknownScreen,SM-N910C Build/MMB29K,,chrome 55.0 for android,,mobile
SM-G530H Build/LRX22G | UnknownOS | chrome 46.0 for android | UnknownScreen,SM-G530H Build/LRX22G,,chrome 46.0 for android,,mobile
SM-J700M Build/MMB29K | UnknownOS | chrome 55.0 for android | UnknownScreen,SM-J700M Build/MMB29K,,chrome 55.0 for android,,mobile
F8331 | UnknownOS | chrome 63.0 for android | UnknownScreen,F8331,,chrome 63.0 for android,,mobile
SM-A720F Build/MMB29K | UnknownOS | chrome 63.0 for android | UnknownScreen,SM-A720F Build/MMB29K,,chrome 63.0 for android,,mobile
rv:52.0 | Windows 7 | firefox 52.0 | UnknownScreen,rv:52.0,Windows 7,firefox 52.0,,desktop
E5606 | UnknownOS | chrome 62.0 for android | UnknownScreen,E5606,,chrome 62.0 for android,,mobile
XT1635-01 Build/NDNS26.118-23-12-3 | Android 7.1.1 | chrome 63.0 for android | 1920x1080,XT1635-01 Build/NDNS26.118-23-12-3,Android 7.1.1,chrome 63.0 for android,1920x1080,mobile
LGLS751 | UnknownOS | chrome 43.0 for android | UnknownScreen,LGLS751,,chrome 43.0 for android,,mobile
SM-G900M Build/LRX21T | UnknownOS | chrome 61.0 for android | UnknownScreen,SM-G900M Build/LRX21T,,chrome 61.0 for android,,mobile
SM-J500M Build/LMY48B | UnknownOS | chrome 61.0 for android | UnknownScreen,SM-J500M Build/LMY48B,,chrome 61.0 for android,,mobile
LG-K200 Build/MXB48T | UnknownOS | chrome 58.0 for android | UnknownScreen,LG-K200 Build/MXB48T,,chrome 58.0 for android,,mobile
ALCATEL ONE TOUCH 5036A Build/JDQ39 | UnknownOS | chrome 58.0 for android | UnknownScreen,ALCATEL ONE TOUCH 5036A Build/JDQ39,,chrome 58.0 for android,,mobile
CRO-L03 Build/HUAWEICRO-L03 | UnknownOS | chrome 52.0 for android | UnknownScreen,CRO-L03 Build/HUAWEICRO-L03,,chrome 52.0 for android,,mobile
SM-A500M Build/KTU84P | UnknownOS | chrome 63.0 for android | UnknownScreen,SM-A500M Build/KTU84P,,chrome 63.0 for android,,mobile
MotoG3 Build/MPI24.65-33.1-2 | UnknownOS | chrome 61.0 for android | UnknownScreen,MotoG3 Build/MPI24.65-33.1-2,,chrome 61.0 for android,,mobile
M4 SS4456 Build/LMY47V | UnknownOS | chrome 46.0 for android | UnknownScreen,M4 SS4456 Build/LMY47V,,chrome 46.0 for android,,mobile
XT1064 Build/MPB24.65-34-3 | UnknownOS | chrome 63.0 for android | UnknownScreen,XT1064 Build/MPB24.65-34-3,,chrome 63.0 for android,,mobile
BLADE L7 Build/MRA58K | UnknownOS | chrome 53.0 for android | UnknownScreen,BLADE L7 Build/MRA58K,,chrome 53.0 for android,,mobile
Lenovo TB3-710F Build/LRX21M | UnknownOS | chrome 46.0 for android | UnknownScreen,Lenovo TB3-710F Build/LRX21M,,chrome 46.0 for android,,mobile
LG-M700 Build/NMF26X | UnknownOS | chrome 56.0 for android | UnknownScreen,LG-M700 Build/NMF26X,,chrome 56.0 for android,,mobile
MacOS | Mac OS X 10_13_2 | chrome 63.0 | 1920x1080,MacOS,Mac OS X 10_13_2,chrome 63.0,1920x1080,desktop
M4 SS4453 Build/MMB29M | UnknownOS | chrome 57.0 for android | UnknownScreen,M4 SS4453 Build/MMB29M,,chrome 57.0 for android,,mobile
MacOS | Mac OS X 10_12_6 | chrome 63.0 | 2560x1600,MacOS,Mac OS X 10_12_6,chrome 63.0,2560x1600,desktop
SGP621 Build/23.5.A.1.291 | UnknownOS | chrome 63.0 for android | UnknownScreen,SGP621 Build/23.5.A.1.291,,chrome 63.0 for android,,mobile
rv:57.0 | UnknownOS | Generic/Android 7.0 | UnknownScreen,rv:57.0,,Generic/Android 7.0,,mobile
LG-D693n Build/LRX22G | UnknownOS | chrome 56.0 for android | UnknownScreen,LG-D693n Build/LRX22G,,chrome 56.0 for android,,mobile
SM-G900T1 | UnknownOS | chrome 63.0 for android | UnknownScreen,SM-G900T1,,chrome 63.0 for android,,mobile
SAMSUNG SM-J320M Build/LMY47V | UnknownOS | chrome generic | UnknownScreen,SAMSUNG SM-J320M Build/LMY47V,,chrome generic,,mobile
SM-G530H Build/LRX22G | UnknownOS | chrome | UnknownScreen,SM-G530H Build/LRX22G,,chrome,,mobile
RCT6773W22B | UnknownOS | chrome 63.0 for android | UnknownScreen,RCT6773W22B,,chrome 63.0 for android,,mobile
SM-A510M Build/MMB29K | UnknownOS | chrome 58.0 for android | UnknownScreen,SM-A510M Build/MMB29K,,chrome 58.0 for android,,mobile
rv:47.0 | UnknownOS | firefox 47.0 | UnknownScreen,rv:47.0,,firefox 47.0,,desktop
HTC Desire 510 Build/KOT49H | UnknownOS | chrome 62.0 for android | UnknownScreen,HTC Desire 510 Build/KOT49H,,chrome 62.0 for android,,mobile
F80 PIABELLA Build/MRA58K | UnknownOS | chrome 63.0 for android | UnknownScreen,F80 PIABELLA Build/MRA58K,,chrome 63.0 for android,,mobile
HUAWEI NXT-L09 Build/HUAWEINXT-L09 | UnknownOS | chrome 63.0 for android | UnknownScreen,HUAWEI NXT-L09 Build/HUAWEINXT-L09,,chrome 63.0 for android,,mobile
SM-G935P Build/NRD90M | UnknownOS | chrome 63.0 for android | UnknownScreen,SM-G935P Build/NRD90M,,chrome 63.0 for android,,mobile
F8331 Build/41.2.A.7.76 | UnknownOS | chrome 63.0 for android | UnknownScreen,F8331 Build/41.2.A.7.76,,chrome 63.0 for android,,mobile
Moto G (5) Plus Build/NPN25.137-82 | UnknownOS | chrome generic | UnknownScreen,Moto G (5) Plus Build/NPN25.137-82,,chrome generic,,mobile
XT1032 | UnknownOS | chrome 63.0 for android | UnknownScreen,XT1032,,chrome 63.0 for android,,mobile
SAMSUNG SM-G531H Build/LMY48B | UnknownOS | chrome generic | UnknownScreen,SAMSUNG SM-G531H Build/LMY48B,,chrome generic,,mobile
Z835 Build/NMF26V | Android 7.1.1 | other | 855x480,Z835 Build/NMF26V,Android 7.1.1,other,855x480,mobile
Z835 Build/NMF26V | UnknownOS | other | UnknownScreen,Z835 Build/NMF26V,,other,,mobile
LG-X165g Build/LRX21M | UnknownOS | chrome 56.0 for android | UnknownScreen,LG-X165g Build/LRX21M,,chrome 56.0 for android,,mobile
G3313 | UnknownOS | chrome 55.0 for android | UnknownScreen,G3313,,chrome 55.0 for android,,mobile
rv:56.0 | Mac OS X 10.11 | firefox 56.0 | 1280x800,rv:56.0,Mac OS X 10.11,firefox 56.0,1280x800,desktop
SAMSUNG SM-G610M Build/NRD90M | UnknownOS | samsung browser 6.2 | UnknownScreen,SAMSUNG SM-G610M Build/NRD90M,,samsung browser 6.2,,mobile
moto x4 Build/NPW26.83-42 | UnknownOS | chrome 63.0 for android | UnknownScreen,moto x4 Build/NPW26.83-42,,chrome 63.0 for android,,mobile
XT1063 Build/MPB24.65-34-3 | UnknownOS | chrome 63.0 for android | UnknownScreen,XT1063 Build/MPB24.65-34-3,,chrome 63.0 for android,,mobile
LG-X230 Build/MRA58K | UnknownOS | chrome 59.0 for android | UnknownScreen,LG-X230 Build/MRA58K,,chrome 59.0 for android,,mobile
SM-A320Y | UnknownOS | chrome 61.0 for android | UnknownScreen,SM-A320Y,,chrome 61.0 for android,,mobile
5012G Build/MRA58K | UnknownOS | chrome 63.0 for android | UnknownScreen,5012G Build/MRA58K,,chrome 63.0 for android,,mobile
Grand2c | UnknownOS | android webview 4.0 | UnknownScreen,Grand2c,,android webview 4.0,,mobile
LG-D625 | UnknownOS | chrome 62.0 for android | UnknownScreen,LG-D625,,chrome 62.0 for android,,mobile
LG-H542 Build/LRX22G | UnknownOS | chrome 61.0 for android | UnknownScreen,LG-H542 Build/LRX22G,,chrome 61.0 for android,,mobile
SGP621 Build/23.5.A.1.291 | UnknownOS | chrome 61.0 for android | UnknownScreen,SGP621 Build/23.5.A.1.291,,chrome 61.0 for android,,mobile
SM-G928V | UnknownOS | chrome 63.0 for android | UnknownScreen,SM-G928V,,chrome 63.0 for android,,mobile
Moto Z2 Play Build/NPSS26.118-19-14 | UnknownOS | chrome 63.0 for android | UnknownScreen,Moto Z2 Play Build/NPSS26.118-19-14,,chrome 63.0 for android,,mobile
Windows | UnknownOS | edge 13.0 | UnknownScreen,Windows,,edge 13.0,,desktop
M4 SS4457 Build/MRA58K | UnknownOS | chrome 62.0 for android | UnknownScreen,M4 SS4457 Build/MRA58K,,chrome 62.0 for android,,mobile
Windows | Windows 7 | chrome 63.0 | UnknownScreen,Windows,Windows 7,chrome 63.0,,desktop
SM-J320M Build/LMY47V | UnknownOS | chrome 61.0 for android | UnknownScreen,SM-J320M Build/LMY47V,,chrome 61.0 for android,,mobile
EGO | UnknownOS | chrome 63.0 for android | UnknownScreen,EGO,,chrome 63.0 for android,,mobile
SAMSUNG SM-G920I Build/NRD90M | UnknownOS | samsung browser 6.2 | UnknownScreen,SAMSUNG SM-G920I Build/NRD90M,,samsung browser 6.2,,mobile
SAMSUNG SM-A300H Build/LRX22G | UnknownOS | chrome generic | UnknownScreen,SAMSUNG SM-A300H Build/LRX22G,,chrome generic,,mobile
Windows | Windows 7 | chrome 63.0 | 1280x720,Windows,Windows 7,chrome 63.0,1280x720,desktop
LG-H500 Build/LRX21Y | UnknownOS | chrome 55.0 for android | UnknownScreen,LG-H500 Build/LRX21Y,,chrome 55.0 for android,,mobile
SM-G930T Build/NRD90M | UnknownOS | chrome 63.0 for android | UnknownScreen,SM-G930T Build/NRD90M,,chrome 63.0 for android,,mobile
Robin | UnknownOS | chrome 63.0 for android | UnknownScreen,Robin,,chrome 63.0 for android,,mobile
verykools5035 | UnknownOS | chrome 63.0 for android | UnknownScreen,verykools5035,,chrome 63.0 for android,,mobile
LG-H542 Build/MRA58K | UnknownOS | chrome 63.0 for android | UnknownScreen,LG-H542 Build/MRA58K,,chrome 63.0 for android,,mobile
M4 SS4452 Build/LMY47V | UnknownOS | other | UnknownScreen,M4 SS4452 Build/LMY47V,,other,,mobile
SM-J500M Build/MMB29M | UnknownOS | chrome 61.0 for android | UnknownScreen,SM-J500M Build/MMB29M,,chrome 61.0 for android,,mobile
E6603 Build/32.4.A.1.54 | UnknownOS | chrome 63.0 for android | UnknownScreen,E6603 Build/32.4.A.1.54,,chrome 63.0 for android,,mobile
Lenovo K33b36 Build/MMB29M | UnknownOS | chrome 55.0 for android | UnknownScreen,Lenovo K33b36 Build/MMB29M,,chrome 55.0 for android,,mobile
ALE-L23 Build/HuaweiALE-L23 | UnknownOS | chrome 57.0 for android | UnknownScreen,ALE-L23 Build/HuaweiALE-L23,,chrome 57.0 for android,,mobile
SM-N950F Build/NMF26X | UnknownOS | chrome 60.0 for android | UnknownScreen,SM-N950F Build/NMF26X,,chrome 60.0 for android,,mobile
SAMSUNG SM-J120H Build/LMY47V | UnknownOS | chrome generic | UnknownScreen,SAMSUNG SM-J120H Build/LMY47V,,chrome generic,,mobile
SM-A710M Build/LMY47X | UnknownOS | chrome 57.0 for android | UnknownScreen,SM-A710M Build/LMY47X,,chrome 57.0 for android,,mobile
TA-1038 Build/NMF26O | UnknownOS | chrome 63.0 for android | UnknownScreen,TA-1038 Build/NMF26O,,chrome 63.0 for android,,mobile
iOS Device | iOS 11.2.2 | mobile safari 11.0 | 1334x750,iOS Device,iOS 11.2.2,mobile safari 11.0,1334x750,mobile
XT1003 | UnknownOS | chrome 63.0 for android | UnknownScreen,XT1003,,chrome 63.0 for android,,mobile
SAMSUNG SM-G610M Build/NRD90M | UnknownOS | samsung browser 5.4 | UnknownScreen,SAMSUNG SM-G610M Build/NRD90M,,samsung browser 5.4,,mobile
5085B Build/MRA58K | UnknownOS | chrome 63.0 for android | UnknownScreen,5085B Build/MRA58K,,chrome 63.0 for android,,mobile
LG-D693n Build/LRX22G | UnknownOS | chrome 63.0 for android | UnknownScreen,LG-D693n Build/LRX22G,,chrome 63.0 for android,,mobile
SM-T230NU Build/KOT49H | UnknownOS | chrome 63.0 for android | UnknownScreen,SM-T230NU Build/KOT49H,,chrome 63.0 for android,,mobile
TA-1039 Build/N2G47H | UnknownOS | chrome 63.0 for android | UnknownScreen,TA-1039 Build/N2G47H,,chrome 63.0 for android,,mobile
HUAWEI GRA-L09 Build/HUAWEIGRA-L09 | UnknownOS | chrome 63.0 for android | UnknownScreen,HUAWEI GRA-L09 Build/HUAWEIGRA-L09,,chrome 63.0 for android,,mobile
iOS Device | iOS 10.0.2 | mobile safari 10.0 | 1136x640,iOS Device,iOS 10.0.2,mobile safari 10.0,1136x640,mobile
HUAWEI VNS-L53 Build/HUAWEIVNS-L53 | UnknownOS | chrome 59.0 for android | UnknownScreen,HUAWEI VNS-L53 Build/HUAWEIVNS-L53,,chrome 59.0 for android,,mobile
BLADE A602 Build/MRA58K | UnknownOS | chrome 63.0 for android | UnknownScreen,BLADE A602 Build/MRA58K,,chrome 63.0 for android,,mobile
rv:57.0 | Mac OS X 10.12 | firefox 57.0 | 2560x1600,rv:57.0,Mac OS X 10.12,firefox 57.0,2560x1600,desktop
SM-G570M Build/NRD90M | UnknownOS | chrome 63.0 for android | UnknownScreen,SM-G570M Build/NRD90M,,chrome 63.0 for android,,mobile
PLAYTAB | UnknownOS | chrome 55.0 for android | UnknownScreen,PLAYTAB,,chrome 55.0 for android,,mobile
Tab2A7-10F | UnknownOS | chrome 63.0 for android | UnknownScreen,Tab2A7-10F,,chrome 63.0 for android,,mobile
VKY-L09 Build/HUAWEIVKY-L09 | UnknownOS | chrome 63.0 for android | UnknownScreen,VKY-L09 Build/HUAWEIVKY-L09,,chrome 63.0 for android,,mobile
SM-A510M Build/NRD90M | UnknownOS | chrome 58.0 for android | UnknownScreen,SM-A510M Build/NRD90M,,chrome 58.0 for android,,mobile
LG-H542 Build/MRA58K | UnknownOS | chrome 62.0 for android | UnknownScreen,LG-H542 Build/MRA58K,,chrome 62.0 for android,,mobile
MacOS | Mac | chrome 63.0 | 1280x800,MacOS,Mac,chrome 63.0,1280x800,desktop
SM-J500M Build/MMB29M | UnknownOS | chrome 63.0 for android | UnknownScreen,SM-J500M Build/MMB29M,,chrome 63.0 for android,,mobile
SM-G531H Build/LMY48B | UnknownOS | chrome 59.0 for android | UnknownScreen,SM-G531H Build/LMY48B,,chrome 59.0 for android,,mobile
HP | UnknownOS | chrome 63.0 for android | UnknownScreen,HP,,chrome 63.0 for android,,mobile
SAMSUNG SM-A520F Build/NRD90M | UnknownOS | samsung browser 5.2 | UnknownScreen,SAMSUNG SM-A520F Build/NRD90M,,samsung browser 5.2,,mobile
SM-P550 Build/NMF26X | UnknownOS | chrome 63.0 for android | UnknownScreen,SM-P550 Build/NMF26X,,chrome 63.0 for android,,mobile
rv:57.0 | Mac OS X 10.12 | firefox 57.0 | 2880x1800,rv:57.0,Mac OS X 10.12,firefox 57.0,2880x1800,desktop
Joy | UnknownOS | android webview 4.0 | UnknownScreen,Joy,,android webview 4.0,,mobile
Lenovo | UnknownOS | chrome 51.0 for android | UnknownScreen,Lenovo,,chrome 51.0 for android,,mobile
Windows | Windows 10 | edge 15.0 | 3840x2160,Windows,Windows 10,edge 15.0,3840x2160,desktop
rv:52.0 | Windows 10 | firefox | 1920x1080,rv:52.0,Windows 10,firefox,1920x1080,desktop
SAMSUNG SM-J710MN Build/MMB29K | UnknownOS | samsung browser 4.0 | UnknownScreen,SAMSUNG SM-J710MN Build/MMB29K,,samsung browser 4.0,,mobile
Moto G (4) Build/NPJ25.93-14.7 | UnknownOS | chrome generic | UnknownScreen,Moto G (4) Build/NPJ25.93-14.7,,chrome generic,,mobile
HUAWEI VNS-L23 Build/HUAWEIVNS-L23 | UnknownOS | chrome 54.0 for android | UnknownScreen,HUAWEI VNS-L23 Build/HUAWEIVNS-L23,,chrome 54.0 for android,,mobile
SAMSUNG-SM-T377A Build/MMB29K | UnknownOS | chrome 63.0 for android | UnknownScreen,SAMSUNG-SM-T377A Build/MMB29K,,chrome 63.0 for android,,mobile
LG-H870 Build/NRD90U | UnknownOS | chrome 63.0 for android | UnknownScreen,LG-H870 Build/NRD90U,,chrome 63.0 for android,,mobile
SM-T825 Build/NRD90M | UnknownOS | chrome 63.0 for android | UnknownScreen,SM-T825 Build/NRD90M,,chrome 63.0 for android,,mobile
LG-K200 Build/MXB48T | UnknownOS | chrome 61.0 for android | UnknownScreen,LG-K200 Build/MXB48T,,chrome 61.0 for android,,mobile
Moto G (5) Plus Build/NPN25.137-92 | UnknownOS | chrome generic | UnknownScreen,Moto G (5) Plus Build/NPN25.137-92,,chrome generic,,mobile
SAMSUNG SM-G950U Build/NRD90M | UnknownOS | samsung browser 6.2 | UnknownScreen,SAMSUNG SM-G950U Build/NRD90M,,samsung browser 6.2,,mobile
UnknownDevice | Android | chrome 62.0 | 1366x768,,Android,chrome 62.0,1366x768,mobile
SM-J111M Build/LMY47V | UnknownOS | chrome 56.0 for android | UnknownScreen,SM-J111M Build/LMY47V,,chrome 56.0 for android,,mobile
iOS Device | iOS 11.2.2 | mobile safari 11.0 | 2436x1125,iOS Device,iOS 11.2.2,mobile safari 11.0,2436x1125,mobile
MacOS | Mac OS X 10_12_5 | safari generic | 2880x1800,MacOS,Mac OS X 10_12_5,safari generic,2880x1800,desktop
MYA-L13 Build/HUAWEIMYA-L13 | UnknownOS | chrome 62.0 for android | UnknownScreen,MYA-L13 Build/HUAWEIMYA-L13,,chrome 62.0 for android,,mobile
SM-N900W8 Build/LRX21V | UnknownOS | chrome 63.0 for android | UnknownScreen,SM-N900W8 Build/LRX21V,,chrome 63.0 for android,,mobile
ASUS_Z00AD Build/LRX21V | UnknownOS | chrome 63.0 for android | UnknownScreen,ASUS_Z00AD Build/LRX21V,,chrome 63.0 for android,,mobile
E5803 Build/32.4.A.1.54 | UnknownOS | chrome 63.0 for android | UnknownScreen,E5803 Build/32.4.A.1.54,,chrome 63.0 for android,,mobile
MacOS | Mac OS X 10_11_6 | chrome 63.0 | 1600x900,MacOS,Mac OS X 10_11_6,chrome 63.0,1600x900,desktop
Windows | Windows 8.1 | chrome 63.0 | 1280x800,Windows,Windows 8.1,chrome 63.0,1280x800,desktop
BLADE A520 Build/NRD90M | UnknownOS | chrome 63.0 for android | UnknownScreen,BLADE A520 Build/NRD90M,,chrome 63.0 for android,,mobile
E2104 | UnknownOS | chrome 63.0 for android | UnknownScreen,E2104,,chrome 63.0 for android,,mobile
Moto Z2 Play Build/NPS26.74-16-1 | UnknownOS | chrome 63.0 for android | UnknownScreen,Moto Z2 Play Build/NPS26.74-16-1,,chrome 63.0 for android,,mobile
SM-J700M Build/LMY48B | UnknownOS | other | UnknownScreen,SM-J700M Build/LMY48B,,other,,mobile
iOS Device | iOS 11.2.2 | mobile safari uiwebview | 1334x750,iOS Device,iOS 11.2.2,mobile safari uiwebview,1334x750,mobile
SM-G610M Build/MMB29K | UnknownOS | chrome 61.0 for android | UnknownScreen,SM-G610M Build/MMB29K,,chrome 61.0 for android,,mobile
SM-G950F Build/NRD90M | UnknownOS | chrome 58.0 for android | UnknownScreen,SM-G950F Build/NRD90M,,chrome 58.0 for android,,mobile
SM-T800 Build/MMB29K | UnknownOS | chrome 55.0 for android | UnknownScreen,SM-T800 Build/MMB29K,,chrome 55.0 for android,,mobile
iOS Device | iOS 11.2.2 | mobile safari generic | 1334x750,iOS Device,iOS 11.2.2,mobile safari generic,1334x750,mobile
SAMSUNG SM-G930P Build/NRD90M | Android 7.0 | samsung browser 6.2 | 1920x1080,SAMSUNG SM-G930P Build/NRD90M,Android 7.0,samsung browser 6.2,1920x1080,mobile
Blade V6 Plus Build/MRA58K | UnknownOS | chrome 56.0 for android | UnknownScreen,Blade V6 Plus Build/MRA58K,,chrome 56.0 for android,,mobile
Blade A510 Build/MRA58K | UnknownOS | chrome 49.0 for android | UnknownScreen,Blade A510 Build/MRA58K,,chrome 49.0 for android,,mobile
MI | UnknownOS | chrome 63.0 for android | UnknownScreen,MI,,chrome 63.0 for android,,mobile
Windows | UnknownOS | opera generic | UnknownScreen,Windows,,opera generic,,desktop
SM-G955U Build/NRD90M | UnknownOS | chrome 63.0 for android | UnknownScreen,SM-G955U Build/NRD90M,,chrome 63.0 for android,,mobile
Moto Z2 Play Build/NPSS26.118-19-4 | UnknownOS | chrome 57.0 for android | UnknownScreen,Moto Z2 Play Build/NPSS26.118-19-4,,chrome 57.0 for android,,mobile
GT-N8000 | UnknownOS | chrome 63.0 for android | UnknownScreen,GT-N8000,,chrome 63.0 for android,,mobile
iOS Device | iOS | mobile safari 8.0 | 1334x750,iOS Device,iOS,mobile safari 8.0,1334x750,mobile
F5321 Build/34.3.A.0.238 | UnknownOS | chrome 63.0 for android | UnknownScreen,F5321 Build/34.3.A.0.238,,chrome 63.0 for android,,mobile
SM-G928T Build/NRD90M | UnknownOS | chrome 63.0 for android | UnknownScreen,SM-G928T Build/NRD90M,,chrome 63.0 for android,,mobile
Lenovo A6020l37 Build/LMY47V | UnknownOS | chrome 63.0 for android | UnknownScreen,Lenovo A6020l37 Build/LMY47V,,chrome 63.0 for android,,mobile
UnknownDevice | UnknownOS | edge 16.0 | UnknownScreen,,,edge 16.0,,desktop
Lenovo K33b36 Build/MMB29M | UnknownOS | chrome 58.0 for android | UnknownScreen,Lenovo K33b36 Build/MMB29M,,chrome 58.0 for android,,mobile
Ilium L910 Build/MRA58K | UnknownOS | chrome 46.0 for android | UnknownScreen,Ilium L910 Build/MRA58K,,chrome 46.0 for android,,mobile
iOS Device | iOS 11.2.2 | mobile safari generic | 2208x1242,iOS Device,iOS 11.2.2,mobile safari generic,2208x1242,mobile
Lenovo-A6020l36 Build/LMY47V | UnknownOS | other | UnknownScreen,Lenovo-A6020l36 Build/LMY47V,,other,,mobile
Hisense | UnknownOS | chrome 61.0 for android | UnknownScreen,Hisense,,chrome 61.0 for android,,mobile
TA-1039 Build/N2G47H | UnknownOS | chrome generic for android | UnknownScreen,TA-1039 Build/N2G47H,,chrome generic for android,,mobile
TA-1039 Build/NMF26F | UnknownOS | chrome 63.0 for android | UnknownScreen,TA-1039 Build/NMF26F,,chrome 63.0 for android,,mobile
iOS Device | iOS 11.2.2 | mobile safari 11.0 | 1136x640,iOS Device,iOS 11.2.2,mobile safari 11.0,1136x640,mobile
SM-G920F Build/NRD90M | UnknownOS | chrome 63.0 for android | UnknownScreen,SM-G920F Build/NRD90M,,chrome 63.0 for android,,mobile
iOS Device | iOS 11.2.2 | mobile safari 11.0 | 2208x1242,iOS Device,iOS 11.2.2,mobile safari 11.0,2208x1242,mobile
ALE-L23 Build/HuaweiALE-L23 | UnknownOS | chrome generic | UnknownScreen,ALE-L23 Build/HuaweiALE-L23,,chrome generic,,mobile
Ilium L610 Build/MRA58K | UnknownOS | chrome 63.0 for android | UnknownScreen,Ilium L610 Build/MRA58K,,chrome 63.0 for android,,mobile
Mi A1 Build/OPR1.170623.026 | UnknownOS | UnknownBrowser | UnknownScreen,Mi A1 Build/OPR1.170623.026,,,,mobile
HTC One A9s Build/MRA58K | UnknownOS | chrome generic for android | UnknownScreen,HTC One A9s Build/MRA58K,,chrome generic for android,,mobile
SM-J200M Build/LMY47X | UnknownOS | chrome 63.0 for android | UnknownScreen,SM-J200M Build/LMY47X,,chrome 63.0 for android,,mobile
SAMSUNG | UnknownOS | samsung browser 4.0 | UnknownScreen,SAMSUNG,,samsung browser 4.0,,mobile
SM-J730GM Build/NRD90M | UnknownOS | chrome generic for android | UnknownScreen,SM-J730GM Build/NRD90M,,chrome generic for android,,mobile
TR10CS1 Build/JDQ39 | UnknownOS | chrome 63.0 for android | UnknownScreen,TR10CS1 Build/JDQ39,,chrome 63.0 for android,,mobile
Moto E (4) Build/NMA26.42-19 | UnknownOS | android webview 4.0 | UnknownScreen,Moto E (4) Build/NMA26.42-19,,android webview 4.0,,mobile
PRA-LX3 Build/HUAWEIPRA-LX3 | UnknownOS | chrome generic for android | UnknownScreen,PRA-LX3 Build/HUAWEIPRA-LX3,,chrome generic for android,,mobile
MacOS | Mac OS X 10_13_2 | safari generic | 1366x768,MacOS,Mac OS X 10_13_2,safari generic,1366x768,desktop
5010G Build/MRA58K | UnknownOS | chrome generic for android | UnknownScreen,5010G Build/MRA58K,,chrome generic for android,,mobile
LG-H542 Build/LRX22G | UnknownOS | chrome 52.0 for android | UnknownScreen,LG-H542 Build/LRX22G,,chrome 52.0 for android,,mobile
SM-J320M Build/LMY47V | UnknownOS | chrome 57.0 for android | UnknownScreen,SM-J320M Build/LMY47V,,chrome 57.0 for android,,mobile
LG-X230 Build/MRA58K | UnknownOS | chrome generic for android | UnknownScreen,LG-X230 Build/MRA58K,,chrome generic for android,,mobile
LG-M320 Build/NRD90U | UnknownOS | chrome generic for android | UnknownScreen,LG-M320 Build/NRD90U,,chrome generic for android,,mobile
HTC Desire 10 lifestyle Build/MMB29M | UnknownOS | chrome generic for android | UnknownScreen,HTC Desire 10 lifestyle Build/MMB29M,,chrome generic for android,,mobile
SM-N920V | UnknownOS | chrome 63.0 for android | UnknownScreen,SM-N920V,,chrome 63.0 for android,,mobile
UnknownDevice | UnknownOS | other | UnknownScreen,,,other,,mobile
SM-J700M Build/MMB29K | UnknownOS | chrome 54.0 for android | UnknownScreen,SM-J700M Build/MMB29K,,chrome 54.0 for android,,mobile
SM-G610M Build/NRD90M | UnknownOS | chrome generic for android | UnknownScreen,SM-G610M Build/NRD90M,,chrome generic for android,,mobile
SM-A310M Build/NRD90M | UnknownOS | chrome 63.0 for android | UnknownScreen,SM-A310M Build/NRD90M,,chrome 63.0 for android,,mobile
rv:11.0 | Windows 7 | ie 11.0 for desktop | 1920x1080,rv:11.0,Windows 7,ie 11.0 for desktop,1920x1080,desktop
Windows | Windows 7 | chrome generic | 1920x1200,Windows,Windows 7,chrome generic,1920x1200,desktop
Moto X Play Build/NPD26.48-24-1 | UnknownOS | chrome generic for android | UnknownScreen,Moto X Play Build/NPD26.48-24-1,,chrome generic for android,,mobile
SAMSUNG-SM-G925A Build/NRD90M | Android 7.0 | chrome 63.0 for android | 2560x1440,SAMSUNG-SM-G925A Build/NRD90M,Android 7.0,chrome 63.0 for android,2560x1440,mobile
SM-G610M Build/MMB29K | UnknownOS | chrome generic for android | UnknownScreen,SM-G610M Build/MMB29K,,chrome generic for android,,mobile
XT1058 Build/LPAS23.12-21.7-1 | UnknownOS | chrome generic | UnknownScreen,XT1058 Build/LPAS23.12-21.7-1,,chrome generic,,mobile
SLA-L03 Build/HUAWEISLA-L03 | UnknownOS | chrome generic for android | UnknownScreen,SLA-L03 Build/HUAWEISLA-L03,,chrome generic for android,,mobile
SAMSUNG SM-N950F Build/NMF26X | UnknownOS | samsung browser 6.2 | UnknownScreen,SAMSUNG SM-N950F Build/NMF26X,,samsung browser 6.2,,mobile
MacOS | Mac OS X 10_7_5 | chrome 49.0 | 1440x900,MacOS,Mac OS X 10_7_5,chrome 49.0,1440x900,desktop
LG-F400K | UnknownOS | chrome generic | UnknownScreen,LG-F400K,,chrome generic,,mobile
RCT6223W87 | UnknownOS | chrome generic for android | UnknownScreen,RCT6223W87,,chrome generic for android,,mobile
SM-J701M Build/NRD90M | UnknownOS | chrome 60.0 for android | UnknownScreen,SM-J701M Build/NRD90M,,chrome 60.0 for android,,mobile
SM-T110 Build/JDQ39 | UnknownOS | chrome 63.0 for android | UnknownScreen,SM-T110 Build/JDQ39,,chrome 63.0 for android,,mobile
Windows | Windows 10 | firefox generic | 1680x1050,Windows,Windows 10,firefox generic,1680x1050,desktop
SM-J700M Build/MMB29K | UnknownOS | chrome generic for android | UnknownScreen,SM-J700M Build/MMB29K,,chrome generic for android,,mobile
Lenovo K33b36 Build/NRD90N | UnknownOS | chrome generic for android | UnknownScreen,Lenovo K33b36 Build/NRD90N,,chrome generic for android,,mobile
SM-J510MN Build/MMB29M | UnknownOS | chrome generic for android | UnknownScreen,SM-J510MN Build/MMB29M,,chrome generic for android,,mobile
rv:58.0 | UnknownOS | firefox | UnknownScreen,rv:58.0,,firefox,,desktop
SM-G950F Build/NRD90M | UnknownOS | chrome generic for android | UnknownScreen,SM-G950F Build/NRD90M,,chrome generic for android,,mobile
SM-A310M Build/LMY47X | UnknownOS | chrome generic | UnknownScreen,SM-A310M Build/LMY47X,,chrome generic,,mobile
ALE-L23 Build/HuaweiALE-L23 | UnknownOS | chrome 56.0 for android | UnknownScreen,ALE-L23 Build/HuaweiALE-L23,,chrome 56.0 for android,,mobile
SM-G955U1 Build/NRD90M | UnknownOS | chrome generic for android | UnknownScreen,SM-G955U1 Build/NRD90M,,chrome generic for android,,mobile
UnknownDevice | Android | chrome | 855x480,,Android,chrome,855x480,mobile
Turbo C5 Build/LMY47I | UnknownOS | chrome 63.0 for android | UnknownScreen,Turbo C5 Build/LMY47I,,chrome 63.0 for android,,mobile
Windows | Windows 7 | chrome 63.0 | 1024x768,Windows,Windows 7,chrome 63.0,1024x768,desktop
Blade V6 Max Build/MRA58K | UnknownOS | chrome 63.0 for android | UnknownScreen,Blade V6 Max Build/MRA58K,,chrome 63.0 for android,,mobile
Windows | UnknownOS | firefox 58.0 | UnknownScreen,Windows,,firefox 58.0,,desktop
Windows | Windows Vista | firefox 52.0 | 1152x864,Windows,Windows Vista,firefox 52.0,1152x864,desktop
SM-N950U Build/NMF26X | Android 7.1.1 | chrome 64.0 for android | 2960x1440,SM-N950U Build/NMF26X,Android 7.1.1,chrome 64.0 for android,2960x1440,mobile
HUAWEI TAG-L13 Build/HUAWEITAG-L13 | UnknownOS | chrome 64.0 for android | UnknownScreen,HUAWEI TAG-L13 Build/HUAWEITAG-L13,,chrome 64.0 for android,,mobile
UnknownDevice | UnknownOS | chrome 64.0 | UnknownScreen,,,chrome 64.0,,desktop
Windows | UnknownOS | chrome 64.0 | UnknownScreen,Windows,,chrome 64.0,,desktop
iOS Device | iOS 10.3.2 | mobile safari generic | 1136x640,iOS Device,iOS 10.3.2,mobile safari generic,1136x640,mobile
rv:42.0 | UnknownOS | firefox | UnknownScreen,rv:42.0,,firefox,,desktop
Moto G (5) Build/NPP25.137-93 | UnknownOS | chrome generic | UnknownScreen,Moto G (5) Build/NPP25.137-93,,chrome generic,,mobile
SM-N950U Build/NMF26X | Android 7.1.1 | chrome 64.0 for android | UnknownScreen,SM-N950U Build/NMF26X,Android 7.1.1,chrome 64.0 for android,,mobile
LG-M320 Build/NRD90U | UnknownOS | chrome 64.0 for android | UnknownScreen,LG-M320 Build/NRD90U,,chrome 64.0 for android,,mobile
UnknownDevice | Android | chrome 63.0 | 801x480,,Android,chrome 63.0,801x480,mobile
rv:58.0 | UnknownOS | Generic/Android 7.0 | UnknownScreen,rv:58.0,,Generic/Android 7.0,,mobile
SM-J710MN Build/MMB29K | UnknownOS | chrome 64.0 for android | UnknownScreen,SM-J710MN Build/MMB29K,,chrome 64.0 for android,,mobile
E5506 Build/29.1.A.0.101 | UnknownOS | chrome 49.0 for android | UnknownScreen,E5506 Build/29.1.A.0.101,,chrome 49.0 for android,,mobile
8050G Build/LMY47I | UnknownOS | chrome 55.0 for android | UnknownScreen,8050G Build/LMY47I,,chrome 55.0 for android,,mobile
SM-A520F Build/NRD90M | UnknownOS | chrome 64.0 for android | UnknownScreen,SM-A520F Build/NRD90M,,chrome 64.0 for android,,mobile
LG-K500 Build/MMB29M | UnknownOS | chrome 64.0 for android | UnknownScreen,LG-K500 Build/MMB29M,,chrome 64.0 for android,,mobile
Hisense L675 Build/MRA58K | UnknownOS | chrome 55.0 for android | UnknownScreen,Hisense L675 Build/MRA58K,,chrome 55.0 for android,,mobile
SM-G355M Build/KOT49H | UnknownOS | chrome 63.0 for android | UnknownScreen,SM-G355M Build/KOT49H,,chrome 63.0 for android,,mobile
SM-N920A Build/MMB29K | UnknownOS | chrome 63.0 for android | UnknownScreen,SM-N920A Build/MMB29K,,chrome 63.0 for android,,mobile
SAMSUNG SM-G925I Build/NRD90M | UnknownOS | samsung browser 5.4 | UnknownScreen,SAMSUNG SM-G925I Build/NRD90M,,samsung browser 5.4,,mobile
iOS Device | iOS 11.2.5 | mobile safari generic | 2208x1242,iOS Device,iOS 11.2.5,mobile safari generic,2208x1242,mobile
Windows | Windows 10 | ie 11.0 for tablet | UnknownScreen,Windows,Windows 10,ie 11.0 for tablet,,desktop
SM-G955F Build/NRD90M | UnknownOS | chrome 64.0 for android | UnknownScreen,SM-G955F Build/NRD90M,,chrome 64.0 for android,,mobile
Lenovo TB-7703X Build/S100 | UnknownOS | chrome 62.0 for android | UnknownScreen,Lenovo TB-7703X Build/S100,,chrome 62.0 for android,,mobile
SM-J730GM Build/NRD90M | UnknownOS | chrome 64.0 for android | UnknownScreen,SM-J730GM Build/NRD90M,,chrome 64.0 for android,,mobile
SM-G935F Build/NRD90M | UnknownOS | chrome 64.0 for android | UnknownScreen,SM-G935F Build/NRD90M,,chrome 64.0 for android,,mobile
Trident/7.0 | Windows 7 | ie 11.0 for desktop | 1680x1050,Trident/7.0,Windows 7,ie 11.0 for desktop,1680x1050,desktop
Windows | Windows 7 | chrome 64.0 | 1366x768,Windows,Windows 7,chrome 64.0,1366x768,desktop
SM-G930F Build/MMB29K | UnknownOS | chrome 64.0 for android | UnknownScreen,SM-G930F Build/MMB29K,,chrome 64.0 for android,,mobile
LG-D331 Build/LRX22G | UnknownOS | chrome 64.0 for android | UnknownScreen,LG-D331 Build/LRX22G,,chrome 64.0 for android,,mobile
Android 6.0 | UnknownOS | android webview 4.0 | UnknownScreen,Android 6.0,,android webview 4.0,,mobile
Turbo C5 Build/LMY47I | UnknownOS | chrome 64.0 for android | UnknownScreen,Turbo C5 Build/LMY47I,,chrome 64.0 for android,,mobile
Blade | UnknownOS | chrome 64.0 for android | UnknownScreen,Blade,,chrome 64.0 for android,,mobile
ALE-L23 Build/HuaweiALE-L23 | UnknownOS | chrome 64.0 for android | UnknownScreen,ALE-L23 Build/HuaweiALE-L23,,chrome 64.0 for android,,mobile
F3113 Build/33.2.A.3.81 | UnknownOS | chrome 51.0 for android | UnknownScreen,F3113 Build/33.2.A.3.81,,chrome 51.0 for android,,mobile
iOS Device | iOS 10.2.1 | mobile safari generic | 1334x750,iOS Device,iOS 10.2.1,mobile safari generic,1334x750,mobile
iOS Device | iOS 11.2.2 | mobile safari generic | 1136x640,iOS Device,iOS 11.2.2,mobile safari generic,1136x640,mobile
ZTE Blade A511 Build/MRA58K | UnknownOS | chrome 63.0 for android | UnknownScreen,ZTE Blade A511 Build/MRA58K,,chrome 63.0 for android,,mobile
iOS Device | iOS 11.2.2 | mobile safari generic | 2001x1125,iOS Device,iOS 11.2.2,mobile safari generic,2001x1125,mobile
TA-1039 Build/NMF26F | UnknownOS | chrome 64.0 for android | UnknownScreen,TA-1039 Build/NMF26F,,chrome 64.0 for android,,mobile
SM-J111M Build/LMY47V | UnknownOS | chrome 63.0 for android | UnknownScreen,SM-J111M Build/LMY47V,,chrome 63.0 for android,,mobile
LG-X180g Build/LMY47I | UnknownOS | chrome 64.0 for android | UnknownScreen,LG-X180g Build/LMY47I,,chrome 64.0 for android,,mobile
SM-P580 Build/NRD90M | UnknownOS | chrome 56.0 for android | UnknownScreen,SM-P580 Build/NRD90M,,chrome 56.0 for android,,mobile
TA-1039 Build/N2G47H | UnknownOS | chrome 64.0 for android | UnknownScreen,TA-1039 Build/N2G47H,,chrome 64.0 for android,,mobile
HTC Desire 530 Build/MMB29M | UnknownOS | chrome 62.0 for android | UnknownScreen,HTC Desire 530 Build/MMB29M,,chrome 62.0 for android,,mobile
SM-T530 Build/LRX22G | UnknownOS | chrome 63.0 for android | UnknownScreen,SM-T530 Build/LRX22G,,chrome 63.0 for android,,mobile
MacOS | Mac OS X 10_9_5 | chrome 63.0 | 1280x800,MacOS,Mac OS X 10_9_5,chrome 63.0,1280x800,desktop
LG-H990 Build/NRD90M | UnknownOS | chrome 64.0 for android | UnknownScreen,LG-H990 Build/NRD90M,,chrome 64.0 for android,,mobile
Moto X Play Build/NPD26.48-24-1 | UnknownOS | chrome 64.0 for android | UnknownScreen,Moto X Play Build/NPD26.48-24-1,,chrome 64.0 for android,,mobile
Redmi Note 4 Build/NRD90M | UnknownOS | chrome 61.0 for android | UnknownScreen,Redmi Note 4 Build/NRD90M,,chrome 61.0 for android,,mobile
verykoolS5525 | UnknownOS | android webview 4.0 | UnknownScreen,verykoolS5525,,android webview 4.0,,mobile
Lenovo K33b36 Build/NRD90N | UnknownOS | chrome 64.0 for android | UnknownScreen,Lenovo K33b36 Build/NRD90N,,chrome 64.0 for android,,mobile
LG-K410 Build/LRX22G | UnknownOS | chrome 64.0 for android | UnknownScreen,LG-K410 Build/LRX22G,,chrome 64.0 for android,,mobile
HUAWEI Y520-U03 Build/HUAWEIY520-U03 | UnknownOS | chrome 63.0 for android | UnknownScreen,HUAWEI Y520-U03 Build/HUAWEIY520-U03,,chrome 63.0 for android,,mobile
5010S Build/MRA58K | UnknownOS | chrome 64.0 for android | UnknownScreen,5010S Build/MRA58K,,chrome 64.0 for android,,mobile
F3313 Build/37.0.A.2.108 | UnknownOS | chrome 64.0 for android | UnknownScreen,F3313 Build/37.0.A.2.108,,chrome 64.0 for android,,mobile
MYA-L13 Build/HUAWEIMYA-L13 | UnknownOS | other | UnknownScreen,MYA-L13 Build/HUAWEIMYA-L13,,other,,mobile
HTC U11 Build/NMF26X | UnknownOS | chrome 64.0 for android | UnknownScreen,HTC U11 Build/NMF26X,,chrome 64.0 for android,,mobile
Ilium L1120 Build/NRD90M | UnknownOS | chrome 60.0 for android | UnknownScreen,Ilium L1120 Build/NRD90M,,chrome 60.0 for android,,mobile
SM-J700M Build/MMB29K | UnknownOS | chrome 64.0 for android | UnknownScreen,SM-J700M Build/MMB29K,,chrome 64.0 for android,,mobile
Ilium X520 Build/NRD90M | UnknownOS | chrome 64.0 for android | UnknownScreen,Ilium X520 Build/NRD90M,,chrome 64.0 for android,,mobile
SM-T280 Build/LMY47V | UnknownOS | chrome 64.0 for android | UnknownScreen,SM-T280 Build/LMY47V,,chrome 64.0 for android,,mobile
LG-M700 Build/NMF26X | UnknownOS | chrome 64.0 for android | UnknownScreen,LG-M700 Build/NMF26X,,chrome 64.0 for android,,mobile
SM-G530H Build/KTU84P | UnknownOS | chrome 64.0 for android | UnknownScreen,SM-G530H Build/KTU84P,,chrome 64.0 for android,,mobile
SAMSUNG SM-S727VL Build/MMB29M | Android 6.0.1 | samsung browser 6.2 | 1280x720,SAMSUNG SM-S727VL Build/MMB29M,Android 6.0.1,samsung browser 6.2,1280x720,mobile
SAMSUNG SM-J701M Build/NRD90M | UnknownOS | samsung browser 6.2 | UnknownScreen,SAMSUNG SM-J701M Build/NRD90M,,samsung browser 6.2,,mobile
SM-G930V Build/NRD90M | Android 7.0 | chrome 64.0 for android | 1920x1080,SM-G930V Build/NRD90M,Android 7.0,chrome 64.0 for android,1920x1080,mobile
TRT-L53 Build/HUAWEITRT-L53 | UnknownOS | chrome 64.0 for android | UnknownScreen,TRT-L53 Build/HUAWEITRT-L53,,chrome 64.0 for android,,mobile
iOS Device | iOS 11.1.0 | mobile safari generic | 1334x750,iOS Device,iOS 11.1.0,mobile safari generic,1334x750,mobile
M4 SS4456 Build/LMY47V | UnknownOS | M4Tel/M4 | UnknownScreen,M4 SS4456 Build/LMY47V,,M4Tel/M4,,mobile
WAS-LX3 Build/HUAWEIWAS-LX3 | UnknownOS | chrome 64.0 for android | UnknownScreen,WAS-LX3 Build/HUAWEIWAS-LX3,,chrome 64.0 for android,,mobile
SAMSUNG SM-G925F Build/NRD90M | UnknownOS | samsung browser 6.2 | UnknownScreen,SAMSUNG SM-G925F Build/NRD90M,,samsung browser 6.2,,mobile
SM-G531H Build/LMY48B | UnknownOS | chrome 64.0 for android | UnknownScreen,SM-G531H Build/LMY48B,,chrome 64.0 for android,,mobile
LG-K240 Build/MXB48T | UnknownOS | chrome 63.0 for android | UnknownScreen,LG-K240 Build/MXB48T,,chrome 63.0 for android,,mobile
SM-G930F Build/NRD90M | UnknownOS | chrome 64.0 for android | UnknownScreen,SM-G930F Build/NRD90M,,chrome 64.0 for android,,mobile
MotoG3 Build/MPIS24.65-33.1-2-16 | UnknownOS | chrome 64.0 for android | UnknownScreen,MotoG3 Build/MPIS24.65-33.1-2-16,,chrome 64.0 for android,,mobile
Nexus 6 Build/N6F27M | UnknownOS | chrome 64.0 for android | UnknownScreen,Nexus 6 Build/N6F27M,,chrome 64.0 for android,,mobile
5010G Build/MRA58K | UnknownOS | chrome 61.0 for android | UnknownScreen,5010G Build/MRA58K,,chrome 61.0 for android,,mobile
SM-J510MN Build/MMB29M | UnknownOS | chrome 64.0 for android | UnknownScreen,SM-J510MN Build/MMB29M,,chrome 64.0 for android,,mobile
AX1070 | UnknownOS | chrome 63.0 for android | UnknownScreen,AX1070,,chrome 63.0 for android,,mobile
UnknownDevice | UnknownOS | comodo | UnknownScreen,,,comodo,,desktop
PRA-LX3 Build/HUAWEIPRA-LX3 | UnknownOS | chrome 64.0 for android | UnknownScreen,PRA-LX3 Build/HUAWEIPRA-LX3,,chrome 64.0 for android,,mobile
SM-J320M Build/LMY47V | UnknownOS | chrome 64.0 for android | UnknownScreen,SM-J320M Build/LMY47V,,chrome 64.0 for android,,mobile
rv:58.0 | UnknownOS | firefox 58.0 | UnknownScreen,rv:58.0,,firefox 58.0,,desktop
Windows | Windows 10 | chrome 63.0 | 2048x1152,Windows,Windows 10,chrome 63.0,2048x1152,desktop
SM-G570M Build/MMB29K | UnknownOS | chrome 64.0 for android | UnknownScreen,SM-G570M Build/MMB29K,,chrome 64.0 for android,,mobile
iOS Device | iOS 11.0.3 | mobile safari generic | 2208x1242,iOS Device,iOS 11.0.3,mobile safari generic,2208x1242,mobile
UnknownDevice | UnknownOS | chrome 64.0 for ios | UnknownScreen,,,chrome 64.0 for ios,,mobile
Lenovo K33b36 Build/MMB29M | UnknownOS | chrome 64.0 for android | UnknownScreen,Lenovo K33b36 Build/MMB29M,,chrome 64.0 for android,,mobile
Windows | Windows 7 | firefox 58.0 | 1280x1024,Windows,Windows 7,firefox 58.0,1280x1024,desktop
SENS | UnknownOS | android webview 4.0 | UnknownScreen,SENS,,android webview 4.0,,mobile
5056A Build/MMB29M | UnknownOS | chrome 64.0 for android | UnknownScreen,5056A Build/MMB29M,,chrome 64.0 for android,,mobile
MYA-L13 Build/HUAWEIMYA-L13 | UnknownOS | chrome 64.0 for android | UnknownScreen,MYA-L13 Build/HUAWEIMYA-L13,,chrome 64.0 for android,,mobile
SM-N920C Build/NRD90M | UnknownOS | chrome 64.0 for android | UnknownScreen,SM-N920C Build/NRD90M,,chrome 64.0 for android,,mobile
SM-T530 Build/LRX22G | UnknownOS | chrome 64.0 for android | UnknownScreen,SM-T530 Build/LRX22G,,chrome 64.0 for android,,mobile
E6603 Build/32.4.A.1.54 | UnknownOS | chrome 64.0 for android | UnknownScreen,E6603 Build/32.4.A.1.54,,chrome 64.0 for android,,mobile
HUAWEI RIO-L03 Build/HUAWEIRIO-L03 | UnknownOS | chrome 64.0 for android | UnknownScreen,HUAWEI RIO-L03 Build/HUAWEIRIO-L03,,chrome 64.0 for android,,mobile
BAC-L03 Build/HUAWEIBAC-L03 | UnknownOS | chrome 64.0 for android | UnknownScreen,BAC-L03 Build/HUAWEIBAC-L03,,chrome 64.0 for android,,mobile
SM-A510M Build/NRD90M | UnknownOS | chrome 64.0 for android | UnknownScreen,SM-A510M Build/NRD90M,,chrome 64.0 for android,,mobile
Trident/7.0 | Windows 7 | ie 11.0 for desktop | 1440x900,Trident/7.0,Windows 7,ie 11.0 for desktop,1440x900,desktop
Ilium LT500 Build/LMY47O | UnknownOS | chrome 62.0 for android | UnknownScreen,Ilium LT500 Build/LMY47O,,chrome 62.0 for android,,mobile
SM-G610M Build/MMB29K | UnknownOS | chrome 64.0 for android | UnknownScreen,SM-G610M Build/MMB29K,,chrome 64.0 for android,,mobile
HTC Desire 526G Build/KOT49H | UnknownOS | chrome 63.0 for android | UnknownScreen,HTC Desire 526G Build/KOT49H,,chrome 63.0 for android,,mobile
MacOS | Mac OS X 10_13_3 | safari generic | 5120x2880,MacOS,Mac OS X 10_13_3,safari generic,5120x2880,desktop
SM-N950F Build/NMF26X | UnknownOS | chrome 64.0 for android | UnknownScreen,SM-N950F Build/NMF26X,,chrome 64.0 for android,,mobile
Moto Z2 Play Build/NPSS26.118-19-14 | UnknownOS | chrome 64.0 for android | UnknownScreen,Moto Z2 Play Build/NPSS26.118-19-14,,chrome 64.0 for android,,mobile
rv:47.0 | Windows 10 | firefox 47.0 | 1768x992,rv:47.0,Windows 10,firefox 47.0,1768x992,desktop
SM-G530H Build/LRX22G | UnknownOS | chrome 64.0 for android | UnknownScreen,SM-G530H Build/LRX22G,,chrome 64.0 for android,,mobile
rv:60.0 | UnknownOS | firefox generic | UnknownScreen,rv:60.0,,firefox generic,,desktop
Alcatel_5098O Build/MMB29M | UnknownOS | chrome 64.0 for android | UnknownScreen,Alcatel_5098O Build/MMB29M,,chrome 64.0 for android,,mobile
iOS Device | iOS 11.2.5 | mobile safari generic | 2436x1125,iOS Device,iOS 11.2.5,mobile safari generic,2436x1125,mobile
HTC One_M8 Build/MRA58K | UnknownOS | chrome 64.0 for android | UnknownScreen,HTC One_M8 Build/MRA58K,,chrome 64.0 for android,,mobile
Moto G Play Build/MPIS24.241-15.3-26 | UnknownOS | chrome 64.0 for android | UnknownScreen,Moto G Play Build/MPIS24.241-15.3-26,,chrome 64.0 for android,,mobile
SM-G570M Build/NRD90M | UnknownOS | chrome 64.0 for android | UnknownScreen,SM-G570M Build/NRD90M,,chrome 64.0 for android,,mobile
Ilium X710 Build/MRA58K | UnknownOS | chrome 64.0 for android | UnknownScreen,Ilium X710 Build/MRA58K,,chrome 64.0 for android,,mobile
Moto C Build/NRD90M.054 | UnknownOS | chrome 62.0 for android | UnknownScreen,Moto C Build/NRD90M.054,,chrome 62.0 for android,,mobile
Linux i686 | UnknownOS | firefox 57.0 | UnknownScreen,Linux i686,,firefox 57.0,,desktop
SM-G955U Build/NRD90M | UnknownOS | chrome 64.0 for android | UnknownScreen,SM-G955U Build/NRD90M,,chrome 64.0 for android,,mobile
SM-J710F Build/NRD90M | UnknownOS | chrome 61.0 for android | UnknownScreen,SM-J710F Build/NRD90M,,chrome 61.0 for android,,mobile
Z9 PLUS Build/NRD90M | UnknownOS | chrome 63.0 for android | UnknownScreen,Z9 PLUS Build/NRD90M,,chrome 63.0 for android,,mobile
TRT-L53 Build/HUAWEITRT-L53 | UnknownOS | chrome 59.0 for android | UnknownScreen,TRT-L53 Build/HUAWEITRT-L53,,chrome 59.0 for android,,mobile
SAMSUNG SM-J710MN Build/MMB29K | UnknownOS | samsung browser 6.2 | UnknownScreen,SAMSUNG SM-J710MN Build/MMB29K,,samsung browser 6.2,,mobile
RNE-L03 Build/HUAWEIRNE-L03 | UnknownOS | chrome 64.0 for android | UnknownScreen,RNE-L03 Build/HUAWEIRNE-L03,,chrome 64.0 for android,,mobile
HUAWEI | UnknownOS | chrome 64.0 for android | UnknownScreen,HUAWEI,,chrome 64.0 for android,,mobile
Dash | UnknownOS | chrome 61.0 for android | UnknownScreen,Dash,,chrome 61.0 for android,,mobile
SM-G950U Build/NRD90M | UnknownOS | android webview 4.0 | UnknownScreen,SM-G950U Build/NRD90M,,android webview 4.0,,mobile
F3113 Build/33.3.A.1.97 | UnknownOS | chrome 64.0 for android | UnknownScreen,F3113 Build/33.3.A.1.97,,chrome 64.0 for android,,mobile
Blade V6 Plus Build/MRA58K | UnknownOS | chrome 64.0 for android | UnknownScreen,Blade V6 Plus Build/MRA58K,,chrome 64.0 for android,,mobile
SM-G532M Build/MMB29T | UnknownOS | chrome 61.0 for android | UnknownScreen,SM-G532M Build/MMB29T,,chrome 61.0 for android,,mobile
SLA-L03 Build/HUAWEISLA-L03 | UnknownOS | chrome 64.0 for android | UnknownScreen,SLA-L03 Build/HUAWEISLA-L03,,chrome 64.0 for android,,mobile
NX521J | UnknownOS | chrome 64.0 for android | UnknownScreen,NX521J,,chrome 64.0 for android,,mobile
Moto Z2 Play Build/NPSS26.118-19-4 | UnknownOS | chrome 64.0 for android | UnknownScreen,Moto Z2 Play Build/NPSS26.118-19-4,,chrome 64.0 for android,,mobile
916 | UnknownOS | chrome 59.0 for android | UnknownScreen,916,,chrome 59.0 for android,,mobile
LG-X210 Build/LMY47I | UnknownOS | chrome 64.0 for android | UnknownScreen,LG-X210 Build/LMY47I,,chrome 64.0 for android,,mobile
4034G | UnknownOS | chrome 64.0 for android | UnknownScreen,4034G,,chrome 64.0 for android,,mobile
TA-1027 | UnknownOS | chrome 64.0 for android | UnknownScreen,TA-1027,,chrome 64.0 for android,,mobile
PLUS | UnknownOS | chrome 63.0 for android | UnknownScreen,PLUS,,chrome 63.0 for android,,mobile
iOS Device | iOS 11.2.1 | mobile safari generic | 2048x1536,iOS Device,iOS 11.2.1,mobile safari generic,2048x1536,mobile
SM-P550 Build/NMF26X | UnknownOS | chrome 64.0 for android | UnknownScreen,SM-P550 Build/NMF26X,,chrome 64.0 for android,,mobile
EVA-L09 Build/HUAWEIEVA-L09 | UnknownOS | chrome 64.0 for android | UnknownScreen,EVA-L09 Build/HUAWEIEVA-L09,,chrome 64.0 for android,,mobile
BLL-L23 Build/HUAWEIBLL-L23 | UnknownOS | chrome 64.0 for android | UnknownScreen,BLL-L23 Build/HUAWEIBLL-L23,,chrome 64.0 for android,,mobile
LG-K580 Build/MRA58K | UnknownOS | chrome 64.0 for android | UnknownScreen,LG-K580 Build/MRA58K,,chrome 64.0 for android,,mobile
LG-H840 Build/MMB29M | UnknownOS | chrome 64.0 for android | UnknownScreen,LG-H840 Build/MMB29M,,chrome 64.0 for android,,mobile
iOS Device | iOS 11.2.5 | mobile safari generic | 2001x1125,iOS Device,iOS 11.2.5,mobile safari generic,2001x1125,mobile
M4 SS4453 Build/MMB29M | UnknownOS | chrome 51.0 for android | UnknownScreen,M4 SS4453 Build/MMB29M,,chrome 51.0 for android,,mobile
Blade V580 Build/LMY47D | UnknownOS | chrome 64.0 for android | UnknownScreen,Blade V580 Build/LMY47D,,chrome 64.0 for android,,mobile
F3213 Build/36.1.A.1.86 | UnknownOS | chrome 64.0 for android | UnknownScreen,F3213 Build/36.1.A.1.86,,chrome 64.0 for android,,mobile
9203A Build/MRA58K | UnknownOS | chrome 49.0 for android | UnknownScreen,9203A Build/MRA58K,,chrome 49.0 for android,,mobile
5012G Build/MRA58K | UnknownOS | chrome 62.0 for android | UnknownScreen,5012G Build/MRA58K,,chrome 62.0 for android,,mobile
SM-G920T Build/NRD90M | UnknownOS | chrome 64.0 for android | UnknownScreen,SM-G920T Build/NRD90M,,chrome 64.0 for android,,mobile
F3213 Build/36.0.A.2.146 | UnknownOS | chrome 64.0 for android | UnknownScreen,F3213 Build/36.0.A.2.146,,chrome 64.0 for android,,mobile
5025G Build/LMY47I | UnknownOS | chrome 55.0 for android | UnknownScreen,5025G Build/LMY47I,,chrome 55.0 for android,,mobile
SM-A310M Build/LMY47X | UnknownOS | chrome 64.0 for android | UnknownScreen,SM-A310M Build/LMY47X,,chrome 64.0 for android,,mobile
Lenovo A6020l37 Build/LMY47V | UnknownOS | chrome 64.0 for android | UnknownScreen,Lenovo A6020l37 Build/LMY47V,,chrome 64.0 for android,,mobile
HTC Desire 650 Build/MMB29M | UnknownOS | chrome 64.0 for android | UnknownScreen,HTC Desire 650 Build/MMB29M,,chrome 64.0 for android,,mobile
Z2 | UnknownOS | android webview 4.0 | UnknownScreen,Z2,,android webview 4.0,,mobile
Blade L2 Plus Build/KOT49H | UnknownOS | ZTE/Blade | UnknownScreen,Blade L2 Plus Build/KOT49H,,ZTE/Blade,,mobile
E6853 Build/32.4.A.1.54 | UnknownOS | chrome 64.0 for android | UnknownScreen,E6853 Build/32.4.A.1.54,,chrome 64.0 for android,,mobile
HUAWEI RIO-L03 Build/HUAWEIRIO-L03 | UnknownOS | chrome 59.0 for android | UnknownScreen,HUAWEI RIO-L03 Build/HUAWEIRIO-L03,,chrome 59.0 for android,,mobile
REVVLPLUS | Android 7.1.1 | chrome 64.0 for android | 1920x1080,REVVLPLUS,Android 7.1.1,chrome 64.0 for android,1920x1080,mobile
Ilium LT510 Build/MRA58K | UnknownOS | chrome 62.0 for android | UnknownScreen,Ilium LT510 Build/MRA58K,,chrome 62.0 for android,,mobile
CHC-U03 Build/HuaweiCHC-U03 | UnknownOS | chrome 57.0 for android | UnknownScreen,CHC-U03 Build/HuaweiCHC-U03,,chrome 57.0 for android,,mobile
HUAWEI VNS-L53 Build/HUAWEIVNS-L53 | UnknownOS | chrome 64.0 for android | UnknownScreen,HUAWEI VNS-L53 Build/HUAWEIVNS-L53,,chrome 64.0 for android,,mobile
5080A Build/MRA58K | UnknownOS | chrome 64.0 for android | UnknownScreen,5080A Build/MRA58K,,chrome 64.0 for android,,mobile
Ilium L620 Build/NRD90M | UnknownOS | chrome 64.0 for android | UnknownScreen,Ilium L620 Build/NRD90M,,chrome 64.0 for android,,mobile
BLADE V8 SE Build/NRD90M | UnknownOS | chrome 64.0 for android | UnknownScreen,BLADE V8 SE Build/NRD90M,,chrome 64.0 for android,,mobile
SM-A720F Build/NRD90M | UnknownOS | chrome 58.0 for android | UnknownScreen,SM-A720F Build/NRD90M,,chrome 58.0 for android,,mobile
Joy | UnknownOS | chrome 64.0 for android | UnknownScreen,Joy,,chrome 64.0 for android,,mobile
SGH-M919V | UnknownOS | chrome 64.0 for android | UnknownScreen,SGH-M919V,,chrome 64.0 for android,,mobile
F5121 Build/34.3.A.0.252 | UnknownOS | chrome 64.0 for android | UnknownScreen,F5121 Build/34.3.A.0.252,,chrome 64.0 for android,,mobile
LG-K500 Build/MMB29M | UnknownOS | chrome 50.0 for android | UnknownScreen,LG-K500 Build/MMB29M,,chrome 50.0 for android,,mobile
SM-J500M Build/LMY48B | UnknownOS | chrome 64.0 for android | UnknownScreen,SM-J500M Build/LMY48B,,chrome 64.0 for android,,mobile
Moto C Build/NRD90M.063 | UnknownOS | chrome 64.0 for android | UnknownScreen,Moto C Build/NRD90M.063,,chrome 64.0 for android,,mobile
Blade A510 Build/MRA58K | UnknownOS | chrome 64.0 for android | UnknownScreen,Blade A510 Build/MRA58K,,chrome 64.0 for android,,mobile
SM-A500M Build/LRX22G | UnknownOS | chrome 62.0 for android | UnknownScreen,SM-A500M Build/LRX22G,,chrome 62.0 for android,,mobile
SM-G950F Build/NRD90M | UnknownOS | chrome 64.0 for android | UnknownScreen,SM-G950F Build/NRD90M,,chrome 64.0 for android,,mobile
Hisense F23 Build/NRD90M | UnknownOS | chrome 64.0 for android | UnknownScreen,Hisense F23 Build/NRD90M,,chrome 64.0 for android,,mobile
G3313 Build/43.0.A.5.79 | UnknownOS | chrome 64.0 for android | UnknownScreen,G3313 Build/43.0.A.5.79,,chrome 64.0 for android,,mobile
ALCATEL ONE TOUCH 7047A Build/JDQ39 | UnknownOS | chrome 63.0 for android | UnknownScreen,ALCATEL ONE TOUCH 7047A Build/JDQ39,,chrome 63.0 for android,,mobile
Windows | Windows 10 | chrome 60.0 | 1920x1200,Windows,Windows 10,chrome 60.0,1920x1200,desktop
iOS Device | iOS 10.3.3 | mobile safari generic | 2048x1536,iOS Device,iOS 10.3.3,mobile safari generic,2048x1536,mobile
Windows | Windows 10 | chrome 64.0 | 1920x1080,Windows,Windows 10,chrome 64.0,1920x1080,desktop
Windows | UnknownOS | chrome 59.0 | UnknownScreen,Windows,,chrome 59.0,,desktop
Moto G Play Build/MPIS24.241-15.3-7 | UnknownOS | chrome 64.0 for android | UnknownScreen,Moto G Play Build/MPIS24.241-15.3-7,,chrome 64.0 for android,,mobile
Energy X 2 Build/E050L | UnknownOS | chrome 64.0 for android | UnknownScreen,Energy X 2 Build/E050L,,chrome 64.0 for android,,mobile
iOS Device | iOS 10.1.1 | mobile safari generic | 2208x1242,iOS Device,iOS 10.1.1,mobile safari generic,2208x1242,mobile
C6906 Build/14.6.A.1.236 | UnknownOS | chrome 64.0 for android | UnknownScreen,C6906 Build/14.6.A.1.236,,chrome 64.0 for android,,mobile
LG-H650 Build/MRA58K | UnknownOS | chrome 64.0 for android | UnknownScreen,LG-H650 Build/MRA58K,,chrome 64.0 for android,,mobile
Nexus 5 Build/M4B30Z | UnknownOS | chrome 64.0 for android | UnknownScreen,Nexus 5 Build/M4B30Z,,chrome 64.0 for android,,mobile
Windows | Windows 10 | chrome 64.0 | 1280x1025,Windows,Windows 10,chrome 64.0,1280x1025,desktop
SM-J110M Build/LMY48B | UnknownOS | chrome 64.0 for android | UnknownScreen,SM-J110M Build/LMY48B,,chrome 64.0 for android,,mobile
Hisense F20 Build/MMB29M | UnknownOS | chrome 64.0 for android | UnknownScreen,Hisense F20 Build/MMB29M,,chrome 64.0 for android,,mobile
Hisense F102 Build/NRD90M | UnknownOS | chrome 64.0 for android | UnknownScreen,Hisense F102 Build/NRD90M,,chrome 64.0 for android,,mobile
E5606 | UnknownOS | chrome 64.0 for android | UnknownScreen,E5606,,chrome 64.0 for android,,mobile
Moto | UnknownOS | chrome generic | UnknownScreen,Moto,,chrome generic,,mobile
Moto G Play Build/NPI26.48-36 | UnknownOS | chrome 64.0 for android | UnknownScreen,Moto G Play Build/NPI26.48-36,,chrome 64.0 for android,,mobile
Lenovo TB3-710I Build/LMY47I | UnknownOS | chrome 46.0 for android | UnknownScreen,Lenovo TB3-710I Build/LMY47I,,chrome 46.0 for android,,mobile
5017A | UnknownOS | chrome 64.0 for android | UnknownScreen,5017A,,chrome 64.0 for android,,mobile
HTC One A9s Build/MRA58K | UnknownOS | chrome 64.0 for android | UnknownScreen,HTC One A9s Build/MRA58K,,chrome 64.0 for android,,mobile
SM-A720F Build/NRD90M | UnknownOS | chrome 64.0 for android | UnknownScreen,SM-A720F Build/NRD90M,,chrome 64.0 for android,,mobile
rv:58.0 | Mac OS X 10.12 | firefox 58.0 | 1440x900,rv:58.0,Mac OS X 10.12,firefox 58.0,1440x900,desktop
Moto G Play Build/NPIS26.48-36-2 | UnknownOS | chrome 64.0 for android | UnknownScreen,Moto G Play Build/NPIS26.48-36-2,,chrome 64.0 for android,,mobile
SM-G532M Build/MMB29T | UnknownOS | chrome 50.0 for android | UnknownScreen,SM-G532M Build/MMB29T,,chrome 50.0 for android,,mobile
Windows | Windows 10 | chrome 64.0 | 3840x2160,Windows,Windows 10,chrome 64.0,3840x2160,desktop
SM-J105B Build/LMY47V | UnknownOS | chrome 59.0 for android | UnknownScreen,SM-J105B Build/LMY47V,,chrome 59.0 for android,,mobile
SM-T710 Build/NRD90M | UnknownOS | chrome 64.0 for android | UnknownScreen,SM-T710 Build/NRD90M,,chrome 64.0 for android,,mobile
Vivo | UnknownOS | chrome 64.0 for android | UnknownScreen,Vivo,,chrome 64.0 for android,,mobile
Blade V6 Build/LRX22G | UnknownOS | chrome 64.0 for android | UnknownScreen,Blade V6 Build/LRX22G,,chrome 64.0 for android,,mobile
Windows | Windows 7 | chrome 64.0 | UnknownScreen,Windows,Windows 7,chrome 64.0,,desktop
SM-J500M Build/LMY48B | UnknownOS | android browser 4.0 | UnknownScreen,SM-J500M Build/LMY48B,,android browser 4.0,,mobile
SM-J500M Build/MMB29M | UnknownOS | chrome 64.0 for android | UnknownScreen,SM-J500M Build/MMB29M,,chrome 64.0 for android,,mobile
E2306 Build/26.1.A.3.111 | UnknownOS | chrome 64.0 for android | UnknownScreen,E2306 Build/26.1.A.3.111,,chrome 64.0 for android,,mobile
XT1064 Build/MPB24.65-34-3 | UnknownOS | chrome 61.0 for android | UnknownScreen,XT1064 Build/MPB24.65-34-3,,chrome 61.0 for android,,mobile
ALCATEL ONE TOUCH 5036A Build/JDQ39 | UnknownOS | chrome 63.0 for android | UnknownScreen,ALCATEL ONE TOUCH 5036A Build/JDQ39,,chrome 63.0 for android,,mobile
CAM-L03 Build/HUAWEICAM-L03 | UnknownOS | chrome 64.0 for android | UnknownScreen,CAM-L03 Build/HUAWEICAM-L03,,chrome 64.0 for android,,mobile
rv:43.0 | UnknownOS | firefox | UnknownScreen,rv:43.0,,firefox,,desktop
TA-1038 Build/NMF26O | UnknownOS | chrome 64.0 for android | UnknownScreen,TA-1038 Build/NMF26O,,chrome 64.0 for android,,mobile
iOS Device | iOS 10.3.1 | mobile safari generic | 2208x1242,iOS Device,iOS 10.3.1,mobile safari generic,2208x1242,mobile
HTCD160LVWPP | UnknownOS | chrome 64.0 for android | UnknownScreen,HTCD160LVWPP,,chrome 64.0 for android,,mobile
HUAWEI VNS-L23 Build/HUAWEIVNS-L23 | UnknownOS | chrome 64.0 for android | UnknownScreen,HUAWEI VNS-L23 Build/HUAWEIVNS-L23,,chrome 64.0 for android,,mobile
UnknownDevice | UnknownOS | firefox 58.0 | UnknownScreen,,,firefox 58.0,,desktop
Lenovo TB3-710F Build/LRX21M | UnknownOS | chrome 55.0 for android | UnknownScreen,Lenovo TB3-710F Build/LRX21M,,chrome 55.0 for android,,mobile
XT1650 Build/NPLS26.118-20-5-11 | UnknownOS | chrome 64.0 for android | UnknownScreen,XT1650 Build/NPLS26.118-20-5-11,,chrome 64.0 for android,,mobile
Blade A460 Build/LMY47O | UnknownOS | chrome 64.0 for android | UnknownScreen,Blade A460 Build/LMY47O,,chrome 64.0 for android,,mobile
Hisense L675 Build/MRA58K | UnknownOS | chrome 64.0 for android | UnknownScreen,Hisense L675 Build/MRA58K,,chrome 64.0 for android,,mobile
Windows | Windows 7 | chrome 64.0 | 1440x900,Windows,Windows 7,chrome 64.0,1440x900,desktop
5015A Build/LMY47I | UnknownOS | chrome 64.0 for android | UnknownScreen,5015A Build/LMY47I,,chrome 64.0 for android,,mobile
Moto G (4) Build/NPJ25.93-14.7 | UnknownOS | samsung browser 6.2 | UnknownScreen,Moto G (4) Build/NPJ25.93-14.7,,samsung browser 6.2,,mobile
SM-J700M Build/LMY48B | UnknownOS | chrome 64.0 for android | UnknownScreen,SM-J700M Build/LMY48B,,chrome 64.0 for android,,mobile
4047A Build/NRD90M | UnknownOS | chrome 56.0 for android | UnknownScreen,4047A Build/NRD90M,,chrome 56.0 for android,,mobile
F8331 Build/41.2.A.7.76 | UnknownOS | chrome 64.0 for android | UnknownScreen,F8331 Build/41.2.A.7.76,,chrome 64.0 for android,,mobile
SM-G532M Build/MMB29T | UnknownOS | chrome 64.0 for android | UnknownScreen,SM-G532M Build/MMB29T,,chrome 64.0 for android,,mobile
SM-G900M Build/LRX21T | UnknownOS | chrome 64.0 for android | UnknownScreen,SM-G900M Build/LRX21T,,chrome 64.0 for android,,mobile
F5121 Build/34.3.A.0.238 | UnknownOS | chrome 64.0 for android | UnknownScreen,F5121 Build/34.3.A.0.238,,chrome 64.0 for android,,mobile
orbis | UnknownOS | chrome 64.0 for android | UnknownScreen,orbis,,chrome 64.0 for android,,mobile
E6553 | UnknownOS | chrome 64.0 for android | UnknownScreen,E6553,,chrome 64.0 for android,,mobile
LG-D693n Build/LRX22G | UnknownOS | chrome 57.0 for android | UnknownScreen,LG-D693n Build/LRX22G,,chrome 57.0 for android,,mobile
SM-G550T1 Build/MMB29K | UnknownOS | chrome 64.0 for android | UnknownScreen,SM-G550T1 Build/MMB29K,,chrome 64.0 for android,,mobile
Hisense F20 Build/MMB29M | UnknownOS | chrome 59.0 for android | UnknownScreen,Hisense F20 Build/MMB29M,,chrome 59.0 for android,,mobile
Blade V580 Build/LMY47D | UnknownOS | chrome 58.0 for android | UnknownScreen,Blade V580 Build/LMY47D,,chrome 58.0 for android,,mobile
Windows | Windows 8.1 | ie 11.0 for desktop | 1366x768,Windows,Windows 8.1,ie 11.0 for desktop,1366x768,desktop
SM-G355M Build/KOT49H | UnknownOS | chrome 64.0 for android | UnknownScreen,SM-G355M Build/KOT49H,,chrome 64.0 for android,,mobile
5011A Build/NRD90M | UnknownOS | chrome 64.0 for android | UnknownScreen,5011A Build/NRD90M,,chrome 64.0 for android,,mobile
SM-N950F Build/NMF26X | UnknownOS | chrome 59.0 for android | UnknownScreen,SM-N950F Build/NMF26X,,chrome 59.0 for android,,mobile
Windows | Windows 10 | chrome 64.0 | 2560x1080,Windows,Windows 10,chrome 64.0,2560x1080,desktop
HUAWEI G7-L03 Build/HuaweiG7-L03 | UnknownOS | chrome 64.0 for android | UnknownScreen,HUAWEI G7-L03 Build/HuaweiG7-L03,,chrome 64.0 for android,,mobile
UnknownDevice | UnknownOS | safari generic | 2048x1536,,,safari generic,2048x1536,desktop
ALUMINI | UnknownOS | chrome 43.0 for android | UnknownScreen,ALUMINI,,chrome 43.0 for android,,mobile
SGH-I337M | UnknownOS | chrome 64.0 for android | UnknownScreen,SGH-I337M,,chrome 64.0 for android,,mobile
ALP-L09 Build/HUAWEIALP-L09 | UnknownOS | samsung browser 6.2 | UnknownScreen,ALP-L09 Build/HUAWEIALP-L09,,samsung browser 6.2,,mobile
SM-J701M Build/NRD90M | UnknownOS | chrome 64.0 for android | UnknownScreen,SM-J701M Build/NRD90M,,chrome 64.0 for android,,mobile
SM-G928V Build/MMB29K | UnknownOS | chrome 64.0 for android | UnknownScreen,SM-G928V Build/MMB29K,,chrome 64.0 for android,,mobile
9008A Build/NRD90M | UnknownOS | chrome 55.0 for android | UnknownScreen,9008A Build/NRD90M,,chrome 55.0 for android,,mobile
SM-G531H Build/LMY48B | UnknownOS | chrome 46.0 for android | UnknownScreen,SM-G531H Build/LMY48B,,chrome 46.0 for android,,mobile
XT1580 | UnknownOS | chrome 64.0 for android | UnknownScreen,XT1580,,chrome 64.0 for android,,mobile
XT1635-02 Build/NPN26.118-22-2 | UnknownOS | chrome 64.0 for android | UnknownScreen,XT1635-02 Build/NPN26.118-22-2,,chrome 64.0 for android,,mobile
XT1064 Build/MPB24.65-34-3 | UnknownOS | chrome 64.0 for android | UnknownScreen,XT1064 Build/MPB24.65-34-3,,chrome 64.0 for android,,mobile
LG-M710 Build/NRD90U | UnknownOS | chrome 64.0 for android | UnknownScreen,LG-M710 Build/NRD90U,,chrome 64.0 for android,,mobile
LG-K200 Build/MXB48T | UnknownOS | chrome 64.0 for android | UnknownScreen,LG-K200 Build/MXB48T,,chrome 64.0 for android,,mobile
rv:59.0 | UnknownOS | firefox | UnknownScreen,rv:59.0,,firefox,,desktop
BLU STUDIO C 5+5 Build/LRX21M | UnknownOS | chrome 64.0 for android | UnknownScreen,BLU STUDIO C 5+5 Build/LRX21M,,chrome 64.0 for android,,mobile
LG-H500 Build/LRX21Y | UnknownOS | chrome 60.0 for android | UnknownScreen,LG-H500 Build/LRX21Y,,chrome 60.0 for android,,mobile
iOS Device | iOS 11.2.5 | mobile safari generic | 1334x750,iOS Device,iOS 11.2.5,mobile safari generic,1334x750,mobile
G3313 | UnknownOS | chrome 63.0 for android | UnknownScreen,G3313,,chrome 63.0 for android,,mobile
LG-X230 Build/MRA58K | UnknownOS | chrome 56.0 for android | UnknownScreen,LG-X230 Build/MRA58K,,chrome 56.0 for android,,mobile
M4 | UnknownOS | chrome 64.0 for android | UnknownScreen,M4,,chrome 64.0 for android,,mobile
LG-M250 Build/NRD90U | UnknownOS | chrome 64.0 for android | UnknownScreen,LG-M250 Build/NRD90U,,chrome 64.0 for android,,mobile
SM-G550T Build/MMB29K | Android 6.0.1 | chrome 64.0 for android | 1280x720,SM-G550T Build/MMB29K,Android 6.0.1,chrome 64.0 for android,1280x720,mobile
LG-H520 | UnknownOS | chrome 64.0 for android | UnknownScreen,LG-H520,,chrome 64.0 for android,,mobile
SM-A510M Build/MMB29K | UnknownOS | chrome 64.0 for android | UnknownScreen,SM-A510M Build/MMB29K,,chrome 64.0 for android,,mobile
SAMSUNG-SM-G920A Build/NRD90M | Android 7.0 | chrome 64.0 for android | 2560x1440,SAMSUNG-SM-G920A Build/NRD90M,Android 7.0,chrome 64.0 for android,2560x1440,mobile
Hisense T963 Build/MRA58K | UnknownOS | chrome 64.0 for android | UnknownScreen,Hisense T963 Build/MRA58K,,chrome 64.0 for android,,mobile
SM-J200H | UnknownOS | chrome 63.0 for android | UnknownScreen,SM-J200H,,chrome 63.0 for android,,mobile
Android | UnknownOS | UnknownBrowser | UnknownScreen,Android,,,,mobile
Mi | UnknownOS | chrome 64.0 for android | UnknownScreen,Mi,,chrome 64.0 for android,,mobile
XT1053 Build/LPAS23.12-21.7-1 | UnknownOS | chrome 64.0 for android | UnknownScreen,XT1053 Build/LPAS23.12-21.7-1,,chrome 64.0 for android,,mobile
LOGIC | UnknownOS | android webview 4.0 | UnknownScreen,LOGIC,,android webview 4.0,,mobile
SAMSUNG-SM-J320AZ | UnknownOS | chrome 64.0 for android | UnknownScreen,SAMSUNG-SM-J320AZ,,chrome 64.0 for android,,mobile
Z981 Build/MMB29M | UnknownOS | chrome 64.0 for android | UnknownScreen,Z981 Build/MMB29M,,chrome 64.0 for android,,mobile
es-us | UnknownOS | android browser 4.0 | UnknownScreen,es-us,,android browser 4.0,,mobile
Windows | Windows 10 | chrome 64.0 | 1366x768,Windows,Windows 10,chrome 64.0,1366x768,desktop
SM-G610M Build/NRD90M | UnknownOS | chrome 64.0 for android | UnknownScreen,SM-G610M Build/NRD90M,,chrome 64.0 for android,,mobile
Lenovo | UnknownOS | chrome 64.0 for android | UnknownScreen,Lenovo,,chrome 64.0 for android,,mobile
GT-I9060M Build/KTU84P | UnknownOS | chrome 64.0 for android | UnknownScreen,GT-I9060M Build/KTU84P,,chrome 64.0 for android,,mobile
SM-J120H Build/LMY47V | UnknownOS | chrome 64.0 for android | UnknownScreen,SM-J120H Build/LMY47V,,chrome 64.0 for android,,mobile
SAMSUNG SM-G935A Build/NRD90M | UnknownOS | samsung browser 6.2 | UnknownScreen,SAMSUNG SM-G935A Build/NRD90M,,samsung browser 6.2,,mobile
AERIAL | UnknownOS | chrome 64.0 for android | UnknownScreen,AERIAL,,chrome 64.0 for android,,mobile
Windows | Windows 7 | chrome 64.0 | 1600x900,Windows,Windows 7,chrome 64.0,1600x900,desktop
rv:58.0 | Windows 8.1 | firefox 58.0 | 1366x768,rv:58.0,Windows 8.1,firefox 58.0,1366x768,desktop
LG-H840 Build/NRD90U | UnknownOS | chrome 64.0 for android | UnknownScreen,LG-H840 Build/NRD90U,,chrome 64.0 for android,,mobile
S70V | UnknownOS | chrome generic | UnknownScreen,S70V,,chrome generic,,desktop
Linux | UnknownOS | chromium | UnknownScreen,Linux,,chromium,,desktop
8062 Build/MRA58K | UnknownOS | chrome 64.0 for android | UnknownScreen,8062 Build/MRA58K,,chrome 64.0 for android,,mobile
SM-G928V | UnknownOS | chrome 64.0 for android | UnknownScreen,SM-G928V,,chrome 64.0 for android,,mobile
MacOS | Mac OS X 10_13_3 | chrome 64.0 | 2560x1600,MacOS,Mac OS X 10_13_3,chrome 64.0,2560x1600,desktop
Moto E (4) Build/NMA26.42-11-3 | UnknownOS | chrome generic | UnknownScreen,Moto E (4) Build/NMA26.42-11-3,,chrome generic,,desktop
UnknownDevice | Linux | chrome 64.0 | UnknownScreen,,Linux,chrome 64.0,,desktop
SM-T230 Build/KOT49H | UnknownOS | chrome 64.0 for android | UnknownScreen,SM-T230 Build/KOT49H,,chrome 64.0 for android,,mobile
MacOS | Mac OS X 10_11_6 | chrome 64.0 | 1440x900,MacOS,Mac OS X 10_11_6,chrome 64.0,1440x900,desktop
iris 870 Build/MRA58K | UnknownOS | chrome 64.0 for android | UnknownScreen,iris 870 Build/MRA58K,,chrome 64.0 for android,,mobile
XT1008 Build/LPBS23.13-56-2 | UnknownOS | chrome 63.0 for android | UnknownScreen,XT1008 Build/LPBS23.13-56-2,,chrome 63.0 for android,,mobile
XT1572 Build/NPHS25.200-15-8 | UnknownOS | chrome 64.0 for android | UnknownScreen,XT1572 Build/NPHS25.200-15-8,,chrome 64.0 for android,,mobile
MacOS | Mac OS X 10_12_6 | chrome 64.0 | 2560x1600,MacOS,Mac OS X 10_12_6,chrome 64.0,2560x1600,desktop
SAMSUNG SM-J120H Build/LMY47V | UnknownOS | other | UnknownScreen,SAMSUNG SM-J120H Build/LMY47V,,other,,mobile
iOS Device | iOS 11.2.5 | mobile safari generic | 2048x1536,iOS Device,iOS 11.2.5,mobile safari generic,2048x1536,mobile
Mi A1 Build/N2G47H | UnknownOS | chrome 64.0 for android | UnknownScreen,Mi A1 Build/N2G47H,,chrome 64.0 for android,,mobile
ZTE BLADE V8 MINI Build/NRD90M | UnknownOS | chrome 64.0 for android | UnknownScreen,ZTE BLADE V8 MINI Build/NRD90M,,chrome 64.0 for android,,mobile
TA-1044 | UnknownOS | chrome 64.0 for android | UnknownScreen,TA-1044,,chrome 64.0 for android,,mobile
Y635-L03 Build/HuaweiY635-L03 | UnknownOS | chrome 50.0 for android | UnknownScreen,Y635-L03 Build/HuaweiY635-L03,,chrome 50.0 for android,,mobile
SM-A320Y | UnknownOS | chrome 64.0 for android | UnknownScreen,SM-A320Y,,chrome 64.0 for android,,mobile
LG-M400 Build/NRD90U | UnknownOS | chrome 64.0 for android | UnknownScreen,LG-M400 Build/NRD90U,,chrome 64.0 for android,,mobile
Windows NT 6.1 | UnknownOS | ie | UnknownScreen,Windows NT 6.1,,ie,,desktop
iOS Device | iOS 11.2.5 | mobile safari generic | 1136x640,iOS Device,iOS 11.2.5,mobile safari generic,1136x640,mobile
MacOS | Mac OS X 10_11_6 | safari generic | 2880x1800,MacOS,Mac OS X 10_11_6,safari generic,2880x1800,desktop
SM-S727VL Build/MMB29M | UnknownOS | chrome 64.0 for android | UnknownScreen,SM-S727VL Build/MMB29M,,chrome 64.0 for android,,mobile
SAMSUNG SM-J510MN Build/MMB29M | UnknownOS | other | UnknownScreen,SAMSUNG SM-J510MN Build/MMB29M,,other,,mobile
G8141 | UnknownOS | chrome 64.0 for android | UnknownScreen,G8141,,chrome 64.0 for android,,mobile
SM-A500M Build/KTU84P | UnknownOS | chrome 64.0 for android | UnknownScreen,SM-A500M Build/KTU84P,,chrome 64.0 for android,,mobile
F5121 Build/34.3.A.0.238 | UnknownOS | android webview 4.0 | UnknownScreen,F5121 Build/34.3.A.0.238,,android webview 4.0,,mobile
5012G Build/MRA58K | UnknownOS | chrome 64.0 for android | UnknownScreen,5012G Build/MRA58K,,chrome 64.0 for android,,mobile
TA-1025 Build/NMF26F | UnknownOS | chrome 64.0 for android | UnknownScreen,TA-1025 Build/NMF26F,,chrome 64.0 for android,,mobile
Moto E (4) Plus Build/NMA26.42-11-3 | UnknownOS | chrome generic | UnknownScreen,Moto E (4) Plus Build/NMA26.42-11-3,,chrome generic,,desktop
B3-A40 | UnknownOS | chrome 64.0 for android | UnknownScreen,B3-A40,,chrome 64.0 for android,,mobile
CHC-U03 Build/HuaweiCHC-U03 | UnknownOS | chrome generic | UnknownScreen,CHC-U03 Build/HuaweiCHC-U03,,chrome generic,,desktop
G3223 Build/42.0.A.4.101 | UnknownOS | chrome 64.0 for android | UnknownScreen,G3223 Build/42.0.A.4.101,,chrome 64.0 for android,,mobile
XT1063 Build/MPB24.65-34 | UnknownOS | chrome 64.0 for android | UnknownScreen,XT1063 Build/MPB24.65-34,,chrome 64.0 for android,,mobile
SM-T110 Build/JDQ39 | UnknownOS | chrome 64.0 for android | UnknownScreen,SM-T110 Build/JDQ39,,chrome 64.0 for android,,mobile
iOS Device | iOS 11.2.5 | mobile safari generic | 2224x1668,iOS Device,iOS 11.2.5,mobile safari generic,2224x1668,mobile
SAMSUNG SM-N950F Build/NMF26X | UnknownOS | samsung browser generic | UnknownScreen,SAMSUNG SM-N950F Build/NMF26X,,samsung browser generic,,mobile
LG-H870 Build/NRD90U | UnknownOS | chrome 64.0 for android | UnknownScreen,LG-H870 Build/NRD90U,,chrome 64.0 for android,,mobile
LG-D693n | UnknownOS | chrome 64.0 for android | UnknownScreen,LG-D693n,,chrome 64.0 for android,,mobile
SM-G900M Build/LRX21T | UnknownOS | chrome 62.0 for android | UnknownScreen,SM-G900M Build/LRX21T,,chrome 62.0 for android,,mobile
SAMSUNG SM-J701M Build/NRD90M | UnknownOS | samsung browser generic | UnknownScreen,SAMSUNG SM-J701M Build/NRD90M,,samsung browser generic,,mobile
H1711 Build/HUAWEIH1711 | UnknownOS | chrome 64.0 for android | UnknownScreen,H1711 Build/HUAWEIH1711,,chrome 64.0 for android,,mobile
SAMSUNG SM-G930P Build/NRD90M | Android 7.0 | samsung browser generic | 1920x1080,SAMSUNG SM-G930P Build/NRD90M,Android 7.0,samsung browser generic,1920x1080,mobile
GT-S5310L | UnknownOS | chrome 55.0 for android | UnknownScreen,GT-S5310L,,chrome 55.0 for android,,mobile
VS5012 Build/NRD90M | UnknownOS | chrome 64.0 for android | UnknownScreen,VS5012 Build/NRD90M,,chrome 64.0 for android,,mobile
C1904 | UnknownOS | chrome 60.0 for android | UnknownScreen,C1904,,chrome 60.0 for android,,mobile
F3213 Build/36.1.A.1.86 | UnknownOS | chrome 58.0 for android | UnknownScreen,F3213 Build/36.1.A.1.86,,chrome 58.0 for android,,mobile
SAMSUNG SM-G900F Build/MMB29M | UnknownOS | samsung browser 6.2 | UnknownScreen,SAMSUNG SM-G900F Build/MMB29M,,samsung browser 6.2,,mobile
iOS Device | iOS 11.0.3 | mobile safari generic | 1334x750,iOS Device,iOS 11.0.3,mobile safari generic,1334x750,mobile
TA-1028 Build/NMF26O | UnknownOS | chrome 64.0 for android | UnknownScreen,TA-1028 Build/NMF26O,,chrome 64.0 for android,,mobile
MYA-L13 Build/HUAWEIMYA-L13 | UnknownOS | chrome 52.0 for android | UnknownScreen,MYA-L13 Build/HUAWEIMYA-L13,,chrome 52.0 for android,,mobile
SM-A300H Build/LRX22G | UnknownOS | chrome 64.0 for android | UnknownScreen,SM-A300H Build/LRX22G,,chrome 64.0 for android,,mobile
SAMSUNG SM-J327P Build/MMB29M | UnknownOS | samsung browser generic | UnknownScreen,SAMSUNG SM-J327P Build/MMB29M,,samsung browser generic,,mobile
GT-N7100 | UnknownOS | chrome 64.0 for android | UnknownScreen,GT-N7100,,chrome 64.0 for android,,mobile
HTC | UnknownOS | chrome 60.0 for android | UnknownScreen,HTC,,chrome 60.0 for android,,mobile
Windows | Windows 10 | chrome 64.0 | 1280x1024,Windows,Windows 10,chrome 64.0,1280x1024,desktop
SM-G720AX | UnknownOS | chrome 64.0 for android | UnknownScreen,SM-G720AX,,chrome 64.0 for android,,mobile
K10 | UnknownOS | android webview 4.0 | UnknownScreen,K10,,android webview 4.0,,mobile
D2306 Build/18.6.A.0.182 | UnknownOS | android browser 4.0 | UnknownScreen,D2306 Build/18.6.A.0.182,,android browser 4.0,,mobile
UnknownDevice | Android | chrome 64.0 | 855x480,,Android,chrome 64.0,855x480,mobile
HUAWEI VNS-L23 Build/HUAWEIVNS-L23 | UnknownOS | chrome 56.0 for android | UnknownScreen,HUAWEI VNS-L23 Build/HUAWEIVNS-L23,,chrome 56.0 for android,,mobile
UnknownDevice | UnknownOS | mobile safari generic | 2208x1242,,,mobile safari generic,2208x1242,mobile
SM-G925I | UnknownOS | chrome 51.0 for android | UnknownScreen,SM-G925I,,chrome 51.0 for android,,mobile
SAMSUNG SM-G955U Build/NRD90M | Android 7.0 | samsung browser generic | UnknownScreen,SAMSUNG SM-G955U Build/NRD90M,Android 7.0,samsung browser generic,,mobile
MHA-L09 Build/HUAWEIMHA-L09 | UnknownOS | chrome 64.0 for android | UnknownScreen,MHA-L09 Build/HUAWEIMHA-L09,,chrome 64.0 for android,,mobile
Moto Z2 Play Build/NPS26.74-16-1 | UnknownOS | chrome 64.0 for android | UnknownScreen,Moto Z2 Play Build/NPS26.74-16-1,,chrome 64.0 for android,,mobile
Lenovo YT3-850F Build/MMB29M | UnknownOS | chrome 64.0 for android | UnknownScreen,Lenovo YT3-850F Build/MMB29M,,chrome 64.0 for android,,mobile
Blade L5 Build/LMY47I | UnknownOS | chrome 61.0 for android | UnknownScreen,Blade L5 Build/LMY47I,,chrome 61.0 for android,,mobile
PLE-701L | UnknownOS | chrome 62.0 for android | UnknownScreen,PLE-701L,,chrome 62.0 for android,,mobile
UnknownDevice | Android | chrome 63.0 | 2560x1440,,Android,chrome 63.0,2560x1440,mobile
MacOS | Mac OS X 10_12_6 | chrome 64.0 | 5120x2880,MacOS,Mac OS X 10_12_6,chrome 64.0,5120x2880,desktop
Windows | Windows 8.1 | chrome 64.0 | 1366x768,Windows,Windows 8.1,chrome 64.0,1366x768,desktop
SM-N900W8 Build/LRX21V | UnknownOS | chrome 64.0 for android | UnknownScreen,SM-N900W8 Build/LRX21V,,chrome 64.0 for android,,mobile
SAMSUNG SM-J700T1 Build/NMF26X | Android 7.1.1 | samsung browser generic | 1280x720,SAMSUNG SM-J700T1 Build/NMF26X,Android 7.1.1,samsung browser generic,1280x720,mobile
LIMIT | UnknownOS | chrome 64.0 for android | UnknownScreen,LIMIT,,chrome 64.0 for android,,mobile
Windows | Windows 10 | chrome 64.0 | 1600x900,Windows,Windows 10,chrome 64.0,1600x900,desktop
Windows | Windows 7 | chrome 64.0 | 1920x1080,Windows,Windows 7,chrome 64.0,1920x1080,desktop
LG-D320 Build/KOT49I.V10a | UnknownOS | chrome generic | UnknownScreen,LG-D320 Build/KOT49I.V10a,,chrome generic,,desktop
iOS Device | iOS 11.2.6 | mobile safari generic | 1334x750,iOS Device,iOS 11.2.6,mobile safari generic,1334x750,mobile
iris702 | UnknownOS | chrome 63.0 for android | UnknownScreen,iris702,,chrome 63.0 for android,,mobile
SM-J730GM Build/NRD90M | UnknownOS | chrome 58.0 for android | UnknownScreen,SM-J730GM Build/NRD90M,,chrome 58.0 for android,,mobile
iOS Device | iOS 11.2.6 | mobile safari generic | 2208x1242,iOS Device,iOS 11.2.6,mobile safari generic,2208x1242,mobile
Windows | Windows 8.1 | chrome 63.0 | 3840x1080,Windows,Windows 8.1,chrome 63.0,3840x1080,desktop
LG-K220 Build/MXB48T | UnknownOS | chrome 64.0 for android | UnknownScreen,LG-K220 Build/MXB48T,,chrome 64.0 for android,,mobile
SM-G530H Build/KTU84P | UnknownOS | chrome generic | UnknownScreen,SM-G530H Build/KTU84P,,chrome generic,,desktop
MacOS | Mac OS X 10_13_3 | safari generic | 2880x1800,MacOS,Mac OS X 10_13_3,safari generic,2880x1800,desktop
Ilium LT510 Build/MRA58K | UnknownOS | chrome 64.0 for android | UnknownScreen,Ilium LT510 Build/MRA58K,,chrome 64.0 for android,,mobile
5054S Build/LMY47V | UnknownOS | chrome 63.0 for android | UnknownScreen,5054S Build/LMY47V,,chrome 63.0 for android,,mobile
M4 SS4450 Build/MRA58K | UnknownOS | chrome 58.0 for android | UnknownScreen,M4 SS4450 Build/MRA58K,,chrome 58.0 for android,,mobile
SM-T713 Build/NRD90M | UnknownOS | chrome 64.0 for android | UnknownScreen,SM-T713 Build/NRD90M,,chrome 64.0 for android,,mobile
rv:39.0 | UnknownOS | firefox | UnknownScreen,rv:39.0,,firefox,,desktop
LG-X165g Build/LRX21M | UnknownOS | chrome 64.0 for android | UnknownScreen,LG-X165g Build/LRX21M,,chrome 64.0 for android,,mobile
NX16A8116KP | Android 7.1.1 | chrome 64.0 for android | 1280x800,NX16A8116KP,Android 7.1.1,chrome 64.0 for android,1280x800,mobile
SAMSUNG SM-J500M Build/MMB29M | UnknownOS | samsung browser 4.0 | UnknownScreen,SAMSUNG SM-J500M Build/MMB29M,,samsung browser 4.0,,mobile
SM-E500M | UnknownOS | chrome 64.0 for android | UnknownScreen,SM-E500M,,chrome 64.0 for android,,mobile
Lenovo PB2-650Y Build/MRA58K | UnknownOS | chrome 64.0 for android | UnknownScreen,Lenovo PB2-650Y Build/MRA58K,,chrome 64.0 for android,,mobile
MotoG3-TE Build/MPDS24.65-33-1-30 | UnknownOS | chrome 64.0 for android | UnknownScreen,MotoG3-TE Build/MPDS24.65-33-1-30,,chrome 64.0 for android,,mobile
SAMSUNG SM-T710 Build/NRD90M | UnknownOS | samsung browser generic | UnknownScreen,SAMSUNG SM-T710 Build/NRD90M,,samsung browser generic,,mobile
UnknownDevice | Android | chrome 64.0 | 1280x720,,Android,chrome 64.0,1280x720,mobile
HTC Desire 626s Build/LMY47O | UnknownOS | chrome 64.0 for android | UnknownScreen,HTC Desire 626s Build/LMY47O,,chrome 64.0 for android,,mobile
0PM92 | UnknownOS | chrome 64.0 for android | UnknownScreen,0PM92,,chrome 64.0 for android,,mobile
SM-A500M Build/LRX22G | UnknownOS | chrome 64.0 for android | UnknownScreen,SM-A500M Build/LRX22G,,chrome 64.0 for android,,mobile
SAMSUNG SM-A730F Build/NMF26X | UnknownOS | samsung browser generic | UnknownScreen,SAMSUNG SM-A730F Build/NMF26X,,samsung browser generic,,mobile
SM-J730G Build/NRD90M | UnknownOS | chrome 64.0 for android | UnknownScreen,SM-J730G Build/NRD90M,,chrome 64.0 for android,,mobile
VTR-L09 Build/HUAWEIVTR-L09 | UnknownOS | chrome 64.0 for android | UnknownScreen,VTR-L09 Build/HUAWEIVTR-L09,,chrome 64.0 for android,,mobile
VTR-L09 Build/HUAWEIVTR-L09 | UnknownOS | chrome 63.0 for android | UnknownScreen,VTR-L09 Build/HUAWEIVTR-L09,,chrome 63.0 for android,,mobile
F3313 Build/37.0.A.2.248 | UnknownOS | chrome 64.0 for android | UnknownScreen,F3313 Build/37.0.A.2.248,,chrome 64.0 for android,,mobile
SAMSUNG SM-G950F Build/NRD90M | UnknownOS | samsung browser generic | UnknownScreen,SAMSUNG SM-G950F Build/NRD90M,,samsung browser generic,,mobile
Lenovo | UnknownOS | other | UnknownScreen,Lenovo,,other,,mobile
LG-H320 Build/LRX21Y | UnknownOS | chrome 64.0 for android | UnknownScreen,LG-H320 Build/LRX21Y,,chrome 64.0 for android,,mobile
SM-E500M Build/KTU84P | UnknownOS | chrome 64.0 for android | UnknownScreen,SM-E500M Build/KTU84P,,chrome 64.0 for android,,mobile
F8331 | UnknownOS | chrome 64.0 for android | UnknownScreen,F8331,,chrome 64.0 for android,,mobile
SAMSUNG SM-T810 Build/NRD90M | UnknownOS | samsung browser generic | UnknownScreen,SAMSUNG SM-T810 Build/NRD90M,,samsung browser generic,,mobile
MacOS | Mac OS X 10_13_1 | chrome 64.0 | 2560x1600,MacOS,Mac OS X 10_13_1,chrome 64.0,2560x1600,desktop
Moto G (4) Build/NPJ25.93-14.7 | UnknownOS | samsung browser generic | UnknownScreen,Moto G (4) Build/NPJ25.93-14.7,,samsung browser generic,,mobile
LG-D693n Build/LRX22G | UnknownOS | chrome 50.0 for android | UnknownScreen,LG-D693n Build/LRX22G,,chrome 50.0 for android,,mobile
TA-1044 Build/OPR1.170623.026 | UnknownOS | UnknownBrowser | UnknownScreen,TA-1044 Build/OPR1.170623.026,,,,mobile
LG-X220 Build/LMY47I | UnknownOS | chrome 64.0 for android | UnknownScreen,LG-X220 Build/LMY47I,,chrome 64.0 for android,,mobile
ALCATEL | UnknownOS | chrome 64.0 for android | UnknownScreen,ALCATEL,,chrome 64.0 for android,,mobile
Windows | Windows 7 | firefox 58.0 | 1366x768,Windows,Windows 7,firefox 58.0,1366x768,desktop
BLU ENERGY X PLUS Build/LRX21M | UnknownOS | chrome 64.0 for android | UnknownScreen,BLU ENERGY X PLUS Build/LRX21M,,chrome 64.0 for android,,mobile
SM-A510M Build/LMY47X | UnknownOS | chrome 64.0 for android | UnknownScreen,SM-A510M Build/LMY47X,,chrome 64.0 for android,,mobile
SAMSUNG SM-G935F Build/NRD90M | UnknownOS | samsung browser generic | UnknownScreen,SAMSUNG SM-G935F Build/NRD90M,,samsung browser generic,,mobile
LG-K240 Build/MXB48T | UnknownOS | chrome 64.0 for android | UnknownScreen,LG-K240 Build/MXB48T,,chrome 64.0 for android,,mobile
Windows | Windows 10 | chrome 64.0 | 1680x1050,Windows,Windows 10,chrome 64.0,1680x1050,desktop
LG-D331 | UnknownOS | chrome 64.0 for android | UnknownScreen,LG-D331,,chrome 64.0 for android,,mobile
GT-S7275B | UnknownOS | chrome 64.0 for android | UnknownScreen,GT-S7275B,,chrome 64.0 for android,,mobile
SM-G531H Build/LMY48B | UnknownOS | chrome 50.0 for android | UnknownScreen,SM-G531H Build/LMY48B,,chrome 50.0 for android,,mobile
MacOS | Mac OS X 10_13_3 | safari generic | 4096x2304,MacOS,Mac OS X 10_13_3,safari generic,4096x2304,desktop
Minion_Tab | UnknownOS | Inco/Minion | UnknownScreen,Minion_Tab,,Inco/Minion,,mobile
Tmovi Build/Vision | UnknownOS | chrome 64.0 for android | UnknownScreen,Tmovi Build/Vision,,chrome 64.0 for android,,mobile
HUAWEI CUN-L03 Build/HUAWEICUN-L03 | UnknownOS | chrome 64.0 for android | UnknownScreen,HUAWEI CUN-L03 Build/HUAWEICUN-L03,,chrome 64.0 for android,,mobile
E5506 Build/29.1.A.0.101 | UnknownOS | chrome 64.0 for android | UnknownScreen,E5506 Build/29.1.A.0.101,,chrome 64.0 for android,,mobile
LG-X165g Build/LRX21M | UnknownOS | chrome 52.0 for android | UnknownScreen,LG-X165g Build/LRX21M,,chrome 52.0 for android,,mobile
LG-K530 Build/MMB29M | UnknownOS | chrome 64.0 for android | UnknownScreen,LG-K530 Build/MMB29M,,chrome 64.0 for android,,mobile
LGMS428 | UnknownOS | chrome 64.0 for android | UnknownScreen,LGMS428,,chrome 64.0 for android,,mobile
7055A Build/KVT49L | UnknownOS | chrome 64.0 for android | UnknownScreen,7055A Build/KVT49L,,chrome 64.0 for android,,mobile
SAMSUNG SM-J700M Build/MMB29K | UnknownOS | samsung browser generic | UnknownScreen,SAMSUNG SM-J700M Build/MMB29K,,samsung browser generic,,mobile
XT1032 Build/LPBS23.13-56-2 | UnknownOS | chrome 64.0 for android | UnknownScreen,XT1032 Build/LPBS23.13-56-2,,chrome 64.0 for android,,mobile
Ilium LT520 Build/NRD90M | UnknownOS | chrome 56.0 for android | UnknownScreen,Ilium LT520 Build/NRD90M,,chrome 56.0 for android,,mobile
SAMSUNG SM-G955F Build/NRD90M | UnknownOS | samsung browser generic | UnknownScreen,SAMSUNG SM-G955F Build/NRD90M,,samsung browser generic,,mobile
E5306 Build/27.3.A.0.165 | UnknownOS | chrome 64.0 for android | UnknownScreen,E5306 Build/27.3.A.0.165,,chrome 64.0 for android,,mobile
SM-P350 Build/MMB29M | UnknownOS | chrome 64.0 for android | UnknownScreen,SM-P350 Build/MMB29M,,chrome 64.0 for android,,mobile
E5606 Build/30.2.A.1.21 | UnknownOS | chrome 64.0 for android | UnknownScreen,E5606 Build/30.2.A.1.21,,chrome 64.0 for android,,mobile
SM-A530F Build/NMF26X | UnknownOS | chrome 64.0 for android | UnknownScreen,SM-A530F Build/NMF26X,,chrome 64.0 for android,,mobile
LG-D680 Build/KOT49I | UnknownOS | chrome 62.0 for android | UnknownScreen,LG-D680 Build/KOT49I,,chrome 62.0 for android,,mobile
SAMSUNG SM-A320Y Build/NRD90M | UnknownOS | samsung browser generic | UnknownScreen,SAMSUNG SM-A320Y Build/NRD90M,,samsung browser generic,,mobile
SM-G955U Build/NRD90M | Android 7.0 | chrome 64.0 for android | UnknownScreen,SM-G955U Build/NRD90M,Android 7.0,chrome 64.0 for android,,mobile
XT1008 Build/LPBS23.13-56-2 | UnknownOS | chrome 64.0 for android | UnknownScreen,XT1008 Build/LPBS23.13-56-2,,chrome 64.0 for android,,mobile
F5321 Build/34.3.A.0.238 | UnknownOS | chrome 61.0 for android | UnknownScreen,F5321 Build/34.3.A.0.238,,chrome 61.0 for android,,mobile
SAMSUNG SM-G610M Build/MMB29K | UnknownOS | samsung browser generic | UnknownScreen,SAMSUNG SM-G610M Build/MMB29K,,samsung browser generic,,mobile
Moto G Play Build/MPIS24.241-15.3-7 | UnknownOS | android webview 4.0 | UnknownScreen,Moto G Play Build/MPIS24.241-15.3-7,,android webview 4.0,,mobile
LG-X240 Build/MRA58K | UnknownOS | chrome 64.0 for android | UnknownScreen,LG-X240 Build/MRA58K,,chrome 64.0 for android,,mobile
Ilium X220 Build/MRA58K | UnknownOS | chrome 64.0 for android | UnknownScreen,Ilium X220 Build/MRA58K,,chrome 64.0 for android,,mobile
ALCATEL ONE TOUCH 5036A Build/JDQ39 | UnknownOS | chrome 52.0 for android | UnknownScreen,ALCATEL ONE TOUCH 5036A Build/JDQ39,,chrome 52.0 for android,,mobile
E2306 Build/26.3.A.1.33 | UnknownOS | chrome 64.0 for android | UnknownScreen,E2306 Build/26.3.A.1.33,,chrome 64.0 for android,,mobile
SM-G935F Build/NRD90M | UnknownOS | chrome 61.0 for android | UnknownScreen,SM-G935F Build/NRD90M,,chrome 61.0 for android,,mobile
SM-G925I Build/NRD90M | UnknownOS | chrome 64.0 for android | UnknownScreen,SM-G925I Build/NRD90M,,chrome 64.0 for android,,mobile
M4 SS4456 Build/LMY47V | UnknownOS | chrome 64.0 for android | UnknownScreen,M4 SS4456 Build/LMY47V,,chrome 64.0 for android,,mobile
LG-K200 Build/MXB48T | UnknownOS | chrome generic for android | UnknownScreen,LG-K200 Build/MXB48T,,chrome generic for android,,mobile
MacOS | Mac OS X 10_13_3 | safari generic | 3840x2160,MacOS,Mac OS X 10_13_3,safari generic,3840x2160,desktop
iOS Device | iOS 11.2.6 | mobile safari generic | 2436x1125,iOS Device,iOS 11.2.6,mobile safari generic,2436x1125,mobile
D5316 Build/19.4.A.0.182 | UnknownOS | chrome 64.0 for android | UnknownScreen,D5316 Build/19.4.A.0.182,,chrome 64.0 for android,,mobile
SAMSUNG SM-G610M Build/NRD90M | UnknownOS | samsung browser generic | UnknownScreen,SAMSUNG SM-G610M Build/NRD90M,,samsung browser generic,,mobile
SM-N900T Build/LRX21V | UnknownOS | chrome 64.0 for android | UnknownScreen,SM-N900T Build/LRX21V,,chrome 64.0 for android,,mobile
Windows | Windows 7 | UnknownBrowser | 1440x900,Windows,Windows 7,,1440x900,desktop
SM-G610M Build/MMB29K | UnknownOS | chrome 55.0 for android | UnknownScreen,SM-G610M Build/MMB29K,,chrome 55.0 for android,,mobile
SAMSUNG | UnknownOS | samsung browser generic | UnknownScreen,SAMSUNG,,samsung browser generic,,mobile
LG-H631 | UnknownOS | chrome 64.0 for android | UnknownScreen,LG-H631,,chrome 64.0 for android,,mobile
M4 | UnknownOS | chrome | UnknownScreen,M4,,chrome,,mobile
SM-J710MN Build/MMB29K | UnknownOS | chrome generic for android | UnknownScreen,SM-J710MN Build/MMB29K,,chrome generic for android,,mobile
SM-G935F Build/NRD90M | UnknownOS | chrome generic for android | UnknownScreen,SM-G935F Build/NRD90M,,chrome generic for android,,mobile
iOS Device | iOS 9.3.5 | mobile safari generic | 2048x1536,iOS Device,iOS 9.3.5,mobile safari generic,2048x1536,mobile
8050G Build/LMY47I | UnknownOS | chrome 56.0 for android | UnknownScreen,8050G Build/LMY47I,,chrome 56.0 for android,,mobile
A97 | UnknownOS | chrome 64.0 for android | UnknownScreen,A97,,chrome 64.0 for android,,mobile
SM-J727T1 Build/NRD90M | UnknownOS | chrome 64.0 for android | UnknownScreen,SM-J727T1 Build/NRD90M,,chrome 64.0 for android,,mobile
MacOS | Mac OS X 10_13_3 | chrome 64.0 | 2880x1800,MacOS,Mac OS X 10_13_3,chrome 64.0,2880x1800,desktop
Moto C Build/NRD90M.063 | UnknownOS | android webview 4.0 | UnknownScreen,Moto C Build/NRD90M.063,,android webview 4.0,,mobile
MacOS | Mac OS X 10_13_3 | safari generic | 3360x2100,MacOS,Mac OS X 10_13_3,safari generic,3360x2100,desktop
SM-J111M Build/LMY47V | UnknownOS | chrome 64.0 for android | UnknownScreen,SM-J111M Build/LMY47V,,chrome 64.0 for android,,mobile
Y635-L03 Build/HuaweiY635-L03 | UnknownOS | chrome 63.0 for android | UnknownScreen,Y635-L03 Build/HuaweiY635-L03,,chrome 63.0 for android,,mobile
HTC Desire 10 lifestyle Build/MMB29M | UnknownOS | chrome 64.0 for android | UnknownScreen,HTC Desire 10 lifestyle Build/MMB29M,,chrome 64.0 for android,,mobile
SM-G955F Build/NRD90M | UnknownOS | chrome generic for android | UnknownScreen,SM-G955F Build/NRD90M,,chrome generic for android,,mobile
iOS Device | iOS 11.2.6 | mobile safari generic | 2048x1536,iOS Device,iOS 11.2.6,mobile safari generic,2048x1536,mobile
LG-K240 Build/MXB48T | UnknownOS | chrome generic for android | UnknownScreen,LG-K240 Build/MXB48T,,chrome generic for android,,mobile
Windows | Windows 10 | chrome generic | 1366x768,Windows,Windows 10,chrome generic,1366x768,desktop
SAMSUNG SM-A510M Build/NRD90M | UnknownOS | samsung browser generic | UnknownScreen,SAMSUNG SM-A510M Build/NRD90M,,samsung browser generic,,mobile
SM-A520F Build/NRD90M | UnknownOS | chrome generic for android | UnknownScreen,SM-A520F Build/NRD90M,,chrome generic for android,,mobile
BAC-L03 Build/HUAWEIBAC-L03 | UnknownOS | chrome generic for android | UnknownScreen,BAC-L03 Build/HUAWEIBAC-L03,,chrome generic for android,,mobile
E5606 Build/30.2.A.1.21 | UnknownOS | chrome generic for android | UnknownScreen,E5606 Build/30.2.A.1.21,,chrome generic for android,,mobile
Redmi 4X Build/N2G47H | UnknownOS | chrome 64.0 for android | UnknownScreen,Redmi 4X Build/N2G47H,,chrome 64.0 for android,,mobile
SM-G900M Build/MMB29M | UnknownOS | chrome generic for android | UnknownScreen,SM-G900M Build/MMB29M,,chrome generic for android,,mobile
Alcatel_4060O Build/MMB29M | Android 6.0.1 | chrome 50.0 for android | 855x480,Alcatel_4060O Build/MMB29M,Android 6.0.1,chrome 50.0 for android,855x480,mobile
HTC Desire 650 Build/MMB29M | UnknownOS | chrome generic for android | UnknownScreen,HTC Desire 650 Build/MMB29M,,chrome generic for android,,mobile
LG-K430 Build/MRA58K | UnknownOS | chrome 64.0 for android | UnknownScreen,LG-K430 Build/MRA58K,,chrome 64.0 for android,,mobile
SM-G900M Build/LRX21T | UnknownOS | chrome generic | UnknownScreen,SM-G900M Build/LRX21T,,chrome generic,,desktop
SAMSUNG SM-G950U Build/NRD90M | Android 7.0 | samsung browser generic | 2220x1080,SAMSUNG SM-G950U Build/NRD90M,Android 7.0,samsung browser generic,2220x1080,mobile
TRT-L53 Build/HUAWEITRT-L53 | UnknownOS | chrome generic for android | UnknownScreen,TRT-L53 Build/HUAWEITRT-L53,,chrome generic for android,,mobile
moto x4 Build/OPWS27.57-40-6 | UnknownOS | samsung browser 6.2 | UnknownScreen,moto x4 Build/OPWS27.57-40-6,,samsung browser 6.2,,mobile
MYA-L13 Build/HUAWEIMYA-L13 | UnknownOS | chrome generic for android | UnknownScreen,MYA-L13 Build/HUAWEIMYA-L13,,chrome generic for android,,mobile
P5006A Build/NRD90M | UnknownOS | chrome 56.0 for android | UnknownScreen,P5006A Build/NRD90M,,chrome 56.0 for android,,mobile
ALCATEL ONE TOUCH 7042A Build/JDQ39 | UnknownOS | chrome 64.0 for android | UnknownScreen,ALCATEL ONE TOUCH 7042A Build/JDQ39,,chrome 64.0 for android,,mobile
MacOS | Mac OS X 10_13_3 | chrome generic | 1280x800,MacOS,Mac OS X 10_13_3,chrome generic,1280x800,desktop
Windows | UnknownOS | firefox 52.0 | UnknownScreen,Windows,,firefox 52.0,,desktop
SM-G355M Build/KOT49H | UnknownOS | chrome generic | UnknownScreen,SM-G355M Build/KOT49H,,chrome generic,,desktop
LG-D693n Build/LRX22G | UnknownOS | chrome 64.0 for android | UnknownScreen,LG-D693n Build/LRX22G,,chrome 64.0 for android,,mobile
SM-G928T Build/NRD90M | UnknownOS | chrome 58.0 for android | UnknownScreen,SM-G928T Build/NRD90M,,chrome 58.0 for android,,mobile
iOS Device | iOS 10.2.1 | mobile safari generic | 2208x1242,iOS Device,iOS 10.2.1,mobile safari generic,2208x1242,mobile
rv:58.0 | Mac OS X 10.10 | firefox 58.0 | 1280x800,rv:58.0,Mac OS X 10.10,firefox 58.0,1280x800,desktop
SM-A510M Build/MMB29K | UnknownOS | chrome 62.0 for android | UnknownScreen,SM-A510M Build/MMB29K,,chrome 62.0 for android,,mobile
UnknownDevice | Linux | chrome 64.0 | 1280x720,,Linux,chrome 64.0,1280x720,desktop
SM-G900T Build/MMB29M | UnknownOS | chrome 64.0 for android | UnknownScreen,SM-G900T Build/MMB29M,,chrome 64.0 for android,,mobile
CAM-L03 Build/HUAWEICAM-L03 | UnknownOS | chrome generic for android | UnknownScreen,CAM-L03 Build/HUAWEICAM-L03,,chrome generic for android,,mobile
SM-G925I Build/LMY47X | UnknownOS | chrome generic | UnknownScreen,SM-G925I Build/LMY47X,,chrome generic,,desktop
SM-G925I Build/NRD90M | UnknownOS | chrome generic for android | UnknownScreen,SM-G925I Build/NRD90M,,chrome generic for android,,mobile
M4 SS4453 Build/MMB29M | UnknownOS | chrome generic for android | UnknownScreen,M4 SS4453 Build/MMB29M,,chrome generic for android,,mobile
5080A Build/MRA58K | UnknownOS | chrome generic for android | UnknownScreen,5080A Build/MRA58K,,chrome generic for android,,mobile
LG-H870 Build/NRD90U | UnknownOS | chrome generic for android | UnknownScreen,LG-H870 Build/NRD90U,,chrome generic for android,,mobile
SM-J710MN Build/MMB29K | UnknownOS | chrome 56.0 for android | UnknownScreen,SM-J710MN Build/MMB29K,,chrome 56.0 for android,,mobile
SM-J110M Build/LMY48B | UnknownOS | chrome generic | UnknownScreen,SM-J110M Build/LMY48B,,chrome generic,,desktop
SM-G935F Build/MMB29K | UnknownOS | chrome 64.0 for android | UnknownScreen,SM-G935F Build/MMB29K,,chrome 64.0 for android,,mobile
Moto E (4) Plus Build/NMA26.42-142 | UnknownOS | chrome generic | UnknownScreen,Moto E (4) Plus Build/NMA26.42-142,,chrome generic,,desktop
LG-M320 Build/NRD90U | UnknownOS | chrome 63.0 for android | UnknownScreen,LG-M320 Build/NRD90U,,chrome 63.0 for android,,mobile
SM-J510MN Build/MMB29M | UnknownOS | chrome 56.0 for android | UnknownScreen,SM-J510MN Build/MMB29M,,chrome 56.0 for android,,mobile
ALCATEL ONE TOUCH 7040A Build/JDQ39 | UnknownOS | chrome 64.0 for android | UnknownScreen,ALCATEL ONE TOUCH 7040A Build/JDQ39,,chrome 64.0 for android,,mobile
LG-X165g Build/LRX21M | UnknownOS | chrome 43.0 for android | UnknownScreen,LG-X165g Build/LRX21M,,chrome 43.0 for android,,mobile
UnknownDevice | Linux | chrome generic | 1280x720,,Linux,chrome generic,1280x720,desktop
F80 PIABELLA Build/MRA58K | UnknownOS | chrome generic for android | UnknownScreen,F80 PIABELLA Build/MRA58K,,chrome generic for android,,mobile
SAMSUNG SM-G925I Build/NRD90M | UnknownOS | samsung browser generic | UnknownScreen,SAMSUNG SM-G925I Build/NRD90M,,samsung browser generic,,mobile
rv:45.0 | UnknownOS | firefox | UnknownScreen,rv:45.0,,firefox,,desktop
E5306 Build/27.3.A.0.129 | UnknownOS | chrome generic for android | UnknownScreen,E5306 Build/27.3.A.0.129,,chrome generic for android,,mobile
SAMSUNG SM-J710MN Build/MMB29K | UnknownOS | samsung browser generic | UnknownScreen,SAMSUNG SM-J710MN Build/MMB29K,,samsung browser generic,,mobile
Hisense F23 Build/NRD90M | UnknownOS | chrome 54.0 for android | UnknownScreen,Hisense F23 Build/NRD90M,,chrome 54.0 for android,,mobile
Blade V6 Max Build/MRA58K | UnknownOS | chrome 64.0 for android | UnknownScreen,Blade V6 Max Build/MRA58K,,chrome 64.0 for android,,mobile
8050G Build/LMY47I | UnknownOS | chrome 50.0 for android | UnknownScreen,8050G Build/LMY47I,,chrome 50.0 for android,,mobile
LG-M250 Build/NRD90U | UnknownOS | chrome generic for android | UnknownScreen,LG-M250 Build/NRD90U,,chrome generic for android,,mobile
Moto G Play Build/MPIS24.241-15.3-7 | UnknownOS | chrome generic for android | UnknownScreen,Moto G Play Build/MPIS24.241-15.3-7,,chrome generic for android,,mobile
C6903 | UnknownOS | chrome generic | UnknownScreen,C6903,,chrome generic,,desktop
SM-J120H Build/LMY47V | UnknownOS | chrome generic | UnknownScreen,SM-J120H Build/LMY47V,,chrome generic,,desktop
E5506 | UnknownOS | chrome generic for android | UnknownScreen,E5506,,chrome generic for android,,mobile
XT1032 Build/LPBS23.13-56-2 | UnknownOS | chrome generic | UnknownScreen,XT1032 Build/LPBS23.13-56-2,,chrome generic,,desktop
Blade V6 Build/LRX22G | UnknownOS | chrome generic | UnknownScreen,Blade V6 Build/LRX22G,,chrome generic,,desktop
SM-J700M Build/LMY48B | UnknownOS | chrome generic | UnknownScreen,SM-J700M Build/LMY48B,,chrome generic,,desktop
Blade V6 Plus Build/MRA58K | UnknownOS | chrome generic for android | UnknownScreen,Blade V6 Plus Build/MRA58K,,chrome generic for android,,mobile
LG-X230 Build/MRA58K | UnknownOS | chrome 64.0 for android | UnknownScreen,LG-X230 Build/MRA58K,,chrome 64.0 for android,,mobile
Windows | Windows 10 | chrome generic | 1920x1080,Windows,Windows 10,chrome generic,1920x1080,desktop
Windows | Windows 10 | chrome 64.0 | 1440x900,Windows,Windows 10,chrome 64.0,1440x900,desktop
Trident/7.0 | Windows 10 | ie 11.0 for desktop | 1440x900,Trident/7.0,Windows 10,ie 11.0 for desktop,1440x900,desktop
Hisense F20 Build/MMB29M | UnknownOS | chrome 58.0 for android | UnknownScreen,Hisense F20 Build/MMB29M,,chrome 58.0 for android,,mobile
LG-X210 Build/LMY47I | UnknownOS | chrome generic | UnknownScreen,LG-X210 Build/LMY47I,,chrome generic,,desktop
SM-N900W8 Build/LRX21V | UnknownOS | chrome generic | UnknownScreen,SM-N900W8 Build/LRX21V,,chrome generic,,desktop
rv:54.0 | UnknownOS | firefox | UnknownScreen,rv:54.0,,firefox,,desktop
SM-G950F Build/NRD90M | UnknownOS | chrome 61.0 for android | UnknownScreen,SM-G950F Build/NRD90M,,chrome 61.0 for android,,mobile
SM-A710M Build/NRD90M | UnknownOS | chrome generic for android | UnknownScreen,SM-A710M Build/NRD90M,,chrome generic for android,,mobile
Moto G (4) Build/NPJS25.93-14-8.1-4 | UnknownOS | chrome generic | UnknownScreen,Moto G (4) Build/NPJS25.93-14-8.1-4,,chrome generic,,desktop
Windows | Windows 7 | firefox 58.0 | 1600x900,Windows,Windows 7,firefox 58.0,1600x900,desktop
LG-H840 Build/NRD90U | UnknownOS | chrome generic for android | UnknownScreen,LG-H840 Build/NRD90U,,chrome generic for android,,mobile
TR10CS1 Build/JDQ39 | UnknownOS | chrome generic | UnknownScreen,TR10CS1 Build/JDQ39,,chrome generic,,desktop
HUAWEI NXT-L09 Build/HUAWEINXT-L09 | UnknownOS | chrome generic for android | UnknownScreen,HUAWEI NXT-L09 Build/HUAWEINXT-L09,,chrome generic for android,,mobile
Windows | UnknownOS | firefox 59.0 | UnknownScreen,Windows,,firefox 59.0,,desktop
F3213 Build/36.1.A.1.86 | UnknownOS | chrome generic for android | UnknownScreen,F3213 Build/36.1.A.1.86,,chrome generic for android,,mobile
rv:59.0 | UnknownOS | Generic/Android 7.0 | UnknownScreen,rv:59.0,,Generic/Android 7.0,,mobile
LG-K500 Build/MMB29M | UnknownOS | chrome generic for android | UnknownScreen,LG-K500 Build/MMB29M,,chrome generic for android,,mobile
Tmovi Build/Vision | UnknownOS | chrome generic | UnknownScreen,Tmovi Build/Vision,,chrome generic,,desktop
SM-A510M Build/MMB29K | UnknownOS | chrome generic for android | UnknownScreen,SM-A510M Build/MMB29K,,chrome generic for android,,mobile
Blade V580 Build/LMY47D | UnknownOS | chrome generic | UnknownScreen,Blade V580 Build/LMY47D,,chrome generic,,desktop
HUAWEI GRA-L09 Build/HUAWEIGRA-L09 | UnknownOS | chrome generic | UnknownScreen,HUAWEI GRA-L09 Build/HUAWEIGRA-L09,,chrome generic,,desktop
Ilium LT520 Build/NRD90M | UnknownOS | chrome 64.0 for android | UnknownScreen,Ilium LT520 Build/NRD90M,,chrome 64.0 for android,,mobile
RNE-L03 Build/HUAWEIRNE-L03 | UnknownOS | chrome generic for android | UnknownScreen,RNE-L03 Build/HUAWEIRNE-L03,,chrome generic for android,,mobile
SM-G920P Build/NRD90M | UnknownOS | chrome generic for android | UnknownScreen,SM-G920P Build/NRD90M,,chrome generic for android,,mobile
F5121 Build/34.3.A.0.238 | UnknownOS | chrome generic for android | UnknownScreen,F5121 Build/34.3.A.0.238,,chrome generic for android,,mobile
LG-X220 Build/LMY47I | UnknownOS | chrome generic | UnknownScreen,LG-X220 Build/LMY47I,,chrome generic,,desktop
LG-X240 Build/MRA58K | UnknownOS | chrome generic for android | UnknownScreen,LG-X240 Build/MRA58K,,chrome generic for android,,mobile
HUAWEI CUN-L03 Build/HUAWEICUN-L03 | UnknownOS | android browser 4.0 | UnknownScreen,HUAWEI CUN-L03 Build/HUAWEICUN-L03,,android browser 4.0,,mobile
Redmi Note 4 Build/NRD90M | UnknownOS | chrome 62.0 for android | UnknownScreen,Redmi Note 4 Build/NRD90M,,chrome 62.0 for android,,mobile
ILIUM | UnknownOS | chrome generic | UnknownScreen,ILIUM,,chrome generic,,desktop
Lenovo TB-X103F Build/LenovoTB-X103F | UnknownOS | chrome generic for android | UnknownScreen,Lenovo TB-X103F Build/LenovoTB-X103F,,chrome generic for android,,mobile
LG-K430 Build/MRA58K | UnknownOS | chrome generic for android | UnknownScreen,LG-K430 Build/MRA58K,,chrome generic for android,,mobile
rv:59.0 | UnknownOS | Generic/Android | UnknownScreen,rv:59.0,,Generic/Android,,mobile
SM-T113NU Build/KTU84P | UnknownOS | chrome generic | UnknownScreen,SM-T113NU Build/KTU84P,,chrome generic,,desktop
SAMSUNG SM-G930T Build/NRD90M | Android 7.0 | samsung browser generic | 1920x1080,SAMSUNG SM-G930T Build/NRD90M,Android 7.0,samsung browser generic,1920x1080,mobile
SM-J701M Build/NRD90M | UnknownOS | chrome generic for android | UnknownScreen,SM-J701M Build/NRD90M,,chrome generic for android,,mobile
WAS-LX3 Build/HUAWEIWAS-LX3 | UnknownOS | chrome generic for android | UnknownScreen,WAS-LX3 Build/HUAWEIWAS-LX3,,chrome generic for android,,mobile
G25524K | UnknownOS | chrome generic for android | UnknownScreen,G25524K,,chrome generic for android,,mobile
SGP511 | UnknownOS | chrome generic | UnknownScreen,SGP511,,chrome generic,,desktop
Windows | UnknownOS | opera 51.0 | UnknownScreen,Windows,,opera 51.0,,desktop
Windows | Windows 10 | edge 16.0 | 1280x1024,Windows,Windows 10,edge 16.0,1280x1024,desktop
PRA-LX1 Build/HUAWEIPRA-LX1 | UnknownOS | chrome generic for android | UnknownScreen,PRA-LX1 Build/HUAWEIPRA-LX1,,chrome generic for android,,mobile
Z813 Build/LMY47O | UnknownOS | chrome generic | UnknownScreen,Z813 Build/LMY47O,,chrome generic,,desktop
iOS Device | iOS 11.2.6 | mobile safari generic | 1136x640,iOS Device,iOS 11.2.6,mobile safari generic,1136x640,mobile
E2306 Build/26.3.A.1.33 | UnknownOS | chrome 57.0 for android | UnknownScreen,E2306 Build/26.3.A.1.33,,chrome 57.0 for android,,mobile
Moto Z2 Play Build/NPSS26.118-19-14 | UnknownOS | chrome generic for android | UnknownScreen,Moto Z2 Play Build/NPSS26.118-19-14,,chrome generic for android,,mobile
SM-G610M Build/NRD90M | UnknownOS | chrome 60.0 for android | UnknownScreen,SM-G610M Build/NRD90M,,chrome 60.0 for android,,mobile
SM-J110M Build/LMY48B | UnknownOS | chrome 49.0 for android | UnknownScreen,SM-J110M Build/LMY48B,,chrome 49.0 for android,,mobile
LG-H500 Build/LRX21Y | UnknownOS | chrome 43.0 for android | UnknownScreen,LG-H500 Build/LRX21Y,,chrome 43.0 for android,,mobile
SM-G930T Build/NRD90M | UnknownOS | android webview 4.0 | UnknownScreen,SM-G930T Build/NRD90M,,android webview 4.0,,mobile
SM-G900P Build/MMB29M | Android 6.0.1 | chrome generic for android | 1920x1080,SM-G900P Build/MMB29M,Android 6.0.1,chrome generic for android,1920x1080,mobile
SM-T280 Build/LMY47V | UnknownOS | chrome 62.0 for android | UnknownScreen,SM-T280 Build/LMY47V,,chrome 62.0 for android,,mobile
rv:59.0 | Mac OS X 10.13 | firefox 59.0 | 2560x1600,rv:59.0,Mac OS X 10.13,firefox 59.0,2560x1600,desktop
SM-A720F Build/NRD90M | UnknownOS | chrome generic for android | UnknownScreen,SM-A720F Build/NRD90M,,chrome generic for android,,mobile
SM-G570M Build/MMB29K | UnknownOS | chrome generic for android | UnknownScreen,SM-G570M Build/MMB29K,,chrome generic for android,,mobile
LG-M700 Build/NMF26X | UnknownOS | chrome generic for android | UnknownScreen,LG-M700 Build/NMF26X,,chrome generic for android,,mobile
MHA-L09 Build/HUAWEIMHA-L09 | UnknownOS | chrome generic for android | UnknownScreen,MHA-L09 Build/HUAWEIMHA-L09,,chrome generic for android,,mobile
HUAWEI TAG-L13 Build/HUAWEITAG-L13 | UnknownOS | chrome generic | UnknownScreen,HUAWEI TAG-L13 Build/HUAWEITAG-L13,,chrome generic,,desktop
Blade A475 Build/LMY47D | UnknownOS | chrome 64.0 for android | UnknownScreen,Blade A475 Build/LMY47D,,chrome 64.0 for android,,mobile
SM-T800 | UnknownOS | chrome 64.0 for android | UnknownScreen,SM-T800,,chrome 64.0 for android,,mobile
Moto Z2 Play Build/NPSS26.118-19-4 | UnknownOS | chrome generic for android | UnknownScreen,Moto Z2 Play Build/NPSS26.118-19-4,,chrome generic for android,,mobile
SM-G531H Build/LMY48B | UnknownOS | chrome generic | UnknownScreen,SM-G531H Build/LMY48B,,chrome generic,,desktop
SM-A510M Build/NRD90M | UnknownOS | chrome generic for android | UnknownScreen,SM-A510M Build/NRD90M,,chrome generic for android,,mobile
SAMSUNG SM-G930F Build/NRD90M | UnknownOS | samsung browser generic | UnknownScreen,SAMSUNG SM-G930F Build/NRD90M,,samsung browser generic,,mobile
E5803 | UnknownOS | chrome 55.0 for android | UnknownScreen,E5803,,chrome 55.0 for android,,mobile
LIMIT | UnknownOS | chrome generic for android | UnknownScreen,LIMIT,,chrome generic for android,,mobile
SM-G930U Build/NRD90M | UnknownOS | chrome generic for android | UnknownScreen,SM-G930U Build/NRD90M,,chrome generic for android,,mobile
HUAWEI VNS-L23 Build/HUAWEIVNS-L23 | UnknownOS | chrome generic for android | UnknownScreen,HUAWEI VNS-L23 Build/HUAWEIVNS-L23,,chrome generic for android,,mobile
SM-E500M Build/KTU84P | UnknownOS | chrome generic | UnknownScreen,SM-E500M Build/KTU84P,,chrome generic,,desktop
Lenovo K33b36 Build/MMB29M | UnknownOS | chrome generic for android | UnknownScreen,Lenovo K33b36 Build/MMB29M,,chrome generic for android,,mobile
LG-H320 Build/LRX21Y | UnknownOS | chrome generic | UnknownScreen,LG-H320 Build/LRX21Y,,chrome generic,,desktop
SAMSUNG SM-J730GM Build/NRD90M | UnknownOS | samsung browser generic | UnknownScreen,SAMSUNG SM-J730GM Build/NRD90M,,samsung browser generic,,mobile
M4 SS4458 Build/MMB29M | UnknownOS | chrome generic for android | UnknownScreen,M4 SS4458 Build/MMB29M,,chrome generic for android,,mobile
LG-H542 Build/MRA58K | UnknownOS | chrome generic for android | UnknownScreen,LG-H542 Build/MRA58K,,chrome generic for android,,mobile
iOS Device | iOS 11.3.0 | mobile safari generic | 2436x1125,iOS Device,iOS 11.3.0,mobile safari generic,2436x1125,mobile
D5306 | UnknownOS | chrome generic | UnknownScreen,D5306,,chrome generic,,desktop
ILIUM | UnknownOS | chrome | UnknownScreen,ILIUM,,chrome,,desktop
Windows | Windows 10 | firefox 59.0 | 1600x900,Windows,Windows 10,firefox 59.0,1600x900,desktop
SM-G318ML | UnknownOS | chrome generic | UnknownScreen,SM-G318ML,,chrome generic,,desktop
Windows | Windows 7 | chrome 51.0 | 1680x1050,Windows,Windows 7,chrome 51.0,1680x1050,desktop
SM-A310M Build/LMY47X | UnknownOS | chrome 65.0 for android | UnknownScreen,SM-A310M Build/LMY47X,,chrome 65.0 for android,,mobile
SM-G570M Build/MMB29K | UnknownOS | chrome 65.0 for android | UnknownScreen,SM-G570M Build/MMB29K,,chrome 65.0 for android,,mobile
HUAWEI | UnknownOS | chrome 65.0 for android | UnknownScreen,HUAWEI,,chrome 65.0 for android,,mobile
Windows | UnknownOS | chrome 65.0 | UnknownScreen,Windows,,chrome 65.0,,desktop
ALE-L23 Build/HuaweiALE-L23 | UnknownOS | chrome 65.0 for android | UnknownScreen,ALE-L23 Build/HuaweiALE-L23,,chrome 65.0 for android,,mobile
SAMSUNG SM-A520F Build/NRD90M | UnknownOS | samsung browser 6.4 | UnknownScreen,SAMSUNG SM-A520F Build/NRD90M,,samsung browser 6.4,,mobile
UnknownDevice | UnknownOS | chrome 65.0 | UnknownScreen,,,chrome 65.0,,desktop
SM-A720F Build/NRD90M | UnknownOS | chrome 65.0 for android | UnknownScreen,SM-A720F Build/NRD90M,,chrome 65.0 for android,,mobile
Windows | Windows 7 | firefox 59.0 | 1366x768,Windows,Windows 7,firefox 59.0,1366x768,desktop
SM-G935F Build/NRD90M | UnknownOS | chrome 65.0 for android | UnknownScreen,SM-G935F Build/NRD90M,,chrome 65.0 for android,,mobile
M4 SS4453 Build/MMB29M | UnknownOS | chrome 65.0 for android | UnknownScreen,M4 SS4453 Build/MMB29M,,chrome 65.0 for android,,mobile
rv:59.0 | UnknownOS | firefox 59.0 | UnknownScreen,rv:59.0,,firefox 59.0,,desktop
rv:38.0 | Mac OS X 10.10 | firefox | 1366x768,rv:38.0,Mac OS X 10.10,firefox,1366x768,desktop
XT1032 Build/LPBS23.13-56-2 | UnknownOS | chrome 65.0 for android | UnknownScreen,XT1032 Build/LPBS23.13-56-2,,chrome 65.0 for android,,mobile
PRA-LX3 Build/HUAWEIPRA-LX3 | UnknownOS | chrome 65.0 for android | UnknownScreen,PRA-LX3 Build/HUAWEIPRA-LX3,,chrome 65.0 for android,,mobile
LG-D331 | UnknownOS | chrome 65.0 for android | UnknownScreen,LG-D331,,chrome 65.0 for android,,mobile
SM-A530F Build/NMF26X | UnknownOS | chrome 65.0 for android | UnknownScreen,SM-A530F Build/NMF26X,,chrome 65.0 for android,,mobile
gxq6580_weg_l Build/LMY47I | UnknownOS | android browser 4.0 | UnknownScreen,gxq6580_weg_l Build/LMY47I,,android browser 4.0,,mobile
SM-G925I Build/NRD90M | UnknownOS | chrome 65.0 for android | UnknownScreen,SM-G925I Build/NRD90M,,chrome 65.0 for android,,mobile
SM-J510MN Build/MMB29M | UnknownOS | chrome 65.0 for android | UnknownScreen,SM-J510MN Build/MMB29M,,chrome 65.0 for android,,mobile
LG-K240 Build/MXB48T | UnknownOS | chrome 65.0 for android | UnknownScreen,LG-K240 Build/MXB48T,,chrome 65.0 for android,,mobile
Windows | Windows 7 | chrome 64.0 | 1920x1200,Windows,Windows 7,chrome 64.0,1920x1200,desktop
SM-J700M Build/LMY48B | UnknownOS | chrome 65.0 for android | UnknownScreen,SM-J700M Build/LMY48B,,chrome 65.0 for android,,mobile
SAMSUNG SM-N950F Build/NMF26X | UnknownOS | samsung browser 6.4 | UnknownScreen,SAMSUNG SM-N950F Build/NMF26X,,samsung browser 6.4,,mobile
rv:52.0 | Windows 7 | firefox 52.0 | 1920x1200,rv:52.0,Windows 7,firefox 52.0,1920x1200,desktop
SAMSUNG SM-N950U Build/NMF26X | Android 7.1.1 | samsung browser 6.4 | UnknownScreen,SAMSUNG SM-N950U Build/NMF26X,Android 7.1.1,samsung browser 6.4,,mobile
SM-A300H Build/LRX22G | UnknownOS | chrome 65.0 for android | UnknownScreen,SM-A300H Build/LRX22G,,chrome 65.0 for android,,mobile
LG-M700 Build/NMF26X | UnknownOS | chrome 65.0 for android | UnknownScreen,LG-M700 Build/NMF26X,,chrome 65.0 for android,,mobile
SM-A510M Build/NRD90M | UnknownOS | chrome 65.0 for android | UnknownScreen,SM-A510M Build/NRD90M,,chrome 65.0 for android,,mobile
HTC One_M8 Build/MRA58K | UnknownOS | chrome 65.0 for android | UnknownScreen,HTC One_M8 Build/MRA58K,,chrome 65.0 for android,,mobile
Blade V6 Plus Build/MRA58K | UnknownOS | chrome 65.0 for android | UnknownScreen,Blade V6 Plus Build/MRA58K,,chrome 65.0 for android,,mobile
HUAWEI VNS-L23 Build/HUAWEIVNS-L23 | UnknownOS | chrome 65.0 for android | UnknownScreen,HUAWEI VNS-L23 Build/HUAWEIVNS-L23,,chrome 65.0 for android,,mobile
SM-G930F Build/NRD90M | UnknownOS | chrome 65.0 for android | UnknownScreen,SM-G930F Build/NRD90M,,chrome 65.0 for android,,mobile
SM-G935V Build/NRD90M | UnknownOS | chrome 65.0 for android | UnknownScreen,SM-G935V Build/NRD90M,,chrome 65.0 for android,,mobile
HTC Desire 530 Build/MMB29M | UnknownOS | chrome 65.0 for android | UnknownScreen,HTC Desire 530 Build/MMB29M,,chrome 65.0 for android,,mobile
XT1063 Build/MPB24.65-34-3 | UnknownOS | chrome 62.0 for android | UnknownScreen,XT1063 Build/MPB24.65-34-3,,chrome 62.0 for android,,mobile
Moto G Play Build/MPIS24.241-15.3-7 | UnknownOS | chrome 65.0 for android | UnknownScreen,Moto G Play Build/MPIS24.241-15.3-7,,chrome 65.0 for android,,mobile
WAS-LX3 Build/HUAWEIWAS-LX3 | UnknownOS | chrome 65.0 for android | UnknownScreen,WAS-LX3 Build/HUAWEIWAS-LX3,,chrome 65.0 for android,,mobile
Moto C Plus Build/NRD90M.05.034 | UnknownOS | chrome 64.0 for android | UnknownScreen,Moto C Plus Build/NRD90M.05.034,,chrome 64.0 for android,,mobile
SM-G610M Build/NRD90M | UnknownOS | chrome 65.0 for android | UnknownScreen,SM-G610M Build/NRD90M,,chrome 65.0 for android,,mobile
SAMSUNG SM-G950F Build/NRD90M | UnknownOS | samsung browser 6.4 | UnknownScreen,SAMSUNG SM-G950F Build/NRD90M,,samsung browser 6.4,,mobile
SM-G920P Build/NRD90M | UnknownOS | chrome 65.0 for android | UnknownScreen,SM-G920P Build/NRD90M,,chrome 65.0 for android,,mobile
UnknownDevice | UnknownOS | opera 51.0 | UnknownScreen,,,opera 51.0,,desktop
M4 SS4458 Build/MMB29M | UnknownOS | chrome 65.0 for android | UnknownScreen,M4 SS4458 Build/MMB29M,,chrome 65.0 for android,,mobile
SM-G955F Build/NRD90M | UnknownOS | chrome 65.0 for android | UnknownScreen,SM-G955F Build/NRD90M,,chrome 65.0 for android,,mobile
HUAWEI G7-L03 Build/HuaweiG7-L03 | UnknownOS | chrome 65.0 for android | UnknownScreen,HUAWEI G7-L03 Build/HuaweiG7-L03,,chrome 65.0 for android,,mobile
Windows | Windows 7 | chrome 65.0 | 1920x1080,Windows,Windows 7,chrome 65.0,1920x1080,desktop
Linux x86_64 | UnknownOS | firefox 59.0 | UnknownScreen,Linux x86_64,,firefox 59.0,,desktop
SM-G900M Build/LRX21T | UnknownOS | chrome 65.0 for android | UnknownScreen,SM-G900M Build/LRX21T,,chrome 65.0 for android,,mobile
LG-K220 Build/MXB48T | UnknownOS | chrome 58.0 for android | UnknownScreen,LG-K220 Build/MXB48T,,chrome 58.0 for android,,mobile
Windows | Windows 7 | ie 11.0 for desktop | 1920x1080,Windows,Windows 7,ie 11.0 for desktop,1920x1080,desktop
SM-J700M Build/MMB29K | UnknownOS | chrome 65.0 for android | UnknownScreen,SM-J700M Build/MMB29K,,chrome 65.0 for android,,mobile
Windows | Windows 10 | chrome 65.0 | 1280x1024,Windows,Windows 10,chrome 65.0,1280x1024,desktop
Nexus 6 Build/MOB30M | UnknownOS | chrome 65.0 for android | UnknownScreen,Nexus 6 Build/MOB30M,,chrome 65.0 for android,,mobile
Trident/7.0 | Windows 7 | ie 11.0 for desktop | 1920x1200,Trident/7.0,Windows 7,ie 11.0 for desktop,1920x1200,desktop
5080A Build/MRA58K | UnknownOS | chrome 65.0 for android | UnknownScreen,5080A Build/MRA58K,,chrome 65.0 for android,,mobile
RNE-L03 Build/HUAWEIRNE-L03 | UnknownOS | chrome 65.0 for android | UnknownScreen,RNE-L03 Build/HUAWEIRNE-L03,,chrome 65.0 for android,,mobile
LG-D373 Build/KOT49I.V10a | UnknownOS | chrome 64.0 for android | UnknownScreen,LG-D373 Build/KOT49I.V10a,,chrome 64.0 for android,,mobile
LG-K580 Build/MRA58K | UnknownOS | chrome 65.0 for android | UnknownScreen,LG-K580 Build/MRA58K,,chrome 65.0 for android,,mobile
B1-790 | UnknownOS | chrome 65.0 for android | UnknownScreen,B1-790,,chrome 65.0 for android,,mobile
Linux x86_64 | UnknownOS | firefox 58.0 | UnknownScreen,Linux x86_64,,firefox 58.0,,desktop
LG-M320 Build/NRD90U | UnknownOS | chrome 65.0 for android | UnknownScreen,LG-M320 Build/NRD90U,,chrome 65.0 for android,,mobile
Lenovo A2016b30 Build/MRA58K | UnknownOS | chrome 65.0 for android | UnknownScreen,Lenovo A2016b30 Build/MRA58K,,chrome 65.0 for android,,mobile
SM-J510MN Build/MMB29M | UnknownOS | chrome 59.0 for android | UnknownScreen,SM-J510MN Build/MMB29M,,chrome 59.0 for android,,mobile
SM-G610M Build/MMB29K | UnknownOS | chrome 65.0 for android | UnknownScreen,SM-G610M Build/MMB29K,,chrome 65.0 for android,,mobile
Moto X Play Build/NPD26.48-24-1 | UnknownOS | chrome 65.0 for android | UnknownScreen,Moto X Play Build/NPD26.48-24-1,,chrome 65.0 for android,,mobile
SM-G531H Build/LMY48B | UnknownOS | chrome 65.0 for android | UnknownScreen,SM-G531H Build/LMY48B,,chrome 65.0 for android,,mobile
rv:55.0 | UnknownOS | firefox 55.0 | UnknownScreen,rv:55.0,,firefox 55.0,,desktop
SM-G950F Build/NRD90M | UnknownOS | chrome 65.0 for android | UnknownScreen,SM-G950F Build/NRD90M,,chrome 65.0 for android,,mobile
4047G Build/NRD90M | UnknownOS | chrome 64.0 for android | UnknownScreen,4047G Build/NRD90M,,chrome 64.0 for android,,mobile
BLADE A602 Build/MRA58K | UnknownOS | chrome 65.0 for android | UnknownScreen,BLADE A602 Build/MRA58K,,chrome 65.0 for android,,mobile
5025G Build/LMY47I | UnknownOS | chrome 65.0 for android | UnknownScreen,5025G Build/LMY47I,,chrome 65.0 for android,,mobile
XT890 Build/9.8.2I-50_SML-25 | UnknownOS | chrome 65.0 for android | UnknownScreen,XT890 Build/9.8.2I-50_SML-25,,chrome 65.0 for android,,mobile
MacOS | Mac OS X 10_13_3 | safari generic | 1280x800,MacOS,Mac OS X 10_13_3,safari generic,1280x800,desktop
TRT-L53 Build/HUAWEITRT-L53 | UnknownOS | chrome 65.0 for android | UnknownScreen,TRT-L53 Build/HUAWEITRT-L53,,chrome 65.0 for android,,mobile
SM-G920I | UnknownOS | chrome 65.0 for android | UnknownScreen,SM-G920I,,chrome 65.0 for android,,mobile
iOS Device | iOS 11.2.6 | mobile safari generic | 2001x1125,iOS Device,iOS 11.2.6,mobile safari generic,2001x1125,mobile
SM-G532M Build/MMB29T | UnknownOS | chrome 62.0 for android | UnknownScreen,SM-G532M Build/MMB29T,,chrome 62.0 for android,,mobile
SAMSUNG SM-G9600 Build/R16NW | UnknownOS | other | UnknownScreen,SAMSUNG SM-G9600 Build/R16NW,,other,,mobile
SAMSUNG SM-G920F Build/NRD90M | UnknownOS | samsung browser 6.4 | UnknownScreen,SAMSUNG SM-G920F Build/NRD90M,,samsung browser 6.4,,mobile
SM-J700P | UnknownOS | chrome 65.0 for android | UnknownScreen,SM-J700P,,chrome 65.0 for android,,mobile
LG-H840 Build/MMB29M | UnknownOS | chrome 65.0 for android | UnknownScreen,LG-H840 Build/MMB29M,,chrome 65.0 for android,,mobile
Ilium LT520 Build/NRD90M | UnknownOS | chrome 65.0 for android | UnknownScreen,Ilium LT520 Build/NRD90M,,chrome 65.0 for android,,mobile
SM-J730G Build/NRD90M | UnknownOS | chrome 65.0 for android | UnknownScreen,SM-J730G Build/NRD90M,,chrome 65.0 for android,,mobile
M4 SS4451 Build/LMY47D | UnknownOS | chrome 62.0 for android | UnknownScreen,M4 SS4451 Build/LMY47D,,chrome 62.0 for android,,mobile
5010G Build/MRA58K | UnknownOS | chrome 64.0 for android | UnknownScreen,5010G Build/MRA58K,,chrome 64.0 for android,,mobile
Windows | Windows 7 | chrome 65.0 | 1600x900,Windows,Windows 7,chrome 65.0,1600x900,desktop
LG-X210 Build/LMY47I | UnknownOS | chrome 50.0 for android | UnknownScreen,LG-X210 Build/LMY47I,,chrome 50.0 for android,,mobile
HTCD160LVWPP | UnknownOS | chrome 65.0 for android | UnknownScreen,HTCD160LVWPP,,chrome 65.0 for android,,mobile
Moto Z2 Play Build/NPSS26.118-19-14 | UnknownOS | chrome 65.0 for android | UnknownScreen,Moto Z2 Play Build/NPSS26.118-19-14,,chrome 65.0 for android,,mobile
5012G Build/MRA58K | UnknownOS | chrome 65.0 for android | UnknownScreen,5012G Build/MRA58K,,chrome 65.0 for android,,mobile
SM-J320M Build/LMY47V | UnknownOS | chrome 65.0 for android | UnknownScreen,SM-J320M Build/LMY47V,,chrome 65.0 for android,,mobile
HUAWEI VNS-L53 Build/HUAWEIVNS-L53 | UnknownOS | chrome 65.0 for android | UnknownScreen,HUAWEI VNS-L53 Build/HUAWEIVNS-L53,,chrome 65.0 for android,,mobile
SM-J105B Build/LMY47V | UnknownOS | chrome 65.0 for android | UnknownScreen,SM-J105B Build/LMY47V,,chrome 65.0 for android,,mobile
LG-X165g Build/LRX21M | UnknownOS | other | UnknownScreen,LG-X165g Build/LRX21M,,other,,mobile
LG-H542 Build/MRA58K | UnknownOS | chrome 61.0 for android | UnknownScreen,LG-H542 Build/MRA58K,,chrome 61.0 for android,,mobile
Lenovo PB2-650Y Build/MRA58K | UnknownOS | chrome 65.0 for android | UnknownScreen,Lenovo PB2-650Y Build/MRA58K,,chrome 65.0 for android,,mobile
SM-A520F Build/NRD90M | UnknownOS | chrome 65.0 for android | UnknownScreen,SM-A520F Build/NRD90M,,chrome 65.0 for android,,mobile
4047G Build/NRD90M | UnknownOS | chrome 65.0 for android | UnknownScreen,4047G Build/NRD90M,,chrome 65.0 for android,,mobile
G3123 | UnknownOS | chrome 56.0 for android | UnknownScreen,G3123,,chrome 56.0 for android,,mobile
PSPC550 Build/LMY47D | UnknownOS | chrome 65.0 for android | UnknownScreen,PSPC550 Build/LMY47D,,chrome 65.0 for android,,mobile
Linux x86_64 | UnknownOS | firefox | UnknownScreen,Linux x86_64,,firefox,,desktop
F3313 Build/37.0.A.2.248 | UnknownOS | chrome 65.0 for android | UnknownScreen,F3313 Build/37.0.A.2.248,,chrome 65.0 for android,,mobile
SM-G928T Build/NRD90M | UnknownOS | chrome 64.0 for android | UnknownScreen,SM-G928T Build/NRD90M,,chrome 64.0 for android,,mobile
LG-H810 | UnknownOS | chrome 65.0 for android | UnknownScreen,LG-H810,,chrome 65.0 for android,,mobile
MacOS | Mac OS X 10_10_5 | chrome 65.0 | 1280x800,MacOS,Mac OS X 10_10_5,chrome 65.0,1280x800,desktop
LG-D693n Build/LRX22G | UnknownOS | chrome 65.0 for android | UnknownScreen,LG-D693n Build/LRX22G,,chrome 65.0 for android,,mobile
Nexus 6 Build/N6F27M | UnknownOS | chrome 65.0 for android | UnknownScreen,Nexus 6 Build/N6F27M,,chrome 65.0 for android,,mobile
TRT-L53 Build/HUAWEITRT-L53 | UnknownOS | samsung browser 6.2 | UnknownScreen,TRT-L53 Build/HUAWEITRT-L53,,samsung browser 6.2,,mobile
E5306 Build/27.3.A.0.129 | UnknownOS | chrome 65.0 for android | UnknownScreen,E5306 Build/27.3.A.0.129,,chrome 65.0 for android,,mobile
SM-J730GM Build/NRD90M | UnknownOS | chrome 65.0 for android | UnknownScreen,SM-J730GM Build/NRD90M,,chrome 65.0 for android,,mobile
Windows | Windows 10 | chrome 65.0 | 1920x1080,Windows,Windows 10,chrome 65.0,1920x1080,desktop
LG-X230 Build/MRA58K | UnknownOS | chrome 65.0 for android | UnknownScreen,LG-X230 Build/MRA58K,,chrome 65.0 for android,,mobile
Windows | Windows 7 | chrome 61.0 | 1366x768,Windows,Windows 7,chrome 61.0,1366x768,desktop
SM-G850M Build/LRX22G | UnknownOS | chrome 65.0 for android | UnknownScreen,SM-G850M Build/LRX22G,,chrome 65.0 for android,,mobile
5080A Build/MRA58K | UnknownOS | chrome 52.0 for android | UnknownScreen,5080A Build/MRA58K,,chrome 52.0 for android,,mobile
BLADE V8 Build/NRD90M | UnknownOS | chrome 55.0 for android | UnknownScreen,BLADE V8 Build/NRD90M,,chrome 55.0 for android,,mobile
UnknownDevice | UnknownOS | chrome 65.0 for ios | UnknownScreen,,,chrome 65.0 for ios,,mobile
XT1650 Build/NPLS26.118-20-5-11 | UnknownOS | chrome 65.0 for android | UnknownScreen,XT1650 Build/NPLS26.118-20-5-11,,chrome 65.0 for android,,mobile
C6906 | UnknownOS | chrome 65.0 for android | UnknownScreen,C6906,,chrome 65.0 for android,,mobile
SM-G928G | UnknownOS | chrome 65.0 for android | UnknownScreen,SM-G928G,,chrome 65.0 for android,,mobile
SAMSUNG SM-A310M Build/LMY47X | UnknownOS | chrome generic | UnknownScreen,SAMSUNG SM-A310M Build/LMY47X,,chrome generic,,desktop
UnknownDevice | UnknownOS | firefox 59.0 | UnknownScreen,,,firefox 59.0,,desktop
Z813 Build/LMY47O | UnknownOS | chrome 65.0 for android | UnknownScreen,Z813 Build/LMY47O,,chrome 65.0 for android,,mobile
KIW-L24 | UnknownOS | chrome 56.0 for android | UnknownScreen,KIW-L24,,chrome 56.0 for android,,mobile
Lenovo PB2-650Y Build/MRA58K | UnknownOS | chrome 52.0 for android | UnknownScreen,Lenovo PB2-650Y Build/MRA58K,,chrome 52.0 for android,,mobile
Windows | Windows 10 | chrome 65.0 | 1680x1051,Windows,Windows 10,chrome 65.0,1680x1051,desktop
Hisense U963 Build/MRA58K | UnknownOS | chrome 65.0 for android | UnknownScreen,Hisense U963 Build/MRA58K,,chrome 65.0 for android,,mobile
Blade A510 Build/MRA58K | UnknownOS | chrome 60.0 for android | UnknownScreen,Blade A510 Build/MRA58K,,chrome 60.0 for android,,mobile
RNE-L03 Build/HUAWEIRNE-L03 | UnknownOS | chrome 59.0 for android | UnknownScreen,RNE-L03 Build/HUAWEIRNE-L03,,chrome 59.0 for android,,mobile
UnknownDevice | Linux | chrome 65.0 | 2560x1440,,Linux,chrome 65.0,2560x1440,desktop
SM-G955U Build/R16NW | Android 8.0.0 | chrome 65.0 for android | 2961x1442,SM-G955U Build/R16NW,Android 8.0.0,chrome 65.0 for android,2961x1442,mobile
LG-M400 Build/NRD90U | UnknownOS | chrome 65.0 for android | UnknownScreen,LG-M400 Build/NRD90U,,chrome 65.0 for android,,mobile
SM-T710 Build/NRD90M | UnknownOS | chrome 65.0 for android | UnknownScreen,SM-T710 Build/NRD90M,,chrome 65.0 for android,,mobile
Ilium X510 Build/MRA58K | UnknownOS | chrome 61.0 for android | UnknownScreen,Ilium X510 Build/MRA58K,,chrome 61.0 for android,,mobile
F5321 Build/34.3.A.0.238 | UnknownOS | chrome 65.0 for android | UnknownScreen,F5321 Build/34.3.A.0.238,,chrome 65.0 for android,,mobile
SM-G570M Build/NRD90M | UnknownOS | chrome 65.0 for android | UnknownScreen,SM-G570M Build/NRD90M,,chrome 65.0 for android,,mobile
SM-N950U Build/NMF26X | UnknownOS | chrome 64.0 for android | UnknownScreen,SM-N950U Build/NMF26X,,chrome 64.0 for android,,mobile
TA-1027 Build/OPR1.170623.026 | UnknownOS | UnknownBrowser | UnknownScreen,TA-1027 Build/OPR1.170623.026,,,,mobile
Redmi 4X Build/N2G47H | UnknownOS | chrome 65.0 for android | UnknownScreen,Redmi 4X Build/N2G47H,,chrome 65.0 for android,,mobile
LG-K410 Build/LRX22G | UnknownOS | chrome 60.0 for android | UnknownScreen,LG-K410 Build/LRX22G,,chrome 60.0 for android,,mobile
Tmovi Build/Vision | UnknownOS | chrome 65.0 for android | UnknownScreen,Tmovi Build/Vision,,chrome 65.0 for android,,mobile
SM-T560 Build/KTU84P | UnknownOS | chrome 65.0 for android | UnknownScreen,SM-T560 Build/KTU84P,,chrome 65.0 for android,,mobile
Ilium | UnknownOS | chrome 65.0 for android | UnknownScreen,Ilium,,chrome 65.0 for android,,mobile
XT1580 Build/NPKS25.200-17-8 | UnknownOS | chrome 65.0 for android | UnknownScreen,XT1580 Build/NPKS25.200-17-8,,chrome 65.0 for android,,mobile
SM-J710MN Build/MMB29K | UnknownOS | chrome 65.0 for android | UnknownScreen,SM-J710MN Build/MMB29K,,chrome 65.0 for android,,mobile
HUAWEI RIO-L03 Build/HUAWEIRIO-L03 | UnknownOS | chrome 65.0 for android | UnknownScreen,HUAWEI RIO-L03 Build/HUAWEIRIO-L03,,chrome 65.0 for android,,mobile
M4 SS4456 Build/LMY47V | UnknownOS | chrome 65.0 for android | UnknownScreen,M4 SS4456 Build/LMY47V,,chrome 65.0 for android,,mobile
LG-M250 Build/NRD90U | UnknownOS | chrome 65.0 for android | UnknownScreen,LG-M250 Build/NRD90U,,chrome 65.0 for android,,mobile
SM-J710MN Build/NRD90M | UnknownOS | chrome 64.0 for android | UnknownScreen,SM-J710MN Build/NRD90M,,chrome 64.0 for android,,mobile
BLADE A520 Build/NRD90M | UnknownOS | chrome 64.0 for android | UnknownScreen,BLADE A520 Build/NRD90M,,chrome 64.0 for android,,mobile
HT0703K16 | UnknownOS | chrome 64.0 for android | UnknownScreen,HT0703K16,,chrome 64.0 for android,,mobile
LG-M210 Build/NRD90U | Android 7.0 | chrome 65.0 for android | 1280x720,LG-M210 Build/NRD90U,Android 7.0,chrome 65.0 for android,1280x720,mobile
SM-T580 Build/NRD90M | UnknownOS | chrome 65.0 for android | UnknownScreen,SM-T580 Build/NRD90M,,chrome 65.0 for android,,mobile
rv:53.0 | UnknownOS | firefox | UnknownScreen,rv:53.0,,firefox,,desktop
SM-G530H Build/LRX22G | UnknownOS | chrome 58.0 for android | UnknownScreen,SM-G530H Build/LRX22G,,chrome 58.0 for android,,mobile
F3113 Build/33.3.A.1.97 | UnknownOS | chrome 65.0 for android | UnknownScreen,F3113 Build/33.3.A.1.97,,chrome 65.0 for android,,mobile
SM-G350M | UnknownOS | chrome 63.0 for android | UnknownScreen,SM-G350M,,chrome 63.0 for android,,mobile
F3213 Build/36.1.A.1.86 | UnknownOS | chrome 65.0 for android | UnknownScreen,F3213 Build/36.1.A.1.86,,chrome 65.0 for android,,mobile
G3313 Build/43.0.A.5.79 | UnknownOS | chrome 65.0 for android | UnknownScreen,G3313 Build/43.0.A.5.79,,chrome 65.0 for android,,mobile
SAMSUNG SM-J730GM Build/NRD90M | UnknownOS | samsung browser 6.4 | UnknownScreen,SAMSUNG SM-J730GM Build/NRD90M,,samsung browser 6.4,,mobile
Touch | UnknownOS | ie 11.0 for tablet | UnknownScreen,Touch,,ie 11.0 for tablet,,desktop
BLADE V8 SE Build/NRD90M | UnknownOS | chrome 65.0 for android | UnknownScreen,BLADE V8 SE Build/NRD90M,,chrome 65.0 for android,,mobile
MotoG3 Build/MPIS24.65-33.1-2-16 | UnknownOS | chrome 65.0 for android | UnknownScreen,MotoG3 Build/MPIS24.65-33.1-2-16,,chrome 65.0 for android,,mobile
LG-K530 Build/MMB29M | UnknownOS | chrome 65.0 for android | UnknownScreen,LG-K530 Build/MMB29M,,chrome 65.0 for android,,mobile
F8331 Build/41.2.A.7.76 | UnknownOS | chrome 65.0 for android | UnknownScreen,F8331 Build/41.2.A.7.76,,chrome 65.0 for android,,mobile
SM-N910C Build/MMB29K | UnknownOS | chrome 65.0 for android | UnknownScreen,SM-N910C Build/MMB29K,,chrome 65.0 for android,,mobile
HTC Desire 10 lifestyle Build/MMB29M | UnknownOS | chrome 65.0 for android | UnknownScreen,HTC Desire 10 lifestyle Build/MMB29M,,chrome 65.0 for android,,mobile
HUAWEI TAG-L13 Build/HUAWEITAG-L13 | UnknownOS | chrome 65.0 for android | UnknownScreen,HUAWEI TAG-L13 Build/HUAWEITAG-L13,,chrome 65.0 for android,,mobile
AOC_U706G | UnknownOS | chrome 64.0 for android | UnknownScreen,AOC_U706G,,chrome 64.0 for android,,mobile
SM-G570M Build/MMB29K | UnknownOS | chrome 56.0 for android | UnknownScreen,SM-G570M Build/MMB29K,,chrome 56.0 for android,,mobile
CHC-U03 Build/HuaweiCHC-U03 | UnknownOS | other | UnknownScreen,CHC-U03 Build/HuaweiCHC-U03,,other,,mobile
LG-H840 Build/NRD90U | UnknownOS | chrome 65.0 for android | UnknownScreen,LG-H840 Build/NRD90U,,chrome 65.0 for android,,mobile
SAMSUNG SM-J500M Build/LMY48B | UnknownOS | other | UnknownScreen,SAMSUNG SM-J500M Build/LMY48B,,other,,mobile
SM-G900W8 | UnknownOS | chrome 65.0 for android | UnknownScreen,SM-G900W8,,chrome 65.0 for android,,mobile
SM-G570M Build/NRD90M | UnknownOS | chrome 58.0 for android | UnknownScreen,SM-G570M Build/NRD90M,,chrome 58.0 for android,,mobile
XT1635-02 Build/NPN26.118-22-2 | UnknownOS | chrome 65.0 for android | UnknownScreen,XT1635-02 Build/NPN26.118-22-2,,chrome 65.0 for android,,mobile
LG-K200 Build/MXB48T | UnknownOS | chrome 65.0 for android | UnknownScreen,LG-K200 Build/MXB48T,,chrome 65.0 for android,,mobile
Hisense | UnknownOS | chrome 63.0 for android | UnknownScreen,Hisense,,chrome 63.0 for android,,mobile
M4 SS4453 Build/MMB29M | UnknownOS | chrome 64.0 for android | UnknownScreen,M4 SS4453 Build/MMB29M,,chrome 64.0 for android,,mobile
SLA-L03 Build/HUAWEISLA-L03 | UnknownOS | chrome 65.0 for android | UnknownScreen,SLA-L03 Build/HUAWEISLA-L03,,chrome 65.0 for android,,mobile
Blade A510 Build/MRA58K | UnknownOS | chrome 65.0 for android | UnknownScreen,Blade A510 Build/MRA58K,,chrome 65.0 for android,,mobile
SM-P350 Build/MMB29M | UnknownOS | chrome 65.0 for android | UnknownScreen,SM-P350 Build/MMB29M,,chrome 65.0 for android,,mobile
LG-H420 Build/LRX21Y | UnknownOS | chrome 64.0 for android | UnknownScreen,LG-H420 Build/LRX21Y,,chrome 64.0 for android,,mobile
iOS Device | iOS 11.0.2 | mobile safari generic | 1136x640,iOS Device,iOS 11.0.2,mobile safari generic,1136x640,mobile
XT1635-02 | UnknownOS | chrome 65.0 for android | UnknownScreen,XT1635-02,,chrome 65.0 for android,,mobile
SAMSUNG SM-G610M Build/MMB29K | UnknownOS | samsung browser 6.4 | UnknownScreen,SAMSUNG SM-G610M Build/MMB29K,,samsung browser 6.4,,mobile
Redmi Note 3 Build/MMB29M | UnknownOS | chrome 65.0 for android | UnknownScreen,Redmi Note 3 Build/MMB29M,,chrome 65.0 for android,,mobile
LG-D693n Build/LRX22G | UnknownOS | chrome 58.0 for android | UnknownScreen,LG-D693n Build/LRX22G,,chrome 58.0 for android,,mobile
CHC-U03 Build/HuaweiCHC-U03 | UnknownOS | chrome 65.0 for android | UnknownScreen,CHC-U03 Build/HuaweiCHC-U03,,chrome 65.0 for android,,mobile
BLL-L23 Build/HUAWEIBLL-L23 | UnknownOS | chrome 65.0 for android | UnknownScreen,BLL-L23 Build/HUAWEIBLL-L23,,chrome 65.0 for android,,mobile
LG-M710 Build/NRD90U | UnknownOS | chrome 65.0 for android | UnknownScreen,LG-M710 Build/NRD90U,,chrome 65.0 for android,,mobile
SAMSUNG-SM-G530AZ Build/LMY48B | UnknownOS | chrome 65.0 for android | UnknownScreen,SAMSUNG-SM-G530AZ Build/LMY48B,,chrome 65.0 for android,,mobile
GRACE | UnknownOS | chrome 65.0 for android | UnknownScreen,GRACE,,chrome 65.0 for android,,mobile
Windows | Windows 8.1 | chrome 65.0 | 1920x1080,Windows,Windows 8.1,chrome 65.0,1920x1080,desktop
Moto G (5) Plus Build/NPNS25.137-92-4 | UnknownOS | chrome generic | UnknownScreen,Moto G (5) Plus Build/NPNS25.137-92-4,,chrome generic,,desktop
Hisense | UnknownOS | chrome 65.0 for android | UnknownScreen,Hisense,,chrome 65.0 for android,,mobile
SM-J500H | UnknownOS | chrome 58.0 for android | UnknownScreen,SM-J500H,,chrome 58.0 for android,,mobile
Moto G (4) Build/NPJS25.93-14-15 | UnknownOS | chrome generic | UnknownScreen,Moto G (4) Build/NPJS25.93-14-15,,chrome generic,,desktop
SAMSUNG SM-G955F Build/NRD90M | UnknownOS | samsung browser 6.4 | UnknownScreen,SAMSUNG SM-G955F Build/NRD90M,,samsung browser 6.4,,mobile
SAMSUNG SM-P580 Build/NRD90M | UnknownOS | samsung browser 6.4 | UnknownScreen,SAMSUNG SM-P580 Build/NRD90M,,samsung browser 6.4,,mobile
Ilium L910 Build/MRA58K | UnknownOS | chrome 65.0 for android | UnknownScreen,Ilium L910 Build/MRA58K,,chrome 65.0 for android,,mobile
ALP-L09 Build/HUAWEIALP-L09S | UnknownOS | chrome 65.0 for android | UnknownScreen,ALP-L09 Build/HUAWEIALP-L09S,,chrome 65.0 for android,,mobile
LG-H542 Build/MRA58K | UnknownOS | chrome 64.0 for android | UnknownScreen,LG-H542 Build/MRA58K,,chrome 64.0 for android,,mobile
Ilium L1120 Build/NRD90M | UnknownOS | chrome 65.0 for android | UnknownScreen,Ilium L1120 Build/NRD90M,,chrome 65.0 for android,,mobile
SM-G532M Build/MMB29T | UnknownOS | chrome 65.0 for android | UnknownScreen,SM-G532M Build/MMB29T,,chrome 65.0 for android,,mobile
LG-X180g Build/LMY47I | UnknownOS | chrome 65.0 for android | UnknownScreen,LG-X180g Build/LMY47I,,chrome 65.0 for android,,mobile
Moto | UnknownOS | chrome 65.0 for android | UnknownScreen,Moto,,chrome 65.0 for android,,mobile
SAMSUNG SM-G610M Build/NRD90M | UnknownOS | samsung browser 6.4 | UnknownScreen,SAMSUNG SM-G610M Build/NRD90M,,samsung browser 6.4,,mobile
SM-G532M Build/MMB29T | UnknownOS | chrome 57.0 for android | UnknownScreen,SM-G532M Build/MMB29T,,chrome 57.0 for android,,mobile
BLADE L7 Build/MRA58K | UnknownOS | chrome 65.0 for android | UnknownScreen,BLADE L7 Build/MRA58K,,chrome 65.0 for android,,mobile
TA-1038 Build/NMF26O | UnknownOS | chrome 65.0 for android | UnknownScreen,TA-1038 Build/NMF26O,,chrome 65.0 for android,,mobile
SM-G530H Build/LRX22G | UnknownOS | chrome 61.0 for android | UnknownScreen,SM-G530H Build/LRX22G,,chrome 61.0 for android,,mobile
V502015 | UnknownOS | Cherry | UnknownScreen,V502015,,Cherry,,mobile
ZTE BLADE A6 Build/NMF26F | UnknownOS | chrome 65.0 for android | UnknownScreen,ZTE BLADE A6 Build/NMF26F,,chrome 65.0 for android,,mobile
SAMSUNG SM-G610M Build/MMB29K | UnknownOS | samsung browser 5.4 | UnknownScreen,SAMSUNG SM-G610M Build/MMB29K,,samsung browser 5.4,,mobile
Windows | Windows 10 | firefox 59.0 | 1920x1080,Windows,Windows 10,firefox 59.0,1920x1080,desktop
5025G Build/LMY47I | UnknownOS | chrome 60.0 for android | UnknownScreen,5025G Build/LMY47I,,chrome 60.0 for android,,mobile
SM-T113NU Build/KTU84P | UnknownOS | chrome 65.0 for android | UnknownScreen,SM-T113NU Build/KTU84P,,chrome 65.0 for android,,mobile
SAMSUNG SM-G570M Build/MMB29K | UnknownOS | samsung browser 6.4 | UnknownScreen,SAMSUNG SM-G570M Build/MMB29K,,samsung browser 6.4,,mobile
VS980 4G Build/LRX22G | Android 5.0.2 | chrome 63.0 for android | 1920x1080,VS980 4G Build/LRX22G,Android 5.0.2,chrome 63.0 for android,1920x1080,mobile
Windows | Windows 10 | firefox 59.0 | 2560x1080,Windows,Windows 10,firefox 59.0,2560x1080,desktop
SM-N920C Build/NRD90M | UnknownOS | chrome 65.0 for android | UnknownScreen,SM-N920C Build/NRD90M,,chrome 65.0 for android,,mobile
T1 | UnknownOS | chrome 64.0 for android | UnknownScreen,T1,,chrome 64.0 for android,,mobile
GT-I9060M Build/KTU84P | UnknownOS | chrome 61.0 for android | UnknownScreen,GT-I9060M Build/KTU84P,,chrome 61.0 for android,,mobile
LG-X240 Build/MRA58K | UnknownOS | chrome 65.0 for android | UnknownScreen,LG-X240 Build/MRA58K,,chrome 65.0 for android,,mobile
XT1053 Build/LPAS23.12-21.7-1 | UnknownOS | chrome 65.0 for android | UnknownScreen,XT1053 Build/LPAS23.12-21.7-1,,chrome 65.0 for android,,mobile
SLA-L03 Build/HUAWEISLA-L03 | UnknownOS | chrome 59.0 for android | UnknownScreen,SLA-L03 Build/HUAWEISLA-L03,,chrome 59.0 for android,,mobile
Y635-L03 Build/HuaweiY635-L03 | UnknownOS | chrome 65.0 for android | UnknownScreen,Y635-L03 Build/HuaweiY635-L03,,chrome 65.0 for android,,mobile
E5606 Build/30.2.A.1.21 | UnknownOS | chrome 65.0 for android | UnknownScreen,E5606 Build/30.2.A.1.21,,chrome 65.0 for android,,mobile
LG-X210 Build/LMY47I | UnknownOS | chrome 65.0 for android | UnknownScreen,LG-X210 Build/LMY47I,,chrome 65.0 for android,,mobile
Moto G (5) Build/NPPS25.137-93-4 | UnknownOS | chrome generic | UnknownScreen,Moto G (5) Build/NPPS25.137-93-4,,chrome generic,,desktop
SAMSUNG SM-G532M Build/MMB29T | UnknownOS | samsung browser 6.4 | UnknownScreen,SAMSUNG SM-G532M Build/MMB29T,,samsung browser 6.4,,mobile
SM-N900W8 Build/LRX21V | UnknownOS | chrome 65.0 for android | UnknownScreen,SM-N900W8 Build/LRX21V,,chrome 65.0 for android,,mobile
HUAWEI NXT-L09 Build/HUAWEINXT-L09 | UnknownOS | chrome 65.0 for android | UnknownScreen,HUAWEI NXT-L09 Build/HUAWEINXT-L09,,chrome 65.0 for android,,mobile
SM-G930P Build/NRD90M | UnknownOS | chrome 65.0 for android | UnknownScreen,SM-G930P Build/NRD90M,,chrome 65.0 for android,,mobile
P4526A Build/NRD90M | UnknownOS | chrome 58.0 for android | UnknownScreen,P4526A Build/NRD90M,,chrome 58.0 for android,,mobile
SM-T807V | Android 6.0.1 | chrome 65.0 for android | 2560x1600,SM-T807V,Android 6.0.1,chrome 65.0 for android,2560x1600,mobile
Lenovo TB3-710F Build/LRX21M | UnknownOS | chrome 65.0 for android | UnknownScreen,Lenovo TB3-710F Build/LRX21M,,chrome 65.0 for android,,mobile
LG-K410 Build/LRX22G | UnknownOS | chrome 65.0 for android | UnknownScreen,LG-K410 Build/LRX22G,,chrome 65.0 for android,,mobile
SAMSUNG SM-J701M Build/NRD90M | UnknownOS | samsung browser 6.4 | UnknownScreen,SAMSUNG SM-J701M Build/NRD90M,,samsung browser 6.4,,mobile
HUAWEI CUN-L03 Build/HUAWEICUN-L03 | UnknownOS | chrome 65.0 for android | UnknownScreen,HUAWEI CUN-L03 Build/HUAWEICUN-L03,,chrome 65.0 for android,,mobile
SAMSUNG SM-J700M Build/MMB29K | UnknownOS | samsung browser 6.4 | UnknownScreen,SAMSUNG SM-J700M Build/MMB29K,,samsung browser 6.4,,mobile
SGH-M919 Build/KTU84P | UnknownOS | chrome 65.0 for android | UnknownScreen,SGH-M919 Build/KTU84P,,chrome 65.0 for android,,mobile
ALCATEL | UnknownOS | chrome 62.0 for android | UnknownScreen,ALCATEL,,chrome 62.0 for android,,mobile
HTC Desire 650 Build/MMB29M | UnknownOS | chrome 65.0 for android | UnknownScreen,HTC Desire 650 Build/MMB29M,,chrome 65.0 for android,,mobile
SM-J700H Build/MMB29K | UnknownOS | chrome 65.0 for android | UnknownScreen,SM-J700H Build/MMB29K,,chrome 65.0 for android,,mobile
SAMSUNG SM-G955U Build/R16NW | UnknownOS | samsung browser 7.0 | UnknownScreen,SAMSUNG SM-G955U Build/R16NW,,samsung browser 7.0,,mobile
XT1225 | UnknownOS | chrome 65.0 for android | UnknownScreen,XT1225,,chrome 65.0 for android,,mobile
EVA-L09 Build/HUAWEIEVA-L09 | UnknownOS | chrome 65.0 for android | UnknownScreen,EVA-L09 Build/HUAWEIEVA-L09,,chrome 65.0 for android,,mobile
M4 SS4457-R Build/NRD90M | UnknownOS | chrome 65.0 for android | UnknownScreen,M4 SS4457-R Build/NRD90M,,chrome 65.0 for android,,mobile
LG-D680 Build/KOT49I | UnknownOS | chrome 65.0 for android | UnknownScreen,LG-D680 Build/KOT49I,,chrome 65.0 for android,,mobile
SM-N950U Build/NMF26X | UnknownOS | chrome 65.0 for android | UnknownScreen,SM-N950U Build/NMF26X,,chrome 65.0 for android,,mobile
SM-A500FU Build/MMB29M | UnknownOS | chrome 64.0 for android | UnknownScreen,SM-A500FU Build/MMB29M,,chrome 64.0 for android,,mobile
SM-G928G Build/NRD90M | UnknownOS | chrome 65.0 for android | UnknownScreen,SM-G928G Build/NRD90M,,chrome 65.0 for android,,mobile
Lenovo K33b36 Build/MMB29M | UnknownOS | chrome 65.0 for android | UnknownScreen,Lenovo K33b36 Build/MMB29M,,chrome 65.0 for android,,mobile
LG-H650 Build/MRA58K | UnknownOS | chrome 65.0 for android | UnknownScreen,LG-H650 Build/MRA58K,,chrome 65.0 for android,,mobile
CAM-L03 Build/HUAWEICAM-L03 | UnknownOS | chrome 65.0 for android | UnknownScreen,CAM-L03 Build/HUAWEICAM-L03,,chrome 65.0 for android,,mobile
M4 | UnknownOS | chrome 65.0 for android | UnknownScreen,M4,,chrome 65.0 for android,,mobile
SAMSUNG SM-G935F Build/NRD90M | UnknownOS | samsung browser 6.4 | UnknownScreen,SAMSUNG SM-G935F Build/NRD90M,,samsung browser 6.4,,mobile
iOS Device | iOS 10.3.3 | mobile safari generic | 1334x750,iOS Device,iOS 10.3.3,mobile safari generic,1334x750,mobile
Windows | Windows 10 | chrome 65.0 | 1366x768,Windows,Windows 10,chrome 65.0,1366x768,desktop
HTC Desire 650 Build/MMB29M | UnknownOS | chrome 56.0 for android | UnknownScreen,HTC Desire 650 Build/MMB29M,,chrome 56.0 for android,,mobile
E2306 Build/26.3.A.1.33 | UnknownOS | chrome 65.0 for android | UnknownScreen,E2306 Build/26.3.A.1.33,,chrome 65.0 for android,,mobile
SM-G925I Build/MMB29K | UnknownOS | chrome 65.0 for android | UnknownScreen,SM-G925I Build/MMB29K,,chrome 65.0 for android,,mobile
LG-M153 Build/MXB48T | UnknownOS | chrome 65.0 for android | UnknownScreen,LG-M153 Build/MXB48T,,chrome 65.0 for android,,mobile
LG-H320 Build/LRX21Y | UnknownOS | other | UnknownScreen,LG-H320 Build/LRX21Y,,other,,mobile
SM-A500M Build/LRX22G | UnknownOS | chrome 52.0 for android | UnknownScreen,SM-A500M Build/LRX22G,,chrome 52.0 for android,,mobile
SM-G955U Build/NRD90M | UnknownOS | chrome 65.0 for android | UnknownScreen,SM-G955U Build/NRD90M,,chrome 65.0 for android,,mobile
BLU | UnknownOS | chrome 65.0 for android | UnknownScreen,BLU,,chrome 65.0 for android,,mobile
Windows | Windows 7 | chrome 65.0 | 1280x1024,Windows,Windows 7,chrome 65.0,1280x1024,desktop
LG-H500 Build/LRX21Y | UnknownOS | chrome 64.0 for android | UnknownScreen,LG-H500 Build/LRX21Y,,chrome 64.0 for android,,mobile
MacOS | Mac OS X 10_13_3 | safari generic | 1440x900,MacOS,Mac OS X 10_13_3,safari generic,1440x900,desktop
Windows | Windows 10 | chrome 65.0 | 1680x1050,Windows,Windows 10,chrome 65.0,1680x1050,desktop
HUAWEI VNS-L53 Build/HUAWEIVNS-L53 | UnknownOS | other | UnknownScreen,HUAWEI VNS-L53 Build/HUAWEIVNS-L53,,other,,mobile
SM-T580 Build/NRD90M | Android 7.0 | chrome 65.0 for android | 1920x1200,SM-T580 Build/NRD90M,Android 7.0,chrome 65.0 for android,1920x1200,mobile
MotoE2 Build/LPCS23.13-56-5 | UnknownOS | chrome 52.0 for android | UnknownScreen,MotoE2 Build/LPCS23.13-56-5,,chrome 52.0 for android,,mobile
BLU ENERGY X PLUS Build/LRX21M | UnknownOS | chrome 65.0 for android | UnknownScreen,BLU ENERGY X PLUS Build/LRX21M,,chrome 65.0 for android,,mobile
F3213 Build/36.0.A.2.146 | UnknownOS | chrome 65.0 for android | UnknownScreen,F3213 Build/36.0.A.2.146,,chrome 65.0 for android,,mobile
SM-N950F Build/NMF26X | UnknownOS | chrome 65.0 for android | UnknownScreen,SM-N950F Build/NMF26X,,chrome 65.0 for android,,mobile
iOS Device | iOS 11.3.0 | mobile safari generic | 2208x1242,iOS Device,iOS 11.3.0,mobile safari generic,2208x1242,mobile
SAMSUNG SM-G965U1 Build/R16NW | UnknownOS | samsung browser 7.0 | UnknownScreen,SAMSUNG SM-G965U1 Build/R16NW,,samsung browser 7.0,,mobile
LG-D855 | UnknownOS | chrome 65.0 for android | UnknownScreen,LG-D855,,chrome 65.0 for android,,mobile
Lenovo K33b36 Build/NRD90N | UnknownOS | chrome 65.0 for android | UnknownScreen,Lenovo K33b36 Build/NRD90N,,chrome 65.0 for android,,mobile
Ilium X710 Build/MRA58K | UnknownOS | chrome 65.0 for android | UnknownScreen,Ilium X710 Build/MRA58K,,chrome 65.0 for android,,mobile
LG-H320 Build/LRX21Y | UnknownOS | chrome | UnknownScreen,LG-H320 Build/LRX21Y,,chrome,,desktop
SM-J700M Build/MMB29K | UnknownOS | chrome 56.0 for android | UnknownScreen,SM-J700M Build/MMB29K,,chrome 56.0 for android,,mobile
XT1021 Build/LPCS23.13-34.8-3 | UnknownOS | chrome 65.0 for android | UnknownScreen,XT1021 Build/LPCS23.13-34.8-3,,chrome 65.0 for android,,mobile
SM-J701M Build/NRD90M | UnknownOS | chrome 65.0 for android | UnknownScreen,SM-J701M Build/NRD90M,,chrome 65.0 for android,,mobile
SM-E500M Build/KTU84P | UnknownOS | chrome 65.0 for android | UnknownScreen,SM-E500M Build/KTU84P,,chrome 65.0 for android,,mobile
Windows | Windows 10 | chrome 65.0 | 1440x900,Windows,Windows 10,chrome 65.0,1440x900,desktop
SM-G360T1 Build/LMY47X | UnknownOS | chrome 57.0 for android | UnknownScreen,SM-G360T1 Build/LMY47X,,chrome 57.0 for android,,mobile
SGH-I337M Build/LRX22C | UnknownOS | chrome 65.0 for android | UnknownScreen,SGH-I337M Build/LRX22C,,chrome 65.0 for android,,mobile
Moto G Play Build/NPIS26.48-36-2 | UnknownOS | chrome 65.0 for android | UnknownScreen,Moto G Play Build/NPIS26.48-36-2,,chrome 65.0 for android,,mobile
SM-P550 Build/NMF26X | UnknownOS | chrome 65.0 for android | UnknownScreen,SM-P550 Build/NMF26X,,chrome 65.0 for android,,mobile
Windows | Windows 10 | edge 16.0 | 1366x767,Windows,Windows 10,edge 16.0,1366x767,desktop
BAC-L03 Build/HUAWEIBAC-L03 | UnknownOS | chrome 65.0 for android | UnknownScreen,BAC-L03 Build/HUAWEIBAC-L03,,chrome 65.0 for android,,mobile
7055A Build/KVT49L | UnknownOS | chrome 65.0 for android | UnknownScreen,7055A Build/KVT49L,,chrome 65.0 for android,,mobile
ALP-L09 Build/HUAWEIALP-L09 | UnknownOS | chrome 65.0 for android | UnknownScreen,ALP-L09 Build/HUAWEIALP-L09,,chrome 65.0 for android,,mobile
SM-J530GM Build/NRD90M | UnknownOS | chrome 58.0 for android | UnknownScreen,SM-J530GM Build/NRD90M,,chrome 58.0 for android,,mobile
SM-J111M Build/LMY47V | UnknownOS | chrome 65.0 for android | UnknownScreen,SM-J111M Build/LMY47V,,chrome 65.0 for android,,mobile
SAMSUNG SM-G950F Build/R16NW | UnknownOS | samsung browser 7.0 | UnknownScreen,SAMSUNG SM-G950F Build/R16NW,,samsung browser 7.0,,mobile
hi6210sft Build/MRA58K | UnknownOS | chrome 65.0 for android | UnknownScreen,hi6210sft Build/MRA58K,,chrome 65.0 for android,,mobile
MacOS | Mac OS X 10_12_6 | chrome 65.0 | 2880x1800,MacOS,Mac OS X 10_12_6,chrome 65.0,2880x1800,desktop
MacOS | Mac OS X 10_13_3 | safari generic | 2560x1600,MacOS,Mac OS X 10_13_3,safari generic,2560x1600,desktop
F5321 | UnknownOS | chrome 65.0 for android | UnknownScreen,F5321,,chrome 65.0 for android,,mobile
SM-T380 | UnknownOS | chrome 65.0 for android | UnknownScreen,SM-T380,,chrome 65.0 for android,,mobile
LG-D855 Build/LRX21R | UnknownOS | chrome 65.0 for android | UnknownScreen,LG-D855 Build/LRX21R,,chrome 65.0 for android,,mobile
Redmi | UnknownOS | chrome 65.0 for android | UnknownScreen,Redmi,,chrome 65.0 for android,,mobile
Ilium X510 Build/MRA58K | UnknownOS | chrome 65.0 for android | UnknownScreen,Ilium X510 Build/MRA58K,,chrome 65.0 for android,,mobile
XT1064 Build/MPB24.65-34-3 | UnknownOS | chrome 65.0 for android | UnknownScreen,XT1064 Build/MPB24.65-34-3,,chrome 65.0 for android,,mobile
SM-J701M Build/NRD90M | UnknownOS | chrome 58.0 for android | UnknownScreen,SM-J701M Build/NRD90M,,chrome 58.0 for android,,mobile
F5121 Build/34.3.A.0.252 | UnknownOS | chrome 61.0 for android | UnknownScreen,F5121 Build/34.3.A.0.252,,chrome 61.0 for android,,mobile
Moto E (4) Build/NDQS26.69-64-2 | UnknownOS | chrome generic | UnknownScreen,Moto E (4) Build/NDQS26.69-64-2,,chrome generic,,desktop
SM-P600 | UnknownOS | chrome 65.0 for android | UnknownScreen,SM-P600,,chrome 65.0 for android,,mobile
SM-J700M Build/LMY48B | UnknownOS | chrome 51.0 for android | UnknownScreen,SM-J700M Build/LMY48B,,chrome 51.0 for android,,mobile
SM-A510M Build/LMY47X | UnknownOS | chrome 65.0 for android | UnknownScreen,SM-A510M Build/LMY47X,,chrome 65.0 for android,,mobile
Lenovo | UnknownOS | chrome 65.0 for android | UnknownScreen,Lenovo,,chrome 65.0 for android,,mobile
M4 SS4458 Build/MMB29M | UnknownOS | chrome 50.0 for android | UnknownScreen,M4 SS4458 Build/MMB29M,,chrome 50.0 for android,,mobile
G3123 Build/40.0.A.6.135 | UnknownOS | chrome 65.0 for android | UnknownScreen,G3123 Build/40.0.A.6.135,,chrome 65.0 for android,,mobile
B1-750 | UnknownOS | chrome 65.0 for android | UnknownScreen,B1-750,,chrome 65.0 for android,,mobile
5010G Build/MRA58K | UnknownOS | chrome 65.0 for android | UnknownScreen,5010G Build/MRA58K,,chrome 65.0 for android,,mobile
LG-H500 Build/LRX21Y | UnknownOS | other | UnknownScreen,LG-H500 Build/LRX21Y,,other,,mobile
Moto C Build/NRD90M.063 | UnknownOS | chrome 65.0 for android | UnknownScreen,Moto C Build/NRD90M.063,,chrome 65.0 for android,,mobile
LG-H870 Build/NRD90U | UnknownOS | chrome 65.0 for android | UnknownScreen,LG-H870 Build/NRD90U,,chrome 65.0 for android,,mobile
LT30p | UnknownOS | chrome 56.0 for android | UnknownScreen,LT30p,,chrome 56.0 for android,,mobile
E6853 Build/32.4.A.1.54 | UnknownOS | chrome 65.0 for android | UnknownScreen,E6853 Build/32.4.A.1.54,,chrome 65.0 for android,,mobile
GT-I9060M Build/KTU84P | UnknownOS | chrome 65.0 for android | UnknownScreen,GT-I9060M Build/KTU84P,,chrome 65.0 for android,,mobile
XT1609 Build/MPIS24.241-2.35-1-17 | UnknownOS | chrome 65.0 for android | UnknownScreen,XT1609 Build/MPIS24.241-2.35-1-17,,chrome 65.0 for android,,mobile
SAMSUNG SM-G570M Build/NRD90M | UnknownOS | samsung | UnknownScreen,SAMSUNG SM-G570M Build/NRD90M,,samsung,,mobile
SM-T230NU Build/KOT49H | UnknownOS | chrome 65.0 for android | UnknownScreen,SM-T230NU Build/KOT49H,,chrome 65.0 for android,,mobile
iOS Device | iOS 11.3.0 | mobile safari generic | 1334x750,iOS Device,iOS 11.3.0,mobile safari generic,1334x750,mobile
Lenovo YT3-850M Build/MMB29M | UnknownOS | chrome 65.0 for android | UnknownScreen,Lenovo YT3-850M Build/MMB29M,,chrome 65.0 for android,,mobile
Windows | Windows 7 | chrome 51.0 | 1366x768,Windows,Windows 7,chrome 51.0,1366x768,desktop
SM-T330NU Build/LMY47X | UnknownOS | chrome 63.0 for android | UnknownScreen,SM-T330NU Build/LMY47X,,chrome 63.0 for android,,mobile
SM-N920V | UnknownOS | chrome 65.0 for android | UnknownScreen,SM-N920V,,chrome 65.0 for android,,mobile
M4 SS4451 Build/LMY47D | UnknownOS | android browser 4.0 | UnknownScreen,M4 SS4451 Build/LMY47D,,android browser 4.0,,mobile
Moto | Android 7.0 | chrome generic | 1920x1080,Moto,Android 7.0,chrome generic,1920x1080,mobile
SAMSUNG SM-J710MN Build/MMB29K | UnknownOS | samsung browser 6.4 | UnknownScreen,SAMSUNG SM-J710MN Build/MMB29K,,samsung browser 6.4,,mobile
iOS Device | iOS 11.3.0 | mobile safari generic | 2048x1536,iOS Device,iOS 11.3.0,mobile safari generic,2048x1536,mobile
LM-X210(G | Android 7.1.2 | chrome generic | 1280x720,LM-X210(G,Android 7.1.2,chrome generic,1280x720,mobile
Hisense U963 Build/MRA58K | UnknownOS | other | UnknownScreen,Hisense U963 Build/MRA58K,,other,,mobile
SM-G950U Build/R16NW | Android 8.0.0 | chrome 65.0 for android | 2220x1080,SM-G950U Build/R16NW,Android 8.0.0,chrome 65.0 for android,2220x1080,mobile
Windows | Windows 7 | firefox 59.0 | 1920x1080,Windows,Windows 7,firefox 59.0,1920x1080,desktop
MacOS | Mac OS X 10_13_2 | chrome 65.0 | 2880x1800,MacOS,Mac OS X 10_13_2,chrome 65.0,2880x1800,desktop
LG-X165g Build/LRX21M | UnknownOS | chrome 65.0 for android | UnknownScreen,LG-X165g Build/LRX21M,,chrome 65.0 for android,,mobile
LG-D680 Build/KOT49I | UnknownOS | chrome 64.0 for android | UnknownScreen,LG-D680 Build/KOT49I,,chrome 64.0 for android,,mobile
SM-J500M Build/MMB29M | UnknownOS | chrome 65.0 for android | UnknownScreen,SM-J500M Build/MMB29M,,chrome 65.0 for android,,mobile
S.N.O.W.4 | UnknownOS | ie 11.0 for desktop | UnknownScreen,S.N.O.W.4,,ie 11.0 for desktop,,desktop
Blade L2 Plus Build/KOT49H | UnknownOS | chrome 65.0 for android | UnknownScreen,Blade L2 Plus Build/KOT49H,,chrome 65.0 for android,,mobile
SAMSUNG-SM-G935A | UnknownOS | chrome 65.0 for android | UnknownScreen,SAMSUNG-SM-G935A,,chrome 65.0 for android,,mobile
M4 | UnknownOS | other | UnknownScreen,M4,,other,,mobile
GT-N5110 Build/JDQ39 | UnknownOS | chrome 65.0 for android | UnknownScreen,GT-N5110 Build/JDQ39,,chrome 65.0 for android,,mobile
Windows | Windows 10 | chrome 65.0 | 3000x2000,Windows,Windows 10,chrome 65.0,3000x2000,desktop
5011A Build/NRD90M | UnknownOS | chrome 65.0 for android | UnknownScreen,5011A Build/NRD90M,,chrome 65.0 for android,,mobile
MacOS | Mac OS X 10_12_4 | safari generic | 1920x1080,MacOS,Mac OS X 10_12_4,safari generic,1920x1080,desktop
LG-K500 Build/MMB29M | UnknownOS | chrome 65.0 for android | UnknownScreen,LG-K500 Build/MMB29M,,chrome 65.0 for android,,mobile
E6833 | UnknownOS | chrome 65.0 for android | UnknownScreen,E6833,,chrome 65.0 for android,,mobile
Moto Z2 Play Build/NPSS26.118-19-4 | UnknownOS | chrome 65.0 for android | UnknownScreen,Moto Z2 Play Build/NPSS26.118-19-4,,chrome 65.0 for android,,mobile
LGMS428 | UnknownOS | chrome 65.0 for android | UnknownScreen,LGMS428,,chrome 65.0 for android,,mobile
Dream | UnknownOS | chrome 65.0 for android | UnknownScreen,Dream,,chrome 65.0 for android,,mobile
F5121 | UnknownOS | chrome 65.0 for android | UnknownScreen,F5121,,chrome 65.0 for android,,mobile
E6553 | UnknownOS | chrome 65.0 for android | UnknownScreen,E6553,,chrome 65.0 for android,,mobile
Windows | Windows 7 | chrome 65.0 | 1920x1200,Windows,Windows 7,chrome 65.0,1920x1200,desktop
SAMSUNG SM-J710MN Build/NRD90M | UnknownOS | samsung browser 6.4 | UnknownScreen,SAMSUNG SM-J710MN Build/NRD90M,,samsung browser 6.4,,mobile
5080A Build/MRA58K | UnknownOS | chrome 60.0 for android | UnknownScreen,5080A Build/MRA58K,,chrome 60.0 for android,,mobile
SM-G800M Build/KOT49H | UnknownOS | chrome 65.0 for android | UnknownScreen,SM-G800M Build/KOT49H,,chrome 65.0 for android,,mobile
G3223 | UnknownOS | chrome 65.0 for android | UnknownScreen,G3223,,chrome 65.0 for android,,mobile
SM-J200M Build/LMY47X | UnknownOS | chrome 55.0 for android | UnknownScreen,SM-J200M Build/LMY47X,,chrome 55.0 for android,,mobile
KFFOWI Build/LVY48F | UnknownOS | chrome generic | UnknownScreen,KFFOWI Build/LVY48F,,chrome generic,,desktop
SM-A730F Build/NMF26X | UnknownOS | chrome 61.0 for android | UnknownScreen,SM-A730F Build/NMF26X,,chrome 61.0 for android,,mobile
LG-P714 | UnknownOS | chrome 59.0 for android | UnknownScreen,LG-P714,,chrome 59.0 for android,,mobile
SAMSUNG SM-G610M Build/MMB29K | UnknownOS | samsung browser 4.0 | UnknownScreen,SAMSUNG SM-G610M Build/MMB29K,,samsung browser 4.0,,mobile
LG-H500 Build/LRX21Y | UnknownOS | chrome 65.0 for android | UnknownScreen,LG-H500 Build/LRX21Y,,chrome 65.0 for android,,mobile
F80'S+ | UnknownOS | android webview 4.0 | UnknownScreen,F80'S+,,android webview 4.0,,mobile
EGO | UnknownOS | chrome 65.0 for android | UnknownScreen,EGO,,chrome 65.0 for android,,mobile
SM-G920I Build/NRD90M | UnknownOS | chrome 65.0 for android | UnknownScreen,SM-G920I Build/NRD90M,,chrome 65.0 for android,,mobile
SM-N950U Build/R16NW | Android 8.0.0 | chrome 65.0 for android | 2220x1081,SM-N950U Build/R16NW,Android 8.0.0,chrome 65.0 for android,2220x1081,mobile
XT1063 Build/MPB24.65-34 | UnknownOS | chrome 65.0 for android | UnknownScreen,XT1063 Build/MPB24.65-34,,chrome 65.0 for android,,mobile
Blade V580 Build/LMY47D | UnknownOS | chrome 65.0 for android | UnknownScreen,Blade V580 Build/LMY47D,,chrome 65.0 for android,,mobile
47418 | UnknownOS | chrome 65.0 for android | UnknownScreen,47418,,chrome 65.0 for android,,mobile
SM-G955U Build/R16NW | UnknownOS | chrome 65.0 for android | UnknownScreen,SM-G955U Build/R16NW,,chrome 65.0 for android,,mobile
Moto G Play Build/NPIS26.48-36-5 | UnknownOS | chrome 65.0 for android | UnknownScreen,Moto G Play Build/NPIS26.48-36-5,,chrome 65.0 for android,,mobile
E5506 | UnknownOS | chrome 65.0 for android | UnknownScreen,E5506,,chrome 65.0 for android,,mobile
Windows | Windows 10 | edge 15.0 | 1366x767,Windows,Windows 10,edge 15.0,1366x767,desktop
iOS Device | iOS 11.3.0 | chrome 65.0 for ios | 2048x1536,iOS Device,iOS 11.3.0,chrome 65.0 for ios,2048x1536,mobile
Lenovo PB1-750M Build/S100 | UnknownOS | chrome 65.0 for android | UnknownScreen,Lenovo PB1-750M Build/S100,,chrome 65.0 for android,,mobile
E6683 | UnknownOS | chrome 65.0 for android | UnknownScreen,E6683,,chrome 65.0 for android,,mobile
SAMSUNG SM-J700M Build/MMB29K | UnknownOS | samsung browser 4.0 | UnknownScreen,SAMSUNG SM-J700M Build/MMB29K,,samsung browser 4.0,,mobile
SM-J530GM Build/NRD90M | UnknownOS | chrome 65.0 for android | UnknownScreen,SM-J530GM Build/NRD90M,,chrome 65.0 for android,,mobile
5051A Build/MMB29M | UnknownOS | chrome 65.0 for android | UnknownScreen,5051A Build/MMB29M,,chrome 65.0 for android,,mobile
Lenovo A6020l37 Build/LMY47V | UnknownOS | chrome 65.0 for android | UnknownScreen,Lenovo A6020l37 Build/LMY47V,,chrome 65.0 for android,,mobile
moto x4 Build/OPWS27.57-40-6 | UnknownOS | chrome 65.0 for android | UnknownScreen,moto x4 Build/OPWS27.57-40-6,,chrome 65.0 for android,,mobile
8050G Build/LMY47I | UnknownOS | chrome 65.0 for android | UnknownScreen,8050G Build/LMY47I,,chrome 65.0 for android,,mobile
LG-K530 Build/NRD90U | UnknownOS | chrome 65.0 for android | UnknownScreen,LG-K530 Build/NRD90U,,chrome 65.0 for android,,mobile
SM-E500M Build/KTU84P | UnknownOS | chrome 49.0 for android | UnknownScreen,SM-E500M Build/KTU84P,,chrome 49.0 for android,,mobile
SM-G530H Build/KTU84P | UnknownOS | chrome 65.0 for android | UnknownScreen,SM-G530H Build/KTU84P,,chrome 65.0 for android,,mobile
Kylin | UnknownOS | chrome 65.0 for android | UnknownScreen,Kylin,,chrome 65.0 for android,,mobile
rv:59.0 | Mac OS X 10.13 | firefox 59.0 | 1280x800,rv:59.0,Mac OS X 10.13,firefox 59.0,1280x800,desktop
FIG-LX3 Build/HUAWEIFIG-LX3 | UnknownOS | chrome 65.0 for android | UnknownScreen,FIG-LX3 Build/HUAWEIFIG-LX3,,chrome 65.0 for android,,mobile
SAMSUNG | UnknownOS | samsung browser 6.4 | UnknownScreen,SAMSUNG,,samsung browser 6.4,,mobile
MYA-L13 Build/HUAWEIMYA-L13 | UnknownOS | chrome 65.0 for android | UnknownScreen,MYA-L13 Build/HUAWEIMYA-L13,,chrome 65.0 for android,,mobile
SM-J320V Build/MMB29M | UnknownOS | chrome 65.0 for android | UnknownScreen,SM-J320V Build/MMB29M,,chrome 65.0 for android,,mobile
MacOS | Mac OS X 10_12_6 | chrome 65.0 | 1440x900,MacOS,Mac OS X 10_12_6,chrome 65.0,1440x900,desktop
Hisense F23 Build/NRD90M | UnknownOS | chrome 65.0 for android | UnknownScreen,Hisense F23 Build/NRD90M,,chrome 65.0 for android,,mobile
Windows | Windows 8.1 | chrome 65.0 | 1366x768,Windows,Windows 8.1,chrome 65.0,1366x768,desktop
rv:59.0 | Mac OS X 10.12 | firefox 59.0 | 2560x1440,rv:59.0,Mac OS X 10.12,firefox 59.0,2560x1440,desktop
SM-G900H Build/MMB29K | UnknownOS | chrome 65.0 for android | UnknownScreen,SM-G900H Build/MMB29K,,chrome 65.0 for android,,mobile
Redmi | UnknownOS | chrome generic for android | UnknownScreen,Redmi,,chrome generic for android,,mobile
SAMSUNG-SM-G925A Build/MMB29K | UnknownOS | chrome 65.0 for android | UnknownScreen,SAMSUNG-SM-G925A Build/MMB29K,,chrome 65.0 for android,,mobile
SM-P355M | UnknownOS | chrome 60.0 for android | UnknownScreen,SM-P355M,,chrome 60.0 for android,,mobile
MotoG3 Build/MPI24.65-25 | UnknownOS | chrome 52.0 for android | UnknownScreen,MotoG3 Build/MPI24.65-25,,chrome 52.0 for android,,mobile
Blade V6 Build/LRX22G | UnknownOS | chrome 65.0 for android | UnknownScreen,Blade V6 Build/LRX22G,,chrome 65.0 for android,,mobile
UnknownDevice | Linux | chrome 65.0 | 1920x1080,,Linux,chrome 65.0,1920x1080,desktop
F3313 Build/37.0.A.2.248 | UnknownOS | chrome 56.0 for android | UnknownScreen,F3313 Build/37.0.A.2.248,,chrome 56.0 for android,,mobile
ALP-L09 Build/HUAWEIALP-L09S | UnknownOS | samsung browser 6.4 | UnknownScreen,ALP-L09 Build/HUAWEIALP-L09S,,samsung browser 6.4,,mobile
MotoG3-TE Build/MPDS24.65-33-1-3 | UnknownOS | chrome 63.0 for android | UnknownScreen,MotoG3-TE Build/MPDS24.65-33-1-3,,chrome 63.0 for android,,mobile
Grand | UnknownOS | chrome 59.0 for android | UnknownScreen,Grand,,chrome 59.0 for android,,mobile
G3313 Build/43.0.A.7.25 | UnknownOS | chrome 65.0 for android | UnknownScreen,G3313 Build/43.0.A.7.25,,chrome 65.0 for android,,mobile
Blade V6 Plus Build/MRA58K | UnknownOS | chrome 55.0 for android | UnknownScreen,Blade V6 Plus Build/MRA58K,,chrome 55.0 for android,,mobile
ASUS_X00ID | Android 7.1.1 | chrome 65.0 for android | 1280x720,ASUS_X00ID,Android 7.1.1,chrome 65.0 for android,1280x720,mobile
SAMSUNG SM-J250M Build/NMF26X | UnknownOS | samsung browser 6.4 | UnknownScreen,SAMSUNG SM-J250M Build/NMF26X,,samsung browser 6.4,,mobile
M4 SS4451 Build/LMY47D | UnknownOS | chrome 61.0 for android | UnknownScreen,M4 SS4451 Build/LMY47D,,chrome 61.0 for android,,mobile
SP7731G | UnknownOS | other | UnknownScreen,SP7731G,,other,,mobile
rv:35.0 | UnknownOS | firefox | UnknownScreen,rv:35.0,,firefox,,desktop
Alumini3 Build/MRA58K | UnknownOS | chrome 51.0 for android | UnknownScreen,Alumini3 Build/MRA58K,,chrome 51.0 for android,,mobile
MacOS | Mac OS X 10_13_4 | chrome 65.0 | 2560x1440,MacOS,Mac OS X 10_13_4,chrome 65.0,2560x1440,desktop
MacOS | Mac OS X 10_11_6 | chrome 65.0 | 2560x1600,MacOS,Mac OS X 10_11_6,chrome 65.0,2560x1600,desktop
SAMSUNG SM-A310F Build/NRD90M | UnknownOS | samsung browser 6.4 | UnknownScreen,SAMSUNG SM-A310F Build/NRD90M,,samsung browser 6.4,,mobile
SM-T560 Build/KTU84P | UnknownOS | chrome generic | UnknownScreen,SM-T560 Build/KTU84P,,chrome generic,,desktop
4047G Build/NRD90M | UnknownOS | chrome 56.0 for android | UnknownScreen,4047G Build/NRD90M,,chrome 56.0 for android,,mobile
F8331 | UnknownOS | chrome 65.0 for android | UnknownScreen,F8331,,chrome 65.0 for android,,mobile
D5316 Build/19.4.A.0.182 | UnknownOS | chrome 65.0 for android | UnknownScreen,D5316 Build/19.4.A.0.182,,chrome 65.0 for android,,mobile
Windows | Windows 10 | chrome 65.0 | 1600x900,Windows,Windows 10,chrome 65.0,1600x900,desktop
SM-G930F Build/NRD90M | UnknownOS | chrome 62.0 for android | UnknownScreen,SM-G930F Build/NRD90M,,chrome 62.0 for android,,mobile
MacOS | Mac OS X 10_13_3 | chrome 65.0 | 1440x900,MacOS,Mac OS X 10_13_3,chrome 65.0,1440x900,desktop
HTC_One_M8/4.28.502.2 | UnknownOS | UnknownBrowser | UnknownScreen,HTC_One_M8/4.28.502.2,,,,mobile
SM-P355M Build/MMB29M | UnknownOS | chrome 65.0 for android | UnknownScreen,SM-P355M Build/MMB29M,,chrome 65.0 for android,,mobile
BLL-L23 Build/HUAWEIBLL-L23 | UnknownOS | chrome generic for android | UnknownScreen,BLL-L23 Build/HUAWEIBLL-L23,,chrome generic for android,,mobile
SAMSUNG-SM-G925A Build/MMB29K | Android 6.0.1 | chrome 65.0 for android | 2560x1440,SAMSUNG-SM-G925A Build/MMB29K,Android 6.0.1,chrome 65.0 for android,2560x1440,mobile
SM-G570F | UnknownOS | chrome 65.0 for android | UnknownScreen,SM-G570F,,chrome 65.0 for android,,mobile
CHC-U03 Build/HuaweiCHC-U03 | UnknownOS | chrome 64.0 for android | UnknownScreen,CHC-U03 Build/HuaweiCHC-U03,,chrome 64.0 for android,,mobile
LG-H542 Build/MRA58K | UnknownOS | other | UnknownScreen,LG-H542 Build/MRA58K,,other,,mobile
Hisense E51 Build/LMY47V | UnknownOS | chrome 43.0 for android | UnknownScreen,Hisense E51 Build/LMY47V,,chrome 43.0 for android,,mobile
ALP-L09 Build/HUAWEIALP-L09 | UnknownOS | chrome 62.0 for android | UnknownScreen,ALP-L09 Build/HUAWEIALP-L09,,chrome 62.0 for android,,mobile
Redmi 4A Build/MMB29M | UnknownOS | chrome generic for android | UnknownScreen,Redmi 4A Build/MMB29M,,chrome generic for android,,mobile
UnknownDevice | UnknownOS | opera generic | UnknownScreen,,,opera generic,,desktop
SM-J700T1 | UnknownOS | chrome 65.0 for android | UnknownScreen,SM-J700T1,,chrome 65.0 for android,,mobile
MacOS | Mac OS X 10_13_1 | chrome 65.0 | 1280x800,MacOS,Mac OS X 10_13_1,chrome 65.0,1280x800,desktop
SAMSUNG SM-G925I Build/NRD90M | UnknownOS | samsung browser 6.4 | UnknownScreen,SAMSUNG SM-G925I Build/NRD90M,,samsung browser 6.4,,mobile
iOS Device | iOS 11.3.0 | mobile safari generic | 2001x1125,iOS Device,iOS 11.3.0,mobile safari generic,2001x1125,mobile
Moto C Build/NRD90M.063 | UnknownOS | chrome generic for android | UnknownScreen,Moto C Build/NRD90M.063,,chrome generic for android,,mobile
SM-P600 Build/LMY47X | UnknownOS | chrome 64.0 for android | UnknownScreen,SM-P600 Build/LMY47X,,chrome 64.0 for android,,mobile
BV8000Pro | UnknownOS | chrome 65.0 for android | UnknownScreen,BV8000Pro,,chrome 65.0 for android,,mobile
M4 SS4457 Build/MRA58K | UnknownOS | chrome 65.0 for android | UnknownScreen,M4 SS4457 Build/MRA58K,,chrome 65.0 for android,,mobile
iOS Device | iOS 11.0.3 | mobile safari generic | 1136x640,iOS Device,iOS 11.0.3,mobile safari generic,1136x640,mobile
MacOS | Mac OS X 10_12_6 | chrome 65.0 | 3360x2100,MacOS,Mac OS X 10_12_6,chrome 65.0,3360x2100,desktop
Android 4.4.2 | UnknownOS | android | UnknownScreen,Android 4.4.2,,android,,mobile
Windows | Windows 10 | chrome 65.0 | 1600x1200,Windows,Windows 10,chrome 65.0,1600x1200,desktop
moto x4 Build/OPW27.57-40 | UnknownOS | chrome generic for android | UnknownScreen,moto x4 Build/OPW27.57-40,,chrome generic for android,,mobile
MacOS | Mac OS X 10_13_4 | chrome 65.0 | 2560x1600,MacOS,Mac OS X 10_13_4,chrome 65.0,2560x1600,desktop
Ilium X520 Build/NRD90M | UnknownOS | Lanix/Ilium | UnknownScreen,Ilium X520 Build/NRD90M,,Lanix/Ilium,,mobile
G3123 Build/40.0.A.6.175 | UnknownOS | chrome generic for android | UnknownScreen,G3123 Build/40.0.A.6.175,,chrome generic for android,,mobile
Trident/7.0 | Windows 10 | ie 11.0 for tablet | 1680x1050,Trident/7.0,Windows 10,ie 11.0 for tablet,1680x1050,desktop
rv:59.0 | Mac OS X 10.13 | firefox 59.0 | 2880x1800,rv:59.0,Mac OS X 10.13,firefox 59.0,2880x1800,desktop
Windows | Windows 7 | chrome 65.0 | 1366x768,Windows,Windows 7,chrome 65.0,1366x768,desktop
SAMSUNG SM-J701M Build/NRD90M | UnknownOS | samsung browser 5.2 | UnknownScreen,SAMSUNG SM-J701M Build/NRD90M,,samsung browser 5.2,,mobile
Moto G Play Build/NPI26.48-36 | UnknownOS | chrome 65.0 for android | UnknownScreen,Moto G Play Build/NPI26.48-36,,chrome 65.0 for android,,mobile
P5026A | UnknownOS | chrome generic for android | UnknownScreen,P5026A,,chrome generic for android,,mobile
Blade A510 Build/MRA58K | UnknownOS | chrome generic for android | UnknownScreen,Blade A510 Build/MRA58K,,chrome generic for android,,mobile
iOS Device | iOS 11.3.0 | mobile safari generic | 1136x640,iOS Device,iOS 11.3.0,mobile safari generic,1136x640,mobile
ZTE BLADE A6 Build/NMF26F | UnknownOS | chrome generic for android | UnknownScreen,ZTE BLADE A6 Build/NMF26F,,chrome generic for android,,mobile
Trident/7.0 | Windows 10 | ie 11.0 for desktop | 1600x900,Trident/7.0,Windows 10,ie 11.0 for desktop,1600x900,desktop
SM-G960U Build/R16NW | Android 8.0.0 | chrome generic for android | 2220x1080,SM-G960U Build/R16NW,Android 8.0.0,chrome generic for android,2220x1080,mobile
UnknownDevice | UnknownOS | firefox 48.0 | UnknownScreen,,,firefox 48.0,,desktop
MacOS | Mac OS X 10_13_3 | safari generic | 1366x768,MacOS,Mac OS X 10_13_3,safari generic,1366x768,desktop
HTC Desire 626s Build/LMY47O | UnknownOS | chrome 65.0 for android | UnknownScreen,HTC Desire 626s Build/LMY47O,,chrome 65.0 for android,,mobile
SM-G955F Build/R16NW | UnknownOS | chrome generic for android | UnknownScreen,SM-G955F Build/R16NW,,chrome generic for android,,mobile
SAMSUNG SM-G928G Build/NRD90M | UnknownOS | samsung browser 6.4 | UnknownScreen,SAMSUNG SM-G928G Build/NRD90M,,samsung browser 6.4,,mobile
LG-H872 Build/NRD90U | Android 7.0 | chrome generic for android | 2672x1440,LG-H872 Build/NRD90U,Android 7.0,chrome generic for android,2672x1440,mobile
BLADE V8 SE Build/NRD90M | UnknownOS | chrome generic for android | UnknownScreen,BLADE V8 SE Build/NRD90M,,chrome generic for android,,mobile
SM-J500M Build/LMY48B | UnknownOS | chrome 65.0 for android | UnknownScreen,SM-J500M Build/LMY48B,,chrome 65.0 for android,,mobile
SM-J120H Build/LMY47V | UnknownOS | chrome 53.0 for android | UnknownScreen,SM-J120H Build/LMY47V,,chrome 53.0 for android,,mobile
Lenovo | UnknownOS | chrome generic | UnknownScreen,Lenovo,,chrome generic,,desktop
5010G Build/MRA58K | UnknownOS | chrome 59.0 for android | UnknownScreen,5010G Build/MRA58K,,chrome 59.0 for android,,mobile
iOS Device | iOS 11.2.2 | mobile safari generic | 2048x1536,iOS Device,iOS 11.2.2,mobile safari generic,2048x1536,mobile
HTC Desire 530 Build/MMB29M | UnknownOS | chrome generic for android | UnknownScreen,HTC Desire 530 Build/MMB29M,,chrome generic for android,,mobile
M4 SS4456 Build/LMY47V | UnknownOS | chrome generic | UnknownScreen,M4 SS4456 Build/LMY47V,,chrome generic,,desktop
MacOS | Mac OS X 10_13_4 | safari generic | 1440x900,MacOS,Mac OS X 10_13_4,safari generic,1440x900,desktop
5025G Build/LMY47I | UnknownOS | chrome 43.0 for android | UnknownScreen,5025G Build/LMY47I,,chrome 43.0 for android,,mobile
SM-J200M Build/LMY47X | UnknownOS | chrome 65.0 for android | UnknownScreen,SM-J200M Build/LMY47X,,chrome 65.0 for android,,mobile
Windows | Windows 7 | chrome generic | 1680x1050,Windows,Windows 7,chrome generic,1680x1050,desktop
Hisense F20 Build/MMB29M | UnknownOS | chrome generic for android | UnknownScreen,Hisense F20 Build/MMB29M,,chrome generic for android,,mobile
iOS Device | iOS 10.3.3 | chrome 65.0 for ios | 2048x1536,iOS Device,iOS 10.3.3,chrome 65.0 for ios,2048x1536,mobile
UnknownDevice | Linux | chrome 65.0 | 1366x768,,Linux,chrome 65.0,1366x768,desktop
Windows | Windows 10 | chrome generic | 1280x1024,Windows,Windows 10,chrome generic,1280x1024,desktop
Windows | Windows 10 | chrome 65.0 | 2736x1824,Windows,Windows 10,chrome 65.0,2736x1824,desktop
LG-K580 Build/MRA58K | UnknownOS | chrome generic for android | UnknownScreen,LG-K580 Build/MRA58K,,chrome generic for android,,mobile
LG-K500 Build/MMB29M | UnknownOS | chrome 54.0 for android | UnknownScreen,LG-K500 Build/MMB29M,,chrome 54.0 for android,,mobile
SM-A530F Build/NMF26X | UnknownOS | chrome generic for android | UnknownScreen,SM-A530F Build/NMF26X,,chrome generic for android,,mobile
LG-D855 Build/LRX21R | UnknownOS | chrome 60.0 for android | UnknownScreen,LG-D855 Build/LRX21R,,chrome 60.0 for android,,mobile
SAMSUNG SM-A320Y Build/NRD90M | UnknownOS | samsung browser 6.4 | UnknownScreen,SAMSUNG SM-A320Y Build/NRD90M,,samsung browser 6.4,,mobile
LG-M400 Build/NRD90U | UnknownOS | chrome generic for android | UnknownScreen,LG-M400 Build/NRD90U,,chrome generic for android,,mobile
XT1032 Build/LPBS23.13-56-2 | UnknownOS | chrome 61.0 for android | UnknownScreen,XT1032 Build/LPBS23.13-56-2,,chrome 61.0 for android,,mobile
SM-J320M Build/LMY47V | UnknownOS | chrome generic | UnknownScreen,SM-J320M Build/LMY47V,,chrome generic,,desktop
MacOS | Mac OS X 10_11_6 | chrome 65.0 | 1920x1080,MacOS,Mac OS X 10_11_6,chrome 65.0,1920x1080,desktop
LG-X180g Build/LMY47I | UnknownOS | chrome generic | UnknownScreen,LG-X180g Build/LMY47I,,chrome generic,,desktop
Moto G Play Build/NPIS26.48-36-5 | UnknownOS | chrome 58.0 for android | UnknownScreen,Moto G Play Build/NPIS26.48-36-5,,chrome 58.0 for android,,mobile
P5046A | UnknownOS | chrome generic for android | UnknownScreen,P5046A,,chrome generic for android,,mobile
5085B Build/MRA58K | UnknownOS | chrome 55.0 for android | UnknownScreen,5085B Build/MRA58K,,chrome 55.0 for android,,mobile
Moto Z2 Play Build/NPSS26.118-19-11 | UnknownOS | chrome generic for android | UnknownScreen,Moto Z2 Play Build/NPSS26.118-19-11,,chrome generic for android,,mobile
BLADE V7 Build/MRA58K | UnknownOS | chrome generic for android | UnknownScreen,BLADE V7 Build/MRA58K,,chrome generic for android,,mobile
SM-G950U Build/NRD90M | Android 7.0 | chrome 65.0 for android | 2220x1080,SM-G950U Build/NRD90M,Android 7.0,chrome 65.0 for android,2220x1080,mobile
rv:11.0 | Windows 7 | ie 11.0 for desktop | 1280x1024,rv:11.0,Windows 7,ie 11.0 for desktop,1280x1024,desktop
Windows | Windows 7 | ie 11.0 for desktop | 1680x1050,Windows,Windows 7,ie 11.0 for desktop,1680x1050,desktop
LG-M710 Build/NRD90U | UnknownOS | chrome generic for android | UnknownScreen,LG-M710 Build/NRD90U,,chrome generic for android,,mobile
ILIUM | UnknownOS | chrome 57.0 for android | UnknownScreen,ILIUM,,chrome 57.0 for android,,mobile
SM-G355M Build/KOT49H | UnknownOS | chrome 65.0 for android | UnknownScreen,SM-G355M Build/KOT49H,,chrome 65.0 for android,,mobile
Ilium L910 Build/MRA58K | UnknownOS | chrome generic for android | UnknownScreen,Ilium L910 Build/MRA58K,,chrome generic for android,,mobile
XT1225 | UnknownOS | chrome generic for android | UnknownScreen,XT1225,,chrome generic for android,,mobile
Lenovo PB2-670Y Build/MRA58K | UnknownOS | chrome 64.0 for android | UnknownScreen,Lenovo PB2-670Y Build/MRA58K,,chrome 64.0 for android,,mobile
SM-A320Y Build/NRD90M | UnknownOS | chrome generic for android | UnknownScreen,SM-A320Y Build/NRD90M,,chrome generic for android,,mobile
UnknownDevice | Android | chrome | 1920x1080,,Android,chrome,1920x1080,mobile
SM-G955F Build/R16NW | UnknownOS | other | UnknownScreen,SM-G955F Build/R16NW,,other,,mobile
TA-1028 Build/NMF26O | UnknownOS | chrome generic for android | UnknownScreen,TA-1028 Build/NMF26O,,chrome generic for android,,mobile
Windows | other | chrome 61.0 | 1280x720,Windows,other,chrome 61.0,1280x720,desktop
HUAWEI VNS-L53 Build/HUAWEIVNS-L53 | UnknownOS | chrome generic for android | UnknownScreen,HUAWEI VNS-L53 Build/HUAWEIVNS-L53,,chrome generic for android,,mobile
UnknownDevice | Android | chrome 58.0 | 801x480,,Android,chrome 58.0,801x480,mobile
SM-G950F Build/R16NW | UnknownOS | chrome 65.0 for android | UnknownScreen,SM-G950F Build/R16NW,,chrome 65.0 for android,,mobile
SM-T810 Build/NRD90M | UnknownOS | chrome generic for android | UnknownScreen,SM-T810 Build/NRD90M,,chrome generic for android,,mobile
MYA-L03 Build/HUAWEIMYA-L03 | UnknownOS | chrome 52.0 for android | UnknownScreen,MYA-L03 Build/HUAWEIMYA-L03,,chrome 52.0 for android,,mobile
GT-I8190L Build/JZO54K | UnknownOS | chrome generic | UnknownScreen,GT-I8190L Build/JZO54K,,chrome generic,,desktop
SM-G550T1 Build/MMB29K | UnknownOS | chrome 62.0 for android | UnknownScreen,SM-G550T1 Build/MMB29K,,chrome 62.0 for android,,mobile
SM-J727T1 Build/NRD90M | Android 7.0 | chrome generic for android | 1280x720,SM-J727T1 Build/NRD90M,Android 7.0,chrome generic for android,1280x720,mobile
SAMSUNG SM-J500M Build/MMB29M | UnknownOS | samsung browser 6.4 | UnknownScreen,SAMSUNG SM-J500M Build/MMB29M,,samsung browser 6.4,,mobile
SM-N920T Build/NRD90M | UnknownOS | chrome generic for android | UnknownScreen,SM-N920T Build/NRD90M,,chrome generic for android,,mobile
LG-K530 Build/MMB29M | UnknownOS | chrome generic for android | UnknownScreen,LG-K530 Build/MMB29M,,chrome generic for android,,mobile
XT1635-02 Build/NPN26.118-22-2 | UnknownOS | chrome generic for android | UnknownScreen,XT1635-02 Build/NPN26.118-22-2,,chrome generic for android,,mobile
Y635-L03 Build/HuaweiY635-L03 | UnknownOS | chrome 60.0 for android | UnknownScreen,Y635-L03 Build/HuaweiY635-L03,,chrome 60.0 for android,,mobile
5011A Build/NRD90M | UnknownOS | chrome generic for android | UnknownScreen,5011A Build/NRD90M,,chrome generic for android,,mobile
SM-G955U Build/R16NW | Android 8.0.0 | chrome generic for android | 2220x1081,SM-G955U Build/R16NW,Android 8.0.0,chrome generic for android,2220x1081,mobile
rv:46.0 | Windows 7 | firefox | 1920x1080,rv:46.0,Windows 7,firefox,1920x1080,desktop
LG-K220 Build/MXB48T | UnknownOS | chrome generic for android | UnknownScreen,LG-K220 Build/MXB48T,,chrome generic for android,,mobile
ZTE BLADE V8 MINI Build/NRD90M | UnknownOS | chrome generic for android | UnknownScreen,ZTE BLADE V8 MINI Build/NRD90M,,chrome generic for android,,mobile
RS988 | Android 7.0 | chrome generic for android | 2560x1440,RS988,Android 7.0,chrome generic for android,2560x1440,mobile
Moto G Play Build/NPIS26.48-36-5 | UnknownOS | chrome generic for android | UnknownScreen,Moto G Play Build/NPIS26.48-36-5,,chrome generic for android,,mobile
Hisense L675 Build/MRA58K | UnknownOS | chrome generic for android | UnknownScreen,Hisense L675 Build/MRA58K,,chrome generic for android,,mobile
XT1254 Build/MCG24.251-5-5 | Android 6.0.1 | chrome generic for android | 2560x1440,XT1254 Build/MCG24.251-5-5,Android 6.0.1,chrome generic for android,2560x1440,mobile
SM-G9600 Build/R16NW | UnknownOS | chrome generic for android | UnknownScreen,SM-G9600 Build/R16NW,,chrome generic for android,,mobile
SM-N950U Build/NMF26X | UnknownOS | chrome generic for android | UnknownScreen,SM-N950U Build/NMF26X,,chrome generic for android,,mobile
Moto C Build/NRD90M.054 | UnknownOS | chrome generic for android | UnknownScreen,Moto C Build/NRD90M.054,,chrome generic for android,,mobile
XT1572 Build/NPHS25.200-15-8 | UnknownOS | chrome generic for android | UnknownScreen,XT1572 Build/NPHS25.200-15-8,,chrome generic for android,,mobile
Trident/7.0 | Windows 7 | ie 11.0 for desktop | 1279x1024,Trident/7.0,Windows 7,ie 11.0 for desktop,1279x1024,desktop
LG-M400 Build/NRD90U | UnknownOS | chrome 60.0 for android | UnknownScreen,LG-M400 Build/NRD90U,,chrome 60.0 for android,,mobile
LG-H815 Build/MRA58K | UnknownOS | chrome 65.0 for android | UnknownScreen,LG-H815 Build/MRA58K,,chrome 65.0 for android,,mobile
Windows | Windows 7 | chrome generic | 2560x1440,Windows,Windows 7,chrome generic,2560x1440,desktop
Hisense F23 Build/NRD90M | UnknownOS | chrome generic for android | UnknownScreen,Hisense F23 Build/NRD90M,,chrome generic for android,,mobile
Build/OPM1.171019.011 | UnknownOS | chrome generic for android | UnknownScreen,Build/OPM1.171019.011,,chrome generic for android,,mobile
SM-G950U Build/R16NW | Android 8.0.0 | chrome generic for android | 2220x1080,SM-G950U Build/R16NW,Android 8.0.0,chrome generic for android,2220x1080,mobile
SM-G955U Build/NRD90M | UnknownOS | chrome generic for android | UnknownScreen,SM-G955U Build/NRD90M,,chrome generic for android,,mobile
LG-K410 Build/LRX22G | UnknownOS | chrome generic | UnknownScreen,LG-K410 Build/LRX22G,,chrome generic,,desktop
MacOS | Mac OS X 10_10_5 | chrome generic | 1366x768,MacOS,Mac OS X 10_10_5,chrome generic,1366x768,desktop
Blade L5 Build/LMY47I | UnknownOS | chrome generic | UnknownScreen,Blade L5 Build/LMY47I,,chrome generic,,desktop
SAMSUNG SM-G950U Build/NRD90M | Android 7.0 | samsung browser 6.4 | 2220x1080,SAMSUNG SM-G950U Build/NRD90M,Android 7.0,samsung browser 6.4,2220x1080,mobile
Energy X 2 Build/E050L | UnknownOS | chrome 50.0 for android | UnknownScreen,Energy X 2 Build/E050L,,chrome 50.0 for android,,mobile
Moto Z2 Play Build/NPS26.118-19 | UnknownOS | chrome generic for android | UnknownScreen,Moto Z2 Play Build/NPS26.118-19,,chrome generic for android,,mobile
F3313 Build/37.0.A.2.248 | UnknownOS | chrome generic for android | UnknownScreen,F3313 Build/37.0.A.2.248,,chrome generic for android,,mobile
Blade L2 Plus Build/KOT49H | UnknownOS | chrome 62.0 for android | UnknownScreen,Blade L2 Plus Build/KOT49H,,chrome 62.0 for android,,mobile
SM-G950F Build/R16NW | UnknownOS | chrome generic for android | UnknownScreen,SM-G950F Build/R16NW,,chrome generic for android,,mobile
SAMSUNG SM-G920T Build/NRD90M | Android 7.0 | samsung | 2560x1440,SAMSUNG SM-G920T Build/NRD90M,Android 7.0,samsung,2560x1440,mobile
Trident/7.0 | UnknownOS | Microsoft/Windows | UnknownScreen,Trident/7.0,,Microsoft/Windows,,mobile
S57 Build/KTU84P | UnknownOS | chrome generic | UnknownScreen,S57 Build/KTU84P,,chrome generic,,desktop
KFGIWI Build/LVY48F | UnknownOS | chrome generic | UnknownScreen,KFGIWI Build/LVY48F,,chrome generic,,desktop
UnknownDevice | UnknownOS | android webview 4.0 | UnknownScreen,,,android webview 4.0,,mobile
5054S Build/LMY47V | UnknownOS | chrome 64.0 for android | UnknownScreen,5054S Build/LMY47V,,chrome 64.0 for android,,mobile
G3313 Build/43.0.A.5.79 | UnknownOS | chrome generic for android | UnknownScreen,G3313 Build/43.0.A.5.79,,chrome generic for android,,mobile
moto x4 Build/OPWS27.57-40-14 | UnknownOS | chrome generic for android | UnknownScreen,moto x4 Build/OPWS27.57-40-14,,chrome generic for android,,mobile
Windows | UnknownOS | chrome 66.0 | UnknownScreen,Windows,,chrome 66.0,,desktop
MacOS | Mac OS X 10_11_6 | chrome 65.0 | 1440x900,MacOS,Mac OS X 10_11_6,chrome 65.0,1440x900,desktop
SM-G930U Build/NRD90M | UnknownOS | chrome 66.0 for android | UnknownScreen,SM-G930U Build/NRD90M,,chrome 66.0 for android,,mobile
SM-N950F Build/NMF26X | UnknownOS | chrome 66.0 for android | UnknownScreen,SM-N950F Build/NMF26X,,chrome 66.0 for android,,mobile
UnknownDevice | UnknownOS | chrome 66.0 | UnknownScreen,,,chrome 66.0,,desktop
F3113 Build/33.3.A.1.97 | UnknownOS | android webview 4.0 | UnknownScreen,F3113 Build/33.3.A.1.97,,android webview 4.0,,mobile
XT1650 Build/NPLS26.118-20-5-3 | UnknownOS | chrome 66.0 for android | UnknownScreen,XT1650 Build/NPLS26.118-20-5-3,,chrome 66.0 for android,,mobile
moto x4 Build/OPW27.57-40 | UnknownOS | chrome 66.0 for android | UnknownScreen,moto x4 Build/OPW27.57-40,,chrome 66.0 for android,,mobile
SM-J701M Build/NRD90M | UnknownOS | chrome 66.0 for android | UnknownScreen,SM-J701M Build/NRD90M,,chrome 66.0 for android,,mobile
MacOS | Mac OS X 10_10_5 | safari 10.0 | 2560x1600,MacOS,Mac OS X 10_10_5,safari 10.0,2560x1600,desktop
SM-J700M Build/LMY48B | UnknownOS | chrome 43.0 for android | UnknownScreen,SM-J700M Build/LMY48B,,chrome 43.0 for android,,mobile
UnknownDevice | Linux | chrome 66.0 | 2560x1440,,Linux,chrome 66.0,2560x1440,desktop
Windows | Windows 10 | chrome 66.0 | 1920x1080,Windows,Windows 10,chrome 66.0,1920x1080,desktop
MacOS | Mac OS X 10_13_3 | chrome 66.0 | 1600x900,MacOS,Mac OS X 10_13_3,chrome 66.0,1600x900,desktop
SM-G610M Build/MMB29K | UnknownOS | chrome 66.0 for android | UnknownScreen,SM-G610M Build/MMB29K,,chrome 66.0 for android,,mobile
Moto G (5) Build/NPP25.137-82 | UnknownOS | chrome 66.0 for android | UnknownScreen,Moto G (5) Build/NPP25.137-82,,chrome 66.0 for android,,mobile
5012G Build/MRA58K | UnknownOS | chrome 66.0 for android | UnknownScreen,5012G Build/MRA58K,,chrome 66.0 for android,,mobile
Hisense F23 Build/NRD90M | UnknownOS | chrome 66.0 for android | UnknownScreen,Hisense F23 Build/NRD90M,,chrome 66.0 for android,,mobile
SM-J327VPP Build/NRD90M | UnknownOS | chrome 64.0 for android | UnknownScreen,SM-J327VPP Build/NRD90M,,chrome 64.0 for android,,mobile
HUAWEI G7-L03 Build/HuaweiG7-L03 | UnknownOS | chrome 66.0 for android | UnknownScreen,HUAWEI G7-L03 Build/HuaweiG7-L03,,chrome 66.0 for android,,mobile
SM-T813 Build/NRD90M | Android 7.0 | chrome 66.0 for android | 2048x1536,SM-T813 Build/NRD90M,Android 7.0,chrome 66.0 for android,2048x1536,mobile
UnknownDevice | UnknownOS | chrome 66.0 for ios | UnknownScreen,,,chrome 66.0 for ios,,mobile
Moto G (4) Build/NPJS25.93-14-8 | UnknownOS | chrome 65.0 for android | UnknownScreen,Moto G (4) Build/NPJS25.93-14-8,,chrome 65.0 for android,,mobile
CAM-L03 Build/HUAWEICAM-L03 | UnknownOS | chrome 66.0 for android | UnknownScreen,CAM-L03 Build/HUAWEICAM-L03,,chrome 66.0 for android,,mobile
Moto E (4) Build/NMA26.42-19 | UnknownOS | chrome 66.0 for android | UnknownScreen,Moto E (4) Build/NMA26.42-19,,chrome 66.0 for android,,mobile
6039A Build/LRX22G | UnknownOS | chrome 66.0 for android | UnknownScreen,6039A Build/LRX22G,,chrome 66.0 for android,,mobile
E2306 Build/26.1.A.3.111 | UnknownOS | chrome 66.0 for android | UnknownScreen,E2306 Build/26.1.A.3.111,,chrome 66.0 for android,,mobile
ALE-L23 Build/HuaweiALE-L23 | UnknownOS | chrome 66.0 for android | UnknownScreen,ALE-L23 Build/HuaweiALE-L23,,chrome 66.0 for android,,mobile
SM-G955F Build/R16NW | UnknownOS | chrome 66.0 for android | UnknownScreen,SM-G955F Build/R16NW,,chrome 66.0 for android,,mobile
MotoE2(4G-LTE | UnknownOS | chrome 63.0 for android | UnknownScreen,MotoE2(4G-LTE,,chrome 63.0 for android,,mobile
AX1060 | UnknownOS | chrome 65.0 for android | UnknownScreen,AX1060,,chrome 65.0 for android,,mobile
MacOS | Mac OS X 10_11_6 | safari 11.0 | 2560x1600,MacOS,Mac OS X 10_11_6,safari 11.0,2560x1600,desktop
Moto G (5) Plus Build/NPN25.137-92 | UnknownOS | chrome 66.0 for android | UnknownScreen,Moto G (5) Plus Build/NPN25.137-92,,chrome 66.0 for android,,mobile
Hisense U963 Build/MRA58K | UnknownOS | android webview 4.0 | UnknownScreen,Hisense U963 Build/MRA58K,,android webview 4.0,,mobile
XT1032 Build/LPBS23.13-56-2 | UnknownOS | chrome 66.0 for android | UnknownScreen,XT1032 Build/LPBS23.13-56-2,,chrome 66.0 for android,,mobile
Windows | Windows 10 | chrome 66.0 | 1366x768,Windows,Windows 10,chrome 66.0,1366x768,desktop
LG-M700 Build/NMF26X | UnknownOS | chrome 61.0 for android | UnknownScreen,LG-M700 Build/NMF26X,,chrome 61.0 for android,,mobile
SM-P550 | UnknownOS | chrome 66.0 for android | UnknownScreen,SM-P550,,chrome 66.0 for android,,mobile
Windows | Windows 7 | chrome 66.0 | 1920x1080,Windows,Windows 7,chrome 66.0,1920x1080,desktop
Lenovo A2016b30 Build/MRA58K | UnknownOS | chrome 66.0 for android | UnknownScreen,Lenovo A2016b30 Build/MRA58K,,chrome 66.0 for android,,mobile
Windows | Windows 8.1 | chrome 66.0 | 1600x900,Windows,Windows 8.1,chrome 66.0,1600x900,desktop
Moto E (4) Build/NMA26.42-69 | UnknownOS | chrome 66.0 for android | UnknownScreen,Moto E (4) Build/NMA26.42-69,,chrome 66.0 for android,,mobile
SM-J700M Build/MMB29K | UnknownOS | chrome 66.0 for android | UnknownScreen,SM-J700M Build/MMB29K,,chrome 66.0 for android,,mobile
SM-G930VL Build/NRD90M | Android 7.0 | chrome 66.0 for android | 2560x1440,SM-G930VL Build/NRD90M,Android 7.0,chrome 66.0 for android,2560x1440,mobile
SM-J700M Build/LMY48B | UnknownOS | chrome 66.0 for android | UnknownScreen,SM-J700M Build/LMY48B,,chrome 66.0 for android,,mobile
UnknownDevice | UnknownOS | safari 10.0 | UnknownScreen,,,safari 10.0,,desktop
SM-G950F Build/R16NW | UnknownOS | chrome 66.0 for android | UnknownScreen,SM-G950F Build/R16NW,,chrome 66.0 for android,,mobile
SM-G550T1 Build/MMB29K | UnknownOS | chrome 65.0 for android | UnknownScreen,SM-G550T1 Build/MMB29K,,chrome 65.0 for android,,mobile
Ilium X510 Build/MRA58K | UnknownOS | chrome 66.0 for android | UnknownScreen,Ilium X510 Build/MRA58K,,chrome 66.0 for android,,mobile
HUAWEI VNS-L53 Build/HUAWEIVNS-L53 | UnknownOS | chrome 66.0 for android | UnknownScreen,HUAWEI VNS-L53 Build/HUAWEIVNS-L53,,chrome 66.0 for android,,mobile
SM-A720F Build/NRD90M | UnknownOS | chrome 66.0 for android | UnknownScreen,SM-A720F Build/NRD90M,,chrome 66.0 for android,,mobile
UnknownDevice | UnknownOS | safari 9.0 | UnknownScreen,,,safari 9.0,,desktop
SM-G531H Build/LMY48B | UnknownOS | chrome 66.0 for android | UnknownScreen,SM-G531H Build/LMY48B,,chrome 66.0 for android,,mobile
Moto G (4) Build/NPJS25.93-14-13 | UnknownOS | chrome 66.0 for android | UnknownScreen,Moto G (4) Build/NPJS25.93-14-13,,chrome 66.0 for android,,mobile
SM-J105B Build/LMY47V | UnknownOS | chrome 66.0 for android | UnknownScreen,SM-J105B Build/LMY47V,,chrome 66.0 for android,,mobile
ZTE BLADE V8 MINI Build/NRD90M | UnknownOS | chrome 66.0 for android | UnknownScreen,ZTE BLADE V8 MINI Build/NRD90M,,chrome 66.0 for android,,mobile
SM-A530F Build/NMF26X | UnknownOS | chrome 66.0 for android | UnknownScreen,SM-A530F Build/NMF26X,,chrome 66.0 for android,,mobile
SM-G925I Build/NRD90M | UnknownOS | chrome 59.0 for android | UnknownScreen,SM-G925I Build/NRD90M,,chrome 59.0 for android,,mobile
Lenovo-A6020l36 Build/LMY47V | UnknownOS | chrome 43.0 for android | UnknownScreen,Lenovo-A6020l36 Build/LMY47V,,chrome 43.0 for android,,mobile
HUAWEI | UnknownOS | chrome 66.0 for android | UnknownScreen,HUAWEI,,chrome 66.0 for android,,mobile
Moto G (5) Build/NPPS25.137-93-4 | UnknownOS | chrome 65.0 for android | UnknownScreen,Moto G (5) Build/NPPS25.137-93-4,,chrome 65.0 for android,,mobile
SM-J710MN Build/MMB29K | UnknownOS | chrome 66.0 for android | UnknownScreen,SM-J710MN Build/MMB29K,,chrome 66.0 for android,,mobile
SM-G935F Build/NRD90M | UnknownOS | chrome 66.0 for android | UnknownScreen,SM-G935F Build/NRD90M,,chrome 66.0 for android,,mobile
MYA-L13 Build/HUAWEIMYA-L13 | UnknownOS | chrome 66.0 for android | UnknownScreen,MYA-L13 Build/HUAWEIMYA-L13,,chrome 66.0 for android,,mobile
Ilium X210 Build/LMY47I | UnknownOS | chrome 49.0 for android | UnknownScreen,Ilium X210 Build/LMY47I,,chrome 49.0 for android,,mobile
SM-G532M Build/MMB29T | UnknownOS | chrome 55.0 for android | UnknownScreen,SM-G532M Build/MMB29T,,chrome 55.0 for android,,mobile
Moto G Play Build/MPIS24.241-15.3-7 | UnknownOS | chrome 66.0 for android | UnknownScreen,Moto G Play Build/MPIS24.241-15.3-7,,chrome 66.0 for android,,mobile
BLL-L23 Build/HUAWEIBLL-L23 | UnknownOS | chrome 66.0 for android | UnknownScreen,BLL-L23 Build/HUAWEIBLL-L23,,chrome 66.0 for android,,mobile
Ilium LT500 Build/LMY47O | UnknownOS | chrome 65.0 for android | UnknownScreen,Ilium LT500 Build/LMY47O,,chrome 65.0 for android,,mobile
Moto E (4) Plus Build/NMA26.42-69 | UnknownOS | chrome 66.0 for android | UnknownScreen,Moto E (4) Plus Build/NMA26.42-69,,chrome 66.0 for android,,mobile
HUAWEI RIO-L03 Build/HUAWEIRIO-L03 | UnknownOS | chrome 66.0 for android | UnknownScreen,HUAWEI RIO-L03 Build/HUAWEIRIO-L03,,chrome 66.0 for android,,mobile
SM-G925I Build/NRD90M | UnknownOS | chrome 66.0 for android | UnknownScreen,SM-G925I Build/NRD90M,,chrome 66.0 for android,,mobile
Moto G (4) Build/NPJ25.93-14.7 | UnknownOS | chrome 66.0 for android | UnknownScreen,Moto G (4) Build/NPJ25.93-14.7,,chrome 66.0 for android,,mobile
SM-G570M Build/NRD90M | UnknownOS | chrome 66.0 for android | UnknownScreen,SM-G570M Build/NRD90M,,chrome 66.0 for android,,mobile
iOS Device | iOS 11.3.0 | mobile safari 11.0 | 2436x1125,iOS Device,iOS 11.3.0,mobile safari 11.0,2436x1125,mobile
LG-K580 Build/MRA58K | UnknownOS | chrome 66.0 for android | UnknownScreen,LG-K580 Build/MRA58K,,chrome 66.0 for android,,mobile
Shift Build/LMY47I | UnknownOS | chrome 46.0 for android | UnknownScreen,Shift Build/LMY47I,,chrome 46.0 for android,,mobile
SM-J320M Build/LMY47V | UnknownOS | chrome 66.0 for android | UnknownScreen,SM-J320M Build/LMY47V,,chrome 66.0 for android,,mobile
Blade V6 Plus Build/MRA58K | UnknownOS | chrome 66.0 for android | UnknownScreen,Blade V6 Plus Build/MRA58K,,chrome 66.0 for android,,mobile
RNE-L03 Build/HUAWEIRNE-L03 | UnknownOS | chrome 66.0 for android | UnknownScreen,RNE-L03 Build/HUAWEIRNE-L03,,chrome 66.0 for android,,mobile
SM-G532M Build/MMB29T | UnknownOS | chrome 66.0 for android | UnknownScreen,SM-G532M Build/MMB29T,,chrome 66.0 for android,,mobile
Moto G (5) Build/NPPS25.137-15-11 | UnknownOS | chrome 66.0 for android | UnknownScreen,Moto G (5) Build/NPPS25.137-15-11,,chrome 66.0 for android,,mobile
Moto Z (2 | UnknownOS | chrome 66.0 for android | UnknownScreen,Moto Z (2,,chrome 66.0 for android,,mobile
Lenovo A2016b30 Build/MRA58K | UnknownOS | chrome 59.0 for android | UnknownScreen,Lenovo A2016b30 Build/MRA58K,,chrome 59.0 for android,,mobile
PRA-LX3 Build/HUAWEIPRA-LX3 | UnknownOS | chrome 66.0 for android | UnknownScreen,PRA-LX3 Build/HUAWEIPRA-LX3,,chrome 66.0 for android,,mobile
HTC Desire 530 Build/MMB29M | UnknownOS | chrome 66.0 for android | UnknownScreen,HTC Desire 530 Build/MMB29M,,chrome 66.0 for android,,mobile
MotoG3-TE Build/MPDS24.65-33-1-30 | UnknownOS | chrome 54.0 for android | UnknownScreen,MotoG3-TE Build/MPDS24.65-33-1-30,,chrome 54.0 for android,,mobile
Lenovo TB3-710F Build/LRX21M | UnknownOS | chrome 66.0 for android | UnknownScreen,Lenovo TB3-710F Build/LRX21M,,chrome 66.0 for android,,mobile
LG-X180g Build/LMY47I | UnknownOS | chrome 66.0 for android | UnknownScreen,LG-X180g Build/LMY47I,,chrome 66.0 for android,,mobile
Moto G (5) Plus Build/NPNS25.137-92-8 | UnknownOS | chrome 66.0 for android | UnknownScreen,Moto G (5) Plus Build/NPNS25.137-92-8,,chrome 66.0 for android,,mobile
SAMSUNG-SM-G890A Build/MMB29K | UnknownOS | chrome 66.0 for android | UnknownScreen,SAMSUNG-SM-G890A Build/MMB29K,,chrome 66.0 for android,,mobile
iOS Device | iOS 11.3.0 | mobile safari 11.0 | 2048x1536,iOS Device,iOS 11.3.0,mobile safari 11.0,2048x1536,mobile
HUAWEI NXT-L09 Build/HUAWEINXT-L09 | UnknownOS | chrome 66.0 for android | UnknownScreen,HUAWEI NXT-L09 Build/HUAWEINXT-L09,,chrome 66.0 for android,,mobile
Moto G (5) Build/NPP25.137-93 | UnknownOS | chrome 66.0 for android | UnknownScreen,Moto G (5) Build/NPP25.137-93,,chrome 66.0 for android,,mobile
SM-N950U Build/R16NW | Android 8.0.0 | chrome 66.0 for android | 2220x1080,SM-N950U Build/R16NW,Android 8.0.0,chrome 66.0 for android,2220x1080,mobile
Windows | Windows 10 | firefox 60.0 | 1920x1080,Windows,Windows 10,firefox 60.0,1920x1080,desktop
Hisense F102 Build/NRD90M | UnknownOS | chrome 54.0 for android | UnknownScreen,Hisense F102 Build/NRD90M,,chrome 54.0 for android,,mobile
Y635-L03 Build/HuaweiY635-L03 | UnknownOS | chrome 66.0 for android | UnknownScreen,Y635-L03 Build/HuaweiY635-L03,,chrome 66.0 for android,,mobile
SM-G850M | UnknownOS | chrome 66.0 for android | UnknownScreen,SM-G850M,,chrome 66.0 for android,,mobile
SAMSUNG SM-G532M Build/MMB29T | UnknownOS | samsung browser 4.2 | UnknownScreen,SAMSUNG SM-G532M Build/MMB29T,,samsung browser 4.2,,mobile
SM-J730GM Build/NRD90M | UnknownOS | chrome 66.0 for android | UnknownScreen,SM-J730GM Build/NRD90M,,chrome 66.0 for android,,mobile
SM-J510MN Build/MMB29M | UnknownOS | chrome 66.0 for android | UnknownScreen,SM-J510MN Build/MMB29M,,chrome 66.0 for android,,mobile
SM-G955F Build/NRD90M | UnknownOS | chrome 66.0 for android | UnknownScreen,SM-G955F Build/NRD90M,,chrome 66.0 for android,,mobile
Windows | Windows 10 | chrome 66.0 | 1680x1050,Windows,Windows 10,chrome 66.0,1680x1050,desktop
HTC Desire 10 lifestyle Build/MMB29M | UnknownOS | chrome 66.0 for android | UnknownScreen,HTC Desire 10 lifestyle Build/MMB29M,,chrome 66.0 for android,,mobile
SM-G920V Build/NRD90M | Android 7.0 | chrome 66.0 for android | 2560x1440,SM-G920V Build/NRD90M,Android 7.0,chrome 66.0 for android,2560x1440,mobile
5010G Build/MRA58K | UnknownOS | chrome 66.0 for android | UnknownScreen,5010G Build/MRA58K,,chrome 66.0 for android,,mobile
SM-G570M Build/MMB29K | UnknownOS | chrome 66.0 for android | UnknownScreen,SM-G570M Build/MMB29K,,chrome 66.0 for android,,mobile
Redmi 5 Plus Build/N2G47H | UnknownOS | chrome 66.0 for android | UnknownScreen,Redmi 5 Plus Build/N2G47H,,chrome 66.0 for android,,mobile
Moto G (4) Build/NPJS25.93-14-13 | UnknownOS | chrome 63.0 for android | UnknownScreen,Moto G (4) Build/NPJS25.93-14-13,,chrome 63.0 for android,,mobile
Moto G (5) Build/NPP25.137-93 | UnknownOS | chrome 63.0 for android | UnknownScreen,Moto G (5) Build/NPP25.137-93,,chrome 63.0 for android,,mobile
F3313 Build/37.0.A.2.248 | UnknownOS | chrome 66.0 for android | UnknownScreen,F3313 Build/37.0.A.2.248,,chrome 66.0 for android,,mobile
SM-T820 Build/NRD90M | UnknownOS | chrome 66.0 for android | UnknownScreen,SM-T820 Build/NRD90M,,chrome 66.0 for android,,mobile
iOS Device | iOS 11.3.0 | mobile safari 11.0 | 2208x1242,iOS Device,iOS 11.3.0,mobile safari 11.0,2208x1242,mobile
LG-M250 Build/NRD90U | UnknownOS | chrome 66.0 for android | UnknownScreen,LG-M250 Build/NRD90U,,chrome 66.0 for android,,mobile
LG-X220 Build/LMY47I | UnknownOS | chrome 66.0 for android | UnknownScreen,LG-X220 Build/LMY47I,,chrome 66.0 for android,,mobile
MacOS | Mac OS X 10_10_5 | safari 10.0 | 1920x1080,MacOS,Mac OS X 10_10_5,safari 10.0,1920x1080,desktop
SM-G928G Build/NRD90M | UnknownOS | chrome 66.0 for android | UnknownScreen,SM-G928G Build/NRD90M,,chrome 66.0 for android,,mobile
iOS Device | iOS 11.3.0 | mobile safari 11.0 | 1334x750,iOS Device,iOS 11.3.0,mobile safari 11.0,1334x750,mobile
UnknownDevice | Android | chrome 66.0 | 1280x720,,Android,chrome 66.0,1280x720,mobile
BLADE V8 SE Build/NRD90M | UnknownOS | chrome 66.0 for android | UnknownScreen,BLADE V8 SE Build/NRD90M,,chrome 66.0 for android,,mobile
MacOS | Mac OS X 10_11_6 | safari 11.0 | 1280x800,MacOS,Mac OS X 10_11_6,safari 11.0,1280x800,desktop
SAMSUNG SM-G531H Build/LMY48B | UnknownOS | samsung browser 6.4 | UnknownScreen,SAMSUNG SM-G531H Build/LMY48B,,samsung browser 6.4,,mobile
XT1064 Build/MPB24.65-34-3 | UnknownOS | chrome 66.0 for android | UnknownScreen,XT1064 Build/MPB24.65-34-3,,chrome 66.0 for android,,mobile
UnknownDevice | UnknownOS | safari 11.0 | UnknownScreen,,,safari 11.0,,desktop
LG-TP450 Build/NRD90U | Android 7.0 | chrome 66.0 for android | 1920x1080,LG-TP450 Build/NRD90U,Android 7.0,chrome 66.0 for android,1920x1080,mobile
XT1032 | UnknownOS | chrome 65.0 for android | UnknownScreen,XT1032,,chrome 65.0 for android,,mobile
TA-1044 Build/OPR1.170623.026 | UnknownOS | chrome 66.0 for android | UnknownScreen,TA-1044 Build/OPR1.170623.026,,chrome 66.0 for android,,mobile
LG-M700 Build/NMF26X | UnknownOS | chrome 66.0 for android | UnknownScreen,LG-M700 Build/NMF26X,,chrome 66.0 for android,,mobile
SAMSUNG SM-G531H Build/LMY48B | UnknownOS | samsung browser 3.3 | UnknownScreen,SAMSUNG SM-G531H Build/LMY48B,,samsung browser 3.3,,mobile
Moto G (4) Build/NPJS25.93-14-10 | UnknownOS | chrome 66.0 for android | UnknownScreen,Moto G (4) Build/NPJS25.93-14-10,,chrome 66.0 for android,,mobile
TA-1028 Build/O00623 | UnknownOS | chrome 66.0 for android | UnknownScreen,TA-1028 Build/O00623,,chrome 66.0 for android,,mobile
SM-G920T | UnknownOS | chrome 66.0 for android | UnknownScreen,SM-G920T,,chrome 66.0 for android,,mobile
Ilium | UnknownOS | chrome 66.0 for android | UnknownScreen,Ilium,,chrome 66.0 for android,,mobile
ALP-L09 Build/HUAWEIALP-L09S | UnknownOS | chrome 66.0 for android | UnknownScreen,ALP-L09 Build/HUAWEIALP-L09S,,chrome 66.0 for android,,mobile
HUAWEI VNS-L23 Build/HUAWEIVNS-L23 | UnknownOS | chrome 66.0 for android | UnknownScreen,HUAWEI VNS-L23 Build/HUAWEIVNS-L23,,chrome 66.0 for android,,mobile
Moto G (5) Plus Build/NPNS25.137-92-10 | UnknownOS | chrome 66.0 for android | UnknownScreen,Moto G (5) Plus Build/NPNS25.137-92-10,,chrome 66.0 for android,,mobile
ALCATEL ONE TOUCH 7047A Build/JDQ39 | UnknownOS | chrome | UnknownScreen,ALCATEL ONE TOUCH 7047A Build/JDQ39,,chrome,,mobile
LG-D373 | UnknownOS | chrome 64.0 for android | UnknownScreen,LG-D373,,chrome 64.0 for android,,mobile
SM-A730F Build/NMF26X | UnknownOS | chrome 66.0 for android | UnknownScreen,SM-A730F Build/NMF26X,,chrome 66.0 for android,,mobile
Hisense F20 Build/MMB29M | UnknownOS | chrome 66.0 for android | UnknownScreen,Hisense F20 Build/MMB29M,,chrome 66.0 for android,,mobile
Android 7.0 | UnknownOS | android webview 4.0 | UnknownScreen,Android 7.0,,android webview 4.0,,mobile
LGLS676 Build/MXB48T | UnknownOS | chrome 66.0 for android | UnknownScreen,LGLS676 Build/MXB48T,,chrome 66.0 for android,,mobile
5044A | UnknownOS | chrome 64.0 for android | UnknownScreen,5044A,,chrome 64.0 for android,,mobile
Ilium L1120 Build/NRD90M | UnknownOS | chrome 66.0 for android | UnknownScreen,Ilium L1120 Build/NRD90M,,chrome 66.0 for android,,mobile
E5506 Build/29.2.A.0.166 | UnknownOS | chrome 66.0 for android | UnknownScreen,E5506 Build/29.2.A.0.166,,chrome 66.0 for android,,mobile
M4 SS4456 Build/LMY47V | UnknownOS | chrome 66.0 for android | UnknownScreen,M4 SS4456 Build/LMY47V,,chrome 66.0 for android,,mobile
SAMSUNG SM-G935T Build/NRD90M | Android 7.0 | samsung browser 6.4 | 1920x1080,SAMSUNG SM-G935T Build/NRD90M,Android 7.0,samsung browser 6.4,1920x1080,mobile
iOS Device | iOS 11.3.0 | mobile safari 11.0 | 1136x640,iOS Device,iOS 11.3.0,mobile safari 11.0,1136x640,mobile
MotoG3 Build/MPIS24.65-33.1-2-16 | UnknownOS | chrome 66.0 for android | UnknownScreen,MotoG3 Build/MPIS24.65-33.1-2-16,,chrome 66.0 for android,,mobile
Windows | Windows 7 | chrome 66.0 | 1366x768,Windows,Windows 7,chrome 66.0,1366x768,desktop
HUAWEI Y560-L03 Build/HUAWEIY560-L03 | UnknownOS | chrome 66.0 for android | UnknownScreen,HUAWEI Y560-L03 Build/HUAWEIY560-L03,,chrome 66.0 for android,,mobile
LGMS550 Build/MXB48T | UnknownOS | chrome 55.0 for android | UnknownScreen,LGMS550 Build/MXB48T,,chrome 55.0 for android,,mobile
MacOS | Mac OS X 10_12_5 | chrome 64.0 | 1440x900,MacOS,Mac OS X 10_12_5,chrome 64.0,1440x900,desktop
E6553 | UnknownOS | chrome 66.0 for android | UnknownScreen,E6553,,chrome 66.0 for android,,mobile
HUAWEI TAG-L13 Build/HUAWEITAG-L13 | UnknownOS | chrome 66.0 for android | UnknownScreen,HUAWEI TAG-L13 Build/HUAWEITAG-L13,,chrome 66.0 for android,,mobile
Lenovo TB3-710I Build/LMY47I | UnknownOS | chrome 62.0 for android | UnknownScreen,Lenovo TB3-710I Build/LMY47I,,chrome 62.0 for android,,mobile
B1-750 | UnknownOS | chrome 60.0 for android | UnknownScreen,B1-750,,chrome 60.0 for android,,mobile
LG-X240 Build/MRA58K | UnknownOS | chrome 66.0 for android | UnknownScreen,LG-X240 Build/MRA58K,,chrome 66.0 for android,,mobile
Redmi | UnknownOS | chrome 66.0 for android | UnknownScreen,Redmi,,chrome 66.0 for android,,mobile
Android 4.4.2 | UnknownOS | android browser 4.0 | UnknownScreen,Android 4.4.2,,android browser 4.0,,mobile
SM-E700M | UnknownOS | chrome 66.0 for android | UnknownScreen,SM-E700M,,chrome 66.0 for android,,mobile
LG-K410 Build/LRX22G | UnknownOS | chrome 66.0 for android | UnknownScreen,LG-K410 Build/LRX22G,,chrome 66.0 for android,,mobile
SM-G9600 Build/R16NW | UnknownOS | chrome 66.0 for android | UnknownScreen,SM-G9600 Build/R16NW,,chrome 66.0 for android,,mobile
SM-G920P Build/NRD90M | UnknownOS | chrome 66.0 for android | UnknownScreen,SM-G920P Build/NRD90M,,chrome 66.0 for android,,mobile
UnknownDevice | UnknownOS | google search application 48.0 | UnknownScreen,,,google search application 48.0,,mobile
SM-G530H Build/KTU84P | UnknownOS | chrome 62.0 for android | UnknownScreen,SM-G530H Build/KTU84P,,chrome 62.0 for android,,mobile
Windows | Windows 10 | firefox 59.0 | 1366x768,Windows,Windows 10,firefox 59.0,1366x768,desktop
SAMSUNG SM-G9650 Build/R16NW | UnknownOS | samsung browser 7.0 | UnknownScreen,SAMSUNG SM-G9650 Build/R16NW,,samsung browser 7.0,,mobile
Blade A465 Build/LMY47D | UnknownOS | chrome 66.0 for android | UnknownScreen,Blade A465 Build/LMY47D,,chrome 66.0 for android,,mobile
AX921 Build/MRA58K | UnknownOS | chrome 66.0 for android | UnknownScreen,AX921 Build/MRA58K,,chrome 66.0 for android,,mobile
LG-H840 Build/MMB29M | UnknownOS | chrome 66.0 for android | UnknownScreen,LG-H840 Build/MMB29M,,chrome 66.0 for android,,mobile
Moto C Build/NRD90M.057 | UnknownOS | chrome 65.0 for android | UnknownScreen,Moto C Build/NRD90M.057,,chrome 65.0 for android,,mobile
CRO-L03 Build/HUAWEICRO-L03 | UnknownOS | chrome 66.0 for android | UnknownScreen,CRO-L03 Build/HUAWEICRO-L03,,chrome 66.0 for android,,mobile
LGLS770 | UnknownOS | chrome 60.0 for android | UnknownScreen,LGLS770,,chrome 60.0 for android,,mobile
TRT-L53 Build/HUAWEITRT-L53 | UnknownOS | chrome 62.0 for android | UnknownScreen,TRT-L53 Build/HUAWEITRT-L53,,chrome 62.0 for android,,mobile
SM-G955U Build/NRD90M | Android 7.0 | chrome 66.0 for android | 2220x1081,SM-G955U Build/NRD90M,Android 7.0,chrome 66.0 for android,2220x1081,mobile
G3423 | UnknownOS | chrome 66.0 for android | UnknownScreen,G3423,,chrome 66.0 for android,,mobile
SM-A500M Build/KTU84P | UnknownOS | chrome 66.0 for android | UnknownScreen,SM-A500M Build/KTU84P,,chrome 66.0 for android,,mobile
Windows | UnknownOS | firefox 60.0 | UnknownScreen,Windows,,firefox 60.0,,desktop
F5121 Build/34.4.A.2.19 | UnknownOS | chrome 66.0 for android | UnknownScreen,F5121 Build/34.4.A.2.19,,chrome 66.0 for android,,mobile
SAMSUNG SM-G965F Build/R16NW | Android 8.0.0 | samsung browser 7.0 | 2220x1081,SAMSUNG SM-G965F Build/R16NW,Android 8.0.0,samsung browser 7.0,2220x1081,mobile
6045I Build/LRX22G | UnknownOS | chrome 58.0 for android | UnknownScreen,6045I Build/LRX22G,,chrome 58.0 for android,,mobile
SM-E500M Build/KTU84P | UnknownOS | chrome 66.0 for android | UnknownScreen,SM-E500M Build/KTU84P,,chrome 66.0 for android,,mobile
HTC Desire 650 Build/MMB29M | UnknownOS | chrome 66.0 for android | UnknownScreen,HTC Desire 650 Build/MMB29M,,chrome 66.0 for android,,mobile
MacOS | Mac OS X 10_12_6 | chrome 66.0 | 2880x1800,MacOS,Mac OS X 10_12_6,chrome 66.0,2880x1800,desktop
MacOS | Mac OS X 10_13_4 | safari 11.0 | 1920x1080,MacOS,Mac OS X 10_13_4,safari 11.0,1920x1080,desktop
SM-G950U Build/R16NW | UnknownOS | chrome 66.0 for android | UnknownScreen,SM-G950U Build/R16NW,,chrome 66.0 for android,,mobile
SAMSUNG SM-G960U Build/R16NW | UnknownOS | samsung browser 7.0 | UnknownScreen,SAMSUNG SM-G960U Build/R16NW,,samsung browser 7.0,,mobile
Linux x86_64 | UnknownOS | firefox 47.0 | UnknownScreen,Linux x86_64,,firefox 47.0,,desktop
UnknownDevice | UnknownOS | firefox 60.0 | UnknownScreen,,,firefox 60.0,,desktop
MacOS | Mac OS X 10_13_1 | chrome 65.0 | 2880x1800,MacOS,Mac OS X 10_13_1,chrome 65.0,2880x1800,desktop
Windows | UnknownOS | chrome 58.0 | UnknownScreen,Windows,,chrome 58.0,,desktop
ZA509 | UnknownOS | android browser 4.0 | UnknownScreen,ZA509,,android browser 4.0,,mobile
LG-X180g Build/LMY47I | UnknownOS | android browser 4.0 | UnknownScreen,LG-X180g Build/LMY47I,,android browser 4.0,,mobile
HTC U11 Build/NMF26X | UnknownOS | chrome 66.0 for android | UnknownScreen,HTC U11 Build/NMF26X,,chrome 66.0 for android,,mobile
Moto Z2 Play Build/NPSS26.118-19-14 | UnknownOS | chrome 66.0 for android | UnknownScreen,Moto Z2 Play Build/NPSS26.118-19-14,,chrome 66.0 for android,,mobile
Windows | UnknownOS | opera 53.0 | UnknownScreen,Windows,,opera 53.0,,desktop
LG-D320 Build/KOT49I.V10a | UnknownOS | chrome | UnknownScreen,LG-D320 Build/KOT49I.V10a,,chrome,,mobile
SM-A300H Build/LRX22G | UnknownOS | chrome 66.0 for android | UnknownScreen,SM-A300H Build/LRX22G,,chrome 66.0 for android,,mobile
XT1635-02 Build/NPN26.118-22-2 | UnknownOS | chrome 66.0 for android | UnknownScreen,XT1635-02 Build/NPN26.118-22-2,,chrome 66.0 for android,,mobile
MacOS | Mac OS X 10_13_1 | safari 11.0 | 1440x900,MacOS,Mac OS X 10_13_1,safari 11.0,1440x900,desktop
MacOS | Mac OS X 10_13_4 | safari 11.0 | 2880x1800,MacOS,Mac OS X 10_13_4,safari 11.0,2880x1800,desktop
SM-T530 Build/LRX22G | UnknownOS | chrome 66.0 for android | UnknownScreen,SM-T530 Build/LRX22G,,chrome 66.0 for android,,mobile
SM-T330 | UnknownOS | chrome 65.0 for android | UnknownScreen,SM-T330,,chrome 65.0 for android,,mobile
AX820 Build/MRA58K | UnknownOS | chrome 54.0 for android | UnknownScreen,AX820 Build/MRA58K,,chrome 54.0 for android,,mobile
AX821 Build/MRA58K | UnknownOS | chrome 66.0 for android | UnknownScreen,AX821 Build/MRA58K,,chrome 66.0 for android,,mobile
UnknownDevice | UnknownOS | google search application 49.0 | UnknownScreen,,,google search application 49.0,,mobile
SM-J250M Build/NMF26X | UnknownOS | chrome 66.0 for android | UnknownScreen,SM-J250M Build/NMF26X,,chrome 66.0 for android,,mobile
F3213 Build/36.1.A.1.86 | UnknownOS | chrome 66.0 for android | UnknownScreen,F3213 Build/36.1.A.1.86,,chrome 66.0 for android,,mobile
LG-D850 | Android | chrome 66.0 for android | 2560x1440,LG-D850,Android,chrome 66.0 for android,2560x1440,mobile
B1-750 | UnknownOS | chrome 66.0 for android | UnknownScreen,B1-750,,chrome 66.0 for android,,mobile
BLADE A520 Build/NRD90M | UnknownOS | chrome 55.0 for android | UnknownScreen,BLADE A520 Build/NRD90M,,chrome 55.0 for android,,mobile
LG-H870 Build/NRD90U | UnknownOS | chrome 66.0 for android | UnknownScreen,LG-H870 Build/NRD90U,,chrome 66.0 for android,,mobile
G3123 Build/40.0.A.6.175 | UnknownOS | chrome 66.0 for android | UnknownScreen,G3123 Build/40.0.A.6.175,,chrome 66.0 for android,,mobile
Z9 PLUS Build/NRD90M | UnknownOS | chrome 66.0 for android | UnknownScreen,Z9 PLUS Build/NRD90M,,chrome 66.0 for android,,mobile
Gravity Build/NRD90M | UnknownOS | chrome 66.0 for android | UnknownScreen,Gravity Build/NRD90M,,chrome 66.0 for android,,mobile
SAMSUNG SM-G965U Build/R16NW | Android 8.0.0 | samsung browser 7.0 | 2220x1081,SAMSUNG SM-G965U Build/R16NW,Android 8.0.0,samsung browser 7.0,2220x1081,mobile
SM-N950F Build/R16NW | UnknownOS | chrome 66.0 for android | UnknownScreen,SM-N950F Build/R16NW,,chrome 66.0 for android,,mobile
SM-G9650 Build/R16NW | UnknownOS | chrome 66.0 for android | UnknownScreen,SM-G9650 Build/R16NW,,chrome 66.0 for android,,mobile
HUAWEI Y520-U03 Build/HUAWEIY520-U03 | UnknownOS | chrome 65.0 for android | UnknownScreen,HUAWEI Y520-U03 Build/HUAWEIY520-U03,,chrome 65.0 for android,,mobile
BLADE V8 SE Build/NRD90M | UnknownOS | chrome 55.0 for android | UnknownScreen,BLADE V8 SE Build/NRD90M,,chrome 55.0 for android,,mobile
HTC Desire 530 Build/MMB29M | UnknownOS | chrome 64.0 for android | UnknownScreen,HTC Desire 530 Build/MMB29M,,chrome 64.0 for android,,mobile
5015A Build/LMY47I | UnknownOS | chrome 66.0 for android | UnknownScreen,5015A Build/LMY47I,,chrome 66.0 for android,,mobile
SM-A520F Build/NRD90M | UnknownOS | chrome 66.0 for android | UnknownScreen,SM-A520F Build/NRD90M,,chrome 66.0 for android,,mobile
LG-H420 Build/LRX21Y | UnknownOS | chrome 65.0 for android | UnknownScreen,LG-H420 Build/LRX21Y,,chrome 65.0 for android,,mobile
rv:60.0 | UnknownOS | firefox 60.0 | UnknownScreen,rv:60.0,,firefox 60.0,,desktop
Windows | Windows 10 | chrome 66.0 | 1600x900,Windows,Windows 10,chrome 66.0,1600x900,desktop
Lenovo YT3-850F Build/MMB29M | UnknownOS | chrome 66.0 for android | UnknownScreen,Lenovo YT3-850F Build/MMB29M,,chrome 66.0 for android,,mobile
Blade V6 Build/LRX22G | UnknownOS | chrome 66.0 for android | UnknownScreen,Blade V6 Build/LRX22G,,chrome 66.0 for android,,mobile
Moto E (4) Plus Build/NMA26.42-142 | UnknownOS | chrome 66.0 for android | UnknownScreen,Moto E (4) Plus Build/NMA26.42-142,,chrome 66.0 for android,,mobile
MOT-A6020l37 Build/LMY47V | UnknownOS | chrome 43.0 for android | UnknownScreen,MOT-A6020l37 Build/LMY47V,,chrome 43.0 for android,,mobile
F3113 Build/33.3.A.1.97 | UnknownOS | chrome 66.0 for android | UnknownScreen,F3113 Build/33.3.A.1.97,,chrome 66.0 for android,,mobile
Mi A1 Build/OPR1.170623.026 | UnknownOS | chrome 66.0 for android | UnknownScreen,Mi A1 Build/OPR1.170623.026,,chrome 66.0 for android,,mobile
Ilium LT510 Build/MRA58K | UnknownOS | chrome 63.0 for android | UnknownScreen,Ilium LT510 Build/MRA58K,,chrome 63.0 for android,,mobile
SM-J320FN Build/LMY47V | UnknownOS | chrome 66.0 for android | UnknownScreen,SM-J320FN Build/LMY47V,,chrome 66.0 for android,,mobile
E2306 Build/26.3.A.1.33 | UnknownOS | chrome 51.0 for android | UnknownScreen,E2306 Build/26.3.A.1.33,,chrome 51.0 for android,,mobile
Hisense F8 MINI Build/NRD90M | UnknownOS | chrome 66.0 for android | UnknownScreen,Hisense F8 MINI Build/NRD90M,,chrome 66.0 for android,,mobile
5015A Build/LMY47I | UnknownOS | chrome 43.0 for android | UnknownScreen,5015A Build/LMY47I,,chrome 43.0 for android,,mobile
5011A Build/NRD90M | UnknownOS | chrome 66.0 for android | UnknownScreen,5011A Build/NRD90M,,chrome 66.0 for android,,mobile
Moto G (4) Build/NPJS25.93-14-15 | UnknownOS | chrome 66.0 for android | UnknownScreen,Moto G (4) Build/NPJS25.93-14-15,,chrome 66.0 for android,,mobile
STUDIO_G_HD | UnknownOS | chrome 52.0 for android | UnknownScreen,STUDIO_G_HD,,chrome 52.0 for android,,mobile
SAMSUNG SM-G550T1 Build/MMB29K | UnknownOS | samsung browser 6.4 | UnknownScreen,SAMSUNG SM-G550T1 Build/MMB29K,,samsung browser 6.4,,mobile
BLADE V8Q Build/N2G47H | UnknownOS | chrome 58.0 for android | UnknownScreen,BLADE V8Q Build/N2G47H,,chrome 58.0 for android,,mobile
4047A Build/NRD90M | UnknownOS | chrome 65.0 for android | UnknownScreen,4047A Build/NRD90M,,chrome 65.0 for android,,mobile
SAMSUNG SM-G950F Build/R16NW | UnknownOS | samsung browser 6.4 | UnknownScreen,SAMSUNG SM-G950F Build/R16NW,,samsung browser 6.4,,mobile
MacOS | Mac OS X 10_10_5 | safari 10.0 | 1600x900,MacOS,Mac OS X 10_10_5,safari 10.0,1600x900,desktop
TA-1025 Build/OPR1.170623.026 | UnknownOS | chrome 66.0 for android | UnknownScreen,TA-1025 Build/OPR1.170623.026,,chrome 66.0 for android,,mobile
SM-G950F Build/NRD90M | UnknownOS | chrome 66.0 for android | UnknownScreen,SM-G950F Build/NRD90M,,chrome 66.0 for android,,mobile
moto g(6) play Build/OPP27.61-14-4 | UnknownOS | chrome 66.0 for android | UnknownScreen,moto g(6) play Build/OPP27.61-14-4,,chrome 66.0 for android,,mobile
TA-1044 Build/OPR1.170623.026 | UnknownOS | chrome 64.0 for android | UnknownScreen,TA-1044 Build/OPR1.170623.026,,chrome 64.0 for android,,mobile
gxq6580_weg_l Build/LMY47I | UnknownOS | chrome 59.0 for android | UnknownScreen,gxq6580_weg_l Build/LMY47I,,chrome 59.0 for android,,mobile
MacOS | Mac OS X 10_13_4 | chrome 66.0 | 1920x1080,MacOS,Mac OS X 10_13_4,chrome 66.0,1920x1080,desktop
iOS Device | iOS 11.3.0 | mobile safari 11.0 | 2001x1125,iOS Device,iOS 11.3.0,mobile safari 11.0,2001x1125,mobile
SM-N920V Build/NRD90M | UnknownOS | chrome 66.0 for android | UnknownScreen,SM-N920V Build/NRD90M,,chrome 66.0 for android,,mobile
Moto X Play Build/NPD26.48-24-1 | UnknownOS | chrome 66.0 for android | UnknownScreen,Moto X Play Build/NPD26.48-24-1,,chrome 66.0 for android,,mobile
SM-A710M Build/NRD90M | UnknownOS | chrome 66.0 for android | UnknownScreen,SM-A710M Build/NRD90M,,chrome 66.0 for android,,mobile
X78 | UnknownOS | chrome 66.0 for android | UnknownScreen,X78,,chrome 66.0 for android,,mobile
Moto C Build/NRD90M.070 | UnknownOS | chrome 66.0 for android | UnknownScreen,Moto C Build/NRD90M.070,,chrome 66.0 for android,,mobile
SM-G900M Build/LRX21T | UnknownOS | chrome 66.0 for android | UnknownScreen,SM-G900M Build/LRX21T,,chrome 66.0 for android,,mobile
5025G Build/LMY47I | UnknownOS | chrome 63.0 for android | UnknownScreen,5025G Build/LMY47I,,chrome 63.0 for android,,mobile
SM-N950U Build/R16NW | UnknownOS | chrome 66.0 for android | UnknownScreen,SM-N950U Build/R16NW,,chrome 66.0 for android,,mobile
SM-J120W | UnknownOS | chrome 66.0 for android | UnknownScreen,SM-J120W,,chrome 66.0 for android,,mobile
iOS Device | iOS 11.2.6 | mobile safari 11.0 | 2732x2048,iOS Device,iOS 11.2.6,mobile safari 11.0,2732x2048,mobile
LG-H542 Build/LRX22G | UnknownOS | chrome 64.0 for android | UnknownScreen,LG-H542 Build/LRX22G,,chrome 64.0 for android,,mobile
LG-K200 Build/MXB48T | UnknownOS | chrome 66.0 for android | UnknownScreen,LG-K200 Build/MXB48T,,chrome 66.0 for android,,mobile
HTC One A9s Build/MRA58K | UnknownOS | chrome 66.0 for android | UnknownScreen,HTC One A9s Build/MRA58K,,chrome 66.0 for android,,mobile
7_Plus | UnknownOS | android webview 4.0 | UnknownScreen,7_Plus,,android webview 4.0,,mobile
Moto G (5) Build/NPP25.137-33 | UnknownOS | chrome 66.0 for android | UnknownScreen,Moto G (5) Build/NPP25.137-33,,chrome 66.0 for android,,mobile
LG-X180g Build/LMY47I | UnknownOS | chrome 51.0 for android | UnknownScreen,LG-X180g Build/LMY47I,,chrome 51.0 for android,,mobile
Moto G Play Build/NPIS26.48-36-5 | UnknownOS | chrome 66.0 for android | UnknownScreen,Moto G Play Build/NPIS26.48-36-5,,chrome 66.0 for android,,mobile
XT1063 Build/MPB24.65-34-3 | UnknownOS | chrome 66.0 for android | UnknownScreen,XT1063 Build/MPB24.65-34-3,,chrome 66.0 for android,,mobile
Moto E (4) Plus Build/NMA26.42-142 | UnknownOS | chrome 56.0 for android | UnknownScreen,Moto E (4) Plus Build/NMA26.42-142,,chrome 56.0 for android,,mobile
E6853 Build/32.4.A.1.54 | UnknownOS | chrome 66.0 for android | UnknownScreen,E6853 Build/32.4.A.1.54,,chrome 66.0 for android,,mobile
Moto E (4) Build/NDQS26.69-64-2 | UnknownOS | chrome 66.0 for android | UnknownScreen,Moto E (4) Build/NDQS26.69-64-2,,chrome 66.0 for android,,mobile
Lenovo PB1-750M Build/S100 | UnknownOS | chrome 66.0 for android | UnknownScreen,Lenovo PB1-750M Build/S100,,chrome 66.0 for android,,mobile
YOLO | UnknownOS | android browser 4.0 | UnknownScreen,YOLO,,android browser 4.0,,mobile
HTC6535LVW | Android 7.0 | chrome 66.0 for android | 1920x1080,HTC6535LVW,Android 7.0,chrome 66.0 for android,1920x1080,mobile
SAMSUNG SM-G900M Build/LRX21T | UnknownOS | samsung browser 6.4 | UnknownScreen,SAMSUNG SM-G900M Build/LRX21T,,samsung browser 6.4,,mobile
SAMSUNG SM-G955F Build/R16NW | UnknownOS | samsung browser 6.4 | UnknownScreen,SAMSUNG SM-G955F Build/R16NW,,samsung browser 6.4,,mobile
M4 SS4458 Build/MMB29M | UnknownOS | chrome 66.0 for android | UnknownScreen,M4 SS4458 Build/MMB29M,,chrome 66.0 for android,,mobile
Moto C Build/NRD90M.063 | UnknownOS | chrome 66.0 for android | UnknownScreen,Moto C Build/NRD90M.063,,chrome 66.0 for android,,mobile
MacOS | Mac OS X 10_13_4 | safari 11.0 | 2560x1440,MacOS,Mac OS X 10_13_4,safari 11.0,2560x1440,desktop
Blade V580 Build/LMY47D | UnknownOS | chrome 66.0 for android | UnknownScreen,Blade V580 Build/LMY47D,,chrome 66.0 for android,,mobile
UnknownDevice | Android | chrome 65.0 | 2560x1440,,Android,chrome 65.0,2560x1440,mobile
SM-G935V Build/NRD90M | UnknownOS | chrome 66.0 for android | UnknownScreen,SM-G935V Build/NRD90M,,chrome 66.0 for android,,mobile
G3123 | UnknownOS | chrome 66.0 for android | UnknownScreen,G3123,,chrome 66.0 for android,,mobile
5015A Build/LMY47I | UnknownOS | chrome 55.0 for android | UnknownScreen,5015A Build/LMY47I,,chrome 55.0 for android,,mobile
Windows | UnknownOS | opera 52.0 | UnknownScreen,Windows,,opera 52.0,,desktop
HUAWEI | UnknownOS | chrome 61.0 for android | UnknownScreen,HUAWEI,,chrome 61.0 for android,,mobile
SM-G930V Build/NRD90M | UnknownOS | chrome 66.0 for android | UnknownScreen,SM-G930V Build/NRD90M,,chrome 66.0 for android,,mobile
Ilium X510 Build/MRA58K | UnknownOS | chrome 55.0 for android | UnknownScreen,Ilium X510 Build/MRA58K,,chrome 55.0 for android,,mobile
GT-N8010 | UnknownOS | chrome 65.0 for android | UnknownScreen,GT-N8010,,chrome 65.0 for android,,mobile
SM-J530GM Build/NRD90M | UnknownOS | chrome 66.0 for android | UnknownScreen,SM-J530GM Build/NRD90M,,chrome 66.0 for android,,mobile
LG-K500 Build/MMB29M | UnknownOS | chrome 66.0 for android | UnknownScreen,LG-K500 Build/MMB29M,,chrome 66.0 for android,,mobile
LGMS550 Build/NRD90U | UnknownOS | chrome 66.0 for android | UnknownScreen,LGMS550 Build/NRD90U,,chrome 66.0 for android,,mobile
SM-G610M Build/NRD90M | UnknownOS | chrome 66.0 for android | UnknownScreen,SM-G610M Build/NRD90M,,chrome 66.0 for android,,mobile
iOS Device | iOS 11.2.6 | mobile safari 11.0 | 2208x1242,iOS Device,iOS 11.2.6,mobile safari 11.0,2208x1242,mobile
Windows | Windows 8.1 | chrome 66.0 | 1280x1024,Windows,Windows 8.1,chrome 66.0,1280x1024,desktop
HUAWEI VNS-L31 Build/HUAWEIVNS-L31 | UnknownOS | chrome 66.0 for android | UnknownScreen,HUAWEI VNS-L31 Build/HUAWEIVNS-L31,,chrome 66.0 for android,,mobile
MacOS | Mac OS X 10_11_6 | chrome 66.0 | 2880x1800,MacOS,Mac OS X 10_11_6,chrome 66.0,2880x1800,desktop
MacOS | Mac OS X 10_13_4 | chrome 66.0 | 2880x1800,MacOS,Mac OS X 10_13_4,chrome 66.0,2880x1800,desktop
Lenovo | UnknownOS | chrome 66.0 for android | UnknownScreen,Lenovo,,chrome 66.0 for android,,mobile
Techpad | UnknownOS | chrome 64.0 for android | UnknownScreen,Techpad,,chrome 64.0 for android,,mobile
F3313 Build/37.0.A.2.108 | UnknownOS | chrome 65.0 for android | UnknownScreen,F3313 Build/37.0.A.2.108,,chrome 65.0 for android,,mobile
D2406 | UnknownOS | chrome 43.0 for android | UnknownScreen,D2406,,chrome 43.0 for android,,mobile
MotoE2(4G-LTE | UnknownOS | chrome 66.0 for android | UnknownScreen,MotoE2(4G-LTE,,chrome 66.0 for android,,mobile
HTC One M9 Build/NRD90M | UnknownOS | chrome 64.0 for android | UnknownScreen,HTC One M9 Build/NRD90M,,chrome 64.0 for android,,mobile
D6503 | UnknownOS | chrome 66.0 for android | UnknownScreen,D6503,,chrome 66.0 for android,,mobile
LG-K430 Build/MRA58K | UnknownOS | chrome 65.0 for android | UnknownScreen,LG-K430 Build/MRA58K,,chrome 65.0 for android,,mobile
iOS Device | iOS 11.3.1 | google search application 49.0 | 2048x1536,iOS Device,iOS 11.3.1,google search application 49.0,2048x1536,mobile
LG-H650 Build/MRA58K | UnknownOS | chrome 66.0 for android | UnknownScreen,LG-H650 Build/MRA58K,,chrome 66.0 for android,,mobile
rv:61.0 | UnknownOS | firefox mobile 61.0 | UnknownScreen,rv:61.0,,firefox mobile 61.0,,mobile
TRT-L53 Build/HUAWEITRT-L53 | UnknownOS | chrome 66.0 for android | UnknownScreen,TRT-L53 Build/HUAWEITRT-L53,,chrome 66.0 for android,,mobile
MacOS | Mac OS X 10_11_6 | chrome 66.0 | 1440x900,MacOS,Mac OS X 10_11_6,chrome 66.0,1440x900,desktop
XT1635-02 Build/NPN26.118-22-2 | UnknownOS | chrome 57.0 for android | UnknownScreen,XT1635-02 Build/NPN26.118-22-2,,chrome 57.0 for android,,mobile
iOS Device | iOS 11.1.1 | mobile safari 9.0 | 1334x750,iOS Device,iOS 11.1.1,mobile safari 9.0,1334x750,mobile
Blade A510 Build/MRA58K | UnknownOS | chrome 66.0 for android | UnknownScreen,Blade A510 Build/MRA58K,,chrome 66.0 for android,,mobile
Techpad | UnknownOS | chrome 66.0 for android | UnknownScreen,Techpad,,chrome 66.0 for android,,mobile
Linux x86_64 | UnknownOS | firefox 60.0 | UnknownScreen,Linux x86_64,,firefox 60.0,,desktop
Windows | UnknownOS | firefox 55.0 | UnknownScreen,Windows,,firefox 55.0,,desktop
Redmi Note 3 Build/MMB29M | UnknownOS | chrome 66.0 for android | UnknownScreen,Redmi Note 3 Build/MMB29M,,chrome 66.0 for android,,mobile
Moto | UnknownOS | chrome 66.0 for android | UnknownScreen,Moto,,chrome 66.0 for android,,mobile
BLU ENERGY X PLUS Build/LRX21M | UnknownOS | chrome 66.0 for android | UnknownScreen,BLU ENERGY X PLUS Build/LRX21M,,chrome 66.0 for android,,mobile
UnknownDevice | UnknownOS | firefox 47.0 | UnknownScreen,,,firefox 47.0,,desktop
TA-1027 Build/OPR1.170623.026 | UnknownOS | chrome 66.0 for android | UnknownScreen,TA-1027 Build/OPR1.170623.026,,chrome 66.0 for android,,mobile
LG-H500 Build/LRX21Y | UnknownOS | chrome 66.0 for android | UnknownScreen,LG-H500 Build/LRX21Y,,chrome 66.0 for android,,mobile
UnknownDevice | UnknownOS | opera 53.0 | UnknownScreen,,,opera 53.0,,desktop
G3313 Build/43.0.A.7.25 | UnknownOS | chrome 66.0 for android | UnknownScreen,G3313 Build/43.0.A.7.25,,chrome 66.0 for android,,mobile
FIG-LX3 Build/HUAWEIFIG-LX3 | UnknownOS | chrome 66.0 for android | UnknownScreen,FIG-LX3 Build/HUAWEIFIG-LX3,,chrome 66.0 for android,,mobile
SM-J327P Build/MMB29M | UnknownOS | chrome 66.0 for android | UnknownScreen,SM-J327P Build/MMB29M,,chrome 66.0 for android,,mobile
rv:60.0 | Mac OS X 10.11 | firefox 60.0 | 1366x768,rv:60.0,Mac OS X 10.11,firefox 60.0,1366x768,desktop
WAS-LX3 Build/HUAWEIWAS-LX3 | UnknownOS | chrome 66.0 for android | UnknownScreen,WAS-LX3 Build/HUAWEIWAS-LX3,,chrome 66.0 for android,,mobile
XT1053 Build/LPAS23.12-21.7-1 | UnknownOS | chrome 66.0 for android | UnknownScreen,XT1053 Build/LPAS23.12-21.7-1,,chrome 66.0 for android,,mobile
SAMSUNG-SM-J320A Build/MMB29K | UnknownOS | chrome 66.0 for android | UnknownScreen,SAMSUNG-SM-J320A Build/MMB29K,,chrome 66.0 for android,,mobile
Moto G (4) Build/NPJS25.93-14-18 | UnknownOS | chrome 66.0 for android | UnknownScreen,Moto G (4) Build/NPJS25.93-14-18,,chrome 66.0 for android,,mobile
D6603 Build/23.5.A.1.291 | UnknownOS | chrome 66.0 for android | UnknownScreen,D6603 Build/23.5.A.1.291,,chrome 66.0 for android,,mobile
SM-G531H Build/LMY48B | UnknownOS | chrome 54.0 for android | UnknownScreen,SM-G531H Build/LMY48B,,chrome 54.0 for android,,mobile
5015A Build/LMY47I | UnknownOS | chrome 58.0 for android | UnknownScreen,5015A Build/LMY47I,,chrome 58.0 for android,,mobile
SM-J327T1 Build/NRD90M | UnknownOS | chrome 66.0 for android | UnknownScreen,SM-J327T1 Build/NRD90M,,chrome 66.0 for android,,mobile
Hisense F20 Build/MMB29M | UnknownOS | chrome 46.0 for android | UnknownScreen,Hisense F20 Build/MMB29M,,chrome 46.0 for android,,mobile
M4 SS4457 Build/MRA58K | UnknownOS | chrome 66.0 for android | UnknownScreen,M4 SS4457 Build/MRA58K,,chrome 66.0 for android,,mobile
SAMSUNG SM-G920I Build/NRD90M | UnknownOS | samsung browser 6.4 | UnknownScreen,SAMSUNG SM-G920I Build/NRD90M,,samsung browser 6.4,,mobile
Redmi Note 3 Build/MMB29M | UnknownOS | chrome 54.0 for android | UnknownScreen,Redmi Note 3 Build/MMB29M,,chrome 54.0 for android,,mobile
iris50 | UnknownOS | chrome 66.0 for android | UnknownScreen,iris50,,chrome 66.0 for android,,mobile
Moto C Plus Build/NRD90M.05.034 | UnknownOS | chrome 66.0 for android | UnknownScreen,Moto C Plus Build/NRD90M.05.034,,chrome 66.0 for android,,mobile
LG-K530 Build/MMB29M | UnknownOS | chrome 66.0 for android | UnknownScreen,LG-K530 Build/MMB29M,,chrome 66.0 for android,,mobile
Hisense U963 Build/MRA58K | UnknownOS | chrome 66.0 for android | UnknownScreen,Hisense U963 Build/MRA58K,,chrome 66.0 for android,,mobile
HTC Desire 626s Build/LMY47O | UnknownOS | chrome 66.0 for android | UnknownScreen,HTC Desire 626s Build/LMY47O,,chrome 66.0 for android,,mobile
SM-G955U1 Build/R16NW | UnknownOS | chrome 66.0 for android | UnknownScreen,SM-G955U1 Build/R16NW,,chrome 66.0 for android,,mobile
SM-G955F Build/NRD90M | UnknownOS | chrome 58.0 for android | UnknownScreen,SM-G955F Build/NRD90M,,chrome 58.0 for android,,mobile
WAS-LX1A Build/HUAWEIWAS-LX1A | UnknownOS | chrome 66.0 for android | UnknownScreen,WAS-LX1A Build/HUAWEIWAS-LX1A,,chrome 66.0 for android,,mobile
Windows | Windows 10 | firefox 60.0 | 1600x900,Windows,Windows 10,firefox 60.0,1600x900,desktop
Lenovo YT3-850F Build/MMB29M | UnknownOS | chrome 54.0 for android | UnknownScreen,Lenovo YT3-850F Build/MMB29M,,chrome 54.0 for android,,mobile
LG-D680 Build/KOT49I | UnknownOS | chrome 66.0 for android | UnknownScreen,LG-D680 Build/KOT49I,,chrome 66.0 for android,,mobile
Windows | Windows 7 | chrome 67.0 | 1680x945,Windows,Windows 7,chrome 67.0,1680x945,desktop
Ilium Pad T7X Build/LMY47I | UnknownOS | chrome 66.0 for android | UnknownScreen,Ilium Pad T7X Build/LMY47I,,chrome 66.0 for android,,mobile
SM-A320Y Build/NRD90M | UnknownOS | chrome 66.0 for android | UnknownScreen,SM-A320Y Build/NRD90M,,chrome 66.0 for android,,mobile
Windows | UnknownOS | chrome 67.0 | UnknownScreen,Windows,,chrome 67.0,,desktop
Z835 Build/NMF26V | Android 7.1.1 | chrome 56.0 for android | 855x480,Z835 Build/NMF26V,Android 7.1.1,chrome 56.0 for android,855x480,mobile
LG-M700 Build/NMF26X | UnknownOS | android webview 4.0 | UnknownScreen,LG-M700 Build/NMF26X,,android webview 4.0,,mobile
Windows | Windows 8.1 | chrome 66.0 | 1366x768,Windows,Windows 8.1,chrome 66.0,1366x768,desktop
SM-G610M Build/MMB29K | UnknownOS | chrome 56.0 for android | UnknownScreen,SM-G610M Build/MMB29K,,chrome 56.0 for android,,mobile
F5121 Build/34.3.A.0.252 | UnknownOS | chrome 66.0 for android | UnknownScreen,F5121 Build/34.3.A.0.252,,chrome 66.0 for android,,mobile
MacOS | Mac OS X 10_11_6 | chrome 66.0 | 1920x1080,MacOS,Mac OS X 10_11_6,chrome 66.0,1920x1080,desktop
G630-U251 | UnknownOS | chrome | UnknownScreen,G630-U251,,chrome,,mobile
MacOS | Mac OS X 10_9_5 | safari 9.0 | 1920x1080,MacOS,Mac OS X 10_9_5,safari 9.0,1920x1080,desktop
Windows | Windows 10 | edge 17.0 | 1680x1050,Windows,Windows 10,edge 17.0,1680x1050,desktop
UnknownDevice | UnknownOS | chrome 67.0 | UnknownScreen,,,chrome 67.0,,desktop
SM-G960U Build/R16NW | Android 8.0.0 | chrome 66.0 for android | 2960x1440,SM-G960U Build/R16NW,Android 8.0.0,chrome 66.0 for android,2960x1440,mobile
LDN-LX3 Build/HUAWEILDN-LX3 | UnknownOS | chrome 66.0 for android | UnknownScreen,LDN-LX3 Build/HUAWEILDN-LX3,,chrome 66.0 for android,,mobile
SM-G610F Build/NRD90M | UnknownOS | chrome 66.0 for android | UnknownScreen,SM-G610F Build/NRD90M,,chrome 66.0 for android,,mobile
Windows | Windows 10 | firefox 60.0 | 1366x768,Windows,Windows 10,firefox 60.0,1366x768,desktop
Z955A | UnknownOS | chrome 66.0 for android | UnknownScreen,Z955A,,chrome 66.0 for android,,mobile
Moto G (5) Plus Build/NPN25.137-92 | UnknownOS | android webview 4.0 | UnknownScreen,Moto G (5) Plus Build/NPN25.137-92,,android webview 4.0,,mobile
UnknownDevice | Linux | chrome 66.0 | 1280x720,,Linux,chrome 66.0,1280x720,desktop
SM-J700T Build/NMF26X | UnknownOS | chrome 66.0 for android | UnknownScreen,SM-J700T Build/NMF26X,,chrome 66.0 for android,,mobile
RCT6513W87 Build/MRA58K | UnknownOS | chrome 66.0 for android | UnknownScreen,RCT6513W87 Build/MRA58K,,chrome 66.0 for android,,mobile
iOS Device | iOS 11.2.6 | mobile safari 11.0 | 1334x750,iOS Device,iOS 11.2.6,mobile safari 11.0,1334x750,mobile
SM-G950F Build/R16NW | UnknownOS | chrome 67.0 for android | UnknownScreen,SM-G950F Build/R16NW,,chrome 67.0 for android,,mobile
SM-G935F Build/NRD90M | Android 7.0 | chrome 62.0 for android | 1920x1080,SM-G935F Build/NRD90M,Android 7.0,chrome 62.0 for android,1920x1080,mobile
